,BC5CDR_Terms,BC5CDR_Count,Search_Term,Content_Classification,duration_seconds,duration_seconds,comment_count,video_title,video_description,detected_language,is_live_broadcast,is_archived_live,live_actual_start_time,live_actual_end_time
Mm1-NuVu6B0,[],0,Flores de Bach,"Irrelevante
",148,148,0,I Fiori di Bach GUNA,Interviste a cura di Luca Yuri Toselli - Tessera O.d.G. n° 115320,it,False,False,,
B6hDUf7zzO8,[],0,Flores de Bach,"Pseudocientífico
",212,212,162,How to Use Bach Flower Remedies,"How to use Healing Herbs Bach Flower Remedies to heal physical and emotional symptoms. Bach Flower expert Julian Barnard talks about prescribing using Bach's Twelve Healers, Seven Helpers and Second Nineteen, how make a dosage bottle, how to choose a remedy and use combination remedies and five flower cream.

For more information about Bach Flower Remedies and their uses visit: http://www.healingherbs.co.uk",en,False,False,,
vCeU7_YiF-g,[],0,Flores de Bach,"Pseudocientífico
",203,203,3,Las flores de Bach - ¿Cómo se hacen y para qué sirven?,"José Salmerón, uno de los expertos en Flores de Bach con mayor reputación en España, explica qué son las Flores de Bach, unas flores terapéuticas elaboradas de forma artesanal en el Centro Edward Bach de Madrid.

Son fundamentales para realizar tratamientos florales, y gracias a ellas tu salud mejorará.

Suscríbete al canal de Centro Edward Bach:
http://www.youtube.com/c/JoseSalmeronPascualfloresdebach

Comprar flores de bach
http://www.esenciasdebach.com

Visita nuestras webs:
http://www.centroedwardbach.com

Síguenos en Facebook:
https://www.facebook.com/Esenciasdebachcom/

Síguenos en Twitter:
https://twitter.com/esenciasdebach",es,False,False,,
ngoj3IEZR7M,[],0,Flores de Bach,"Pseudocientífico
",125,125,23,Bach Rescue Remedy Review with Kim at LuckyVitamin : Lucky Picks,"Kim's Lucky Pick for you is Bach Rescue Remedy.

Find it here: http://luckyv.it/2gkto2h

Bach Original Flower Remedies Rescue Remedy helps produce positive, calming, stabilizing effects in a wide range of stressful situations. In the early 1930s the noted British physician Dr. Edward Bach discovered that patient stress, if left unresolved, inevitably leads to physical disorder. Determined to avoid the use of harmful medications, Bach searched for and found a safe, gently, and effective way to relieve stress.

About The Series:
Check out our staff review their favorite items here from LuckyVitamin. We love them, and we hope you love them too!

About LuckyVitamin:
For those leading active, healthful lives, LuckyVitamin is the inspirational and supportive source for products and knowledge dedicated to helping everyone on their journey towards happy wellness. Visit http://luckyv.it/29kevwh  (LuckyVitamin.com) to learn about healthy living and shop thousands of health and wellness products at great prices.",en,False,False,,
ETIuzE9Puq8,[],0,Flores de Bach,"Pseudocientífico
",147,147,0,FLORES DE BACH Artesanales. www.esenciasdebach.com,"http://www.centroedwardbach.com
Información sobre nuestro kit de 38 flores de bach y dos remedios de rescate.",es,False,False,,
RZev2DZ5ODE,"['attention deficit hyperactivity disorder', 'pain']",2,Flores de Bach,"Científico
",789,789,508,FLORAIS DE BACH são mesmo o que dizem?,"00:00 - Introdução 
00:40 - Pra que servem os florais de Bach?
01:03 - O que são florais de Bach?
03:52 - Como Bach inventou os florais?
05:18 - Florais de Bach são fitoterápicos? 
06:29 - Quais as evidências cientificas dos florais de Bach?
09:12 - Resumo: florais de Bach são eficazes?
09:53 - Florais de Bach fazem parte da indústria?
11:07 - Procure ajuda
#florais #floraisdebach #essenciasflorais

Roteiro base: Lucas Rosa
Roteiro final: Laura Marise
Produção: Laura Marise
Edição: Laís Maurelli
Design da miniatura: Andre Charneski

Acompanhe o NV1C nas redes:
instagram.com/nuncavi1cientista
tiktok.com/@nuncavi1cientista
twitter.com/_NV1C

Livro Super-Heróis da Ciência:
https://amzn.to/3qZRtxm

Apoie este canal!
programa de membros: 
https://bit.ly/3zwlny9
chave Pix:
nuncavi1cientista@gmail.com 

Quer mandar coisinhas pra gente?
Caixa postal: 77785
CEP: 05593-970

Referências:
Uso dos florais: https://bit.ly/3Tbyt10
Preparo da Tintura-mãe: https://bit.ly/41oN4s1 
Revisões sistemáticas
- Ernst E. ""Flower remedies"": a systematic review of the clinical evidence. Wien Klin Wochenschr. 2002 Dec 30;114(23-24):963-6. 
- Thaler K, et al. Bach Flower Remedies for psychological problems and pain: a systematic review. BMC Complement Altern Med. 2009 May 26;9:16. doi: 10.1186/1472-6882-9-16. 
- Ernst E. Bach flower remedies: a systematic review of randomised clinical trials. Swiss Med Wkly. 2010 Aug 24;140:w13079. doi: 10.4414/smw.2010.13079. 
- De Oliveira, FN, et al. Use of Bach flower remedies in children and adolescents with attention deficit hyperactivity disorder: Systematic review and meta-analysis. Adv Int Med, 2023. doi: 10.1016/j.aimed.2023.07.001
Valor de mercado: https://bit.ly/46JNqub 


Este canal faz parte do Science Vlogs Brasil, um selo de qualidade colaborativo que reúne divulgadores de
ciência confiáveis do Youtube Brasil. Conheça todos os canais #SVBR em youtube.com/sciencevlogsbrasil
#svbroficial
#sciencevlogsbrasil
#sciencevlogs

Investigations e Hackbeat de Kevin MacLeod é licenciada de acordo com a licença Atribuição 4.0 da Creative Commons. https://creativecommons.org/licenses/by/4.0/
Fonte: http://incompetech.com/music/royalty-free/index.html?isrc=USUAN1100646
Fonte: http://incompetech.com/music/royalty-free/index.html?isrc=USUAN1100805
Artista: http://incompetech.com/",pt,False,False,,
HuBRFPuWfsI,['Televisión'],1,Flores de Bach,"Pseudocientífico
",56,56,2,Terapia con Flores de Bach - Reportaje en Televisión Española (TVE),"Entrevista en Televisión Española al director del Centro Edward Bach (http://www.centroedwardbach.com) José Salmerón y a Laura Ferrié, terapeuta del centro especializada en la elaboración de las flores de bach y su aplicación como flores terapéuticas y elaboradas de forma totalmente artesanal por el Centro Edward Bach.

Suscríbete al canal de Centro Edward Bach:
http://www.youtube.com/c/JoseSalmeronPascualfloresdebach

Comprar flores de bach
http://www.esenciasdebach.com

Visita nuestras webs:
http://www.centroedwardbach.com

Síguenos en Facebook:
https://www.facebook.com/Esenciasdebachcom/

Síguenos en Twitter:
https://twitter.com/esenciasdebach",es,False,False,,
hVeHDeH8ZRM,[],0,Flores de Bach,"Pseudocientífico
",340,340,21,Posologie fleurs de Bach,"Comment préparer vous-même votre mélange de fleurs de Bach à partir des flacons unitaires.
https://youtu.be/hVeHDeH8ZRM
Plus d'informations : www.meditenfleurs.com",fr,False,False,,
u9bnBFegTpI,['Mudras'],1,Flores de Bach,"Pseudocientífico
",601,601,86,Bach Flower Remedies | Mudras and Mantras for Study Concentration | Reeya's Spiritual Remedies,"Bach Flower Remedies | Mudras and Mantras for Study Concentration | Reeya's Spiritual Remedies

#bachflowerremedy #concentration #reeyasspiritualremedies

!----------------------------------------!

Our Website: https://www.reeyasspiritualremedies.co.in/

!----------------------------------------!

Our Popular Videos:

➮ https://www.youtube.com/watch?v=_ObN4R4v5gA

➮ https://www.youtube.com/watch?v=5zrbXxj6pOI

➮ https://www.youtube.com/watch?v=Gseyj54tKWQ

!----------------------------------------!

Connect with us:

➮ Call us/Whatsapp: +91 8756920043

➮ Email: reeya2007@gmail.com

➮ Facebook: https://www.facebook.com/reeeyasspiritualremedies/

➮ Instagram: https://www.instagram.com/reeyasspiritualremedies/

!----------------------------------------!

Don’t forget to Subscribe our Channel:
https://www.youtube.com/c/ReeyaSingharakarafashions/featured

THANKS FOR WATCHING 😊",en,False,False,,
idFt7iCgv3w,"['fatigue', 'apathy', 'hypersensitivity']",3,Flores de Bach,"Pseudocientífico
",771,771,0,¿Cómo saber qué Flores de Bach necesito?,"¿Cómo saber qué Flores de Bach necesito? Ma. Carmen Gallego, especialista en Flores de Bach, nos explica cómo debemos elegir la flor adecuada para cada uno, dependiendo de la situación emocional en la que nos encontremos. 

A lo largo de los años pasamos por distintas etapas, en las que nuestra situación emocional cambia dependiendo de varios factores, entre ellos, el ambiente en el que estamos inmersos. Elegir la flor adecuada a nuestro estado de ánimo nos ayudará a hacer frente y gestionar esas emociones de la mejor manera. 

Si nos encontramos en una etapa de incertidumbre, deberemos identificar si esa incertidumbre aparece cuando necesitamos la aprobación de los demás y damos menos valor a nuestra propia opinión. En ese caso, podremos recurrir a la ayuda de la Flor de Bach Cerato, que nos ayudará a gestionar esas emociones. 

Si debo elegir entre dos opciones y estamos indecisos, aparecen emociones que debo manejar a la hora de dar un cambio. La Flor de Bach Wild Oat puede ser la que nos ayude a gestionarlas y abordarlas de la mejor manera. 

Emociones asociadas a la falta de interés. Si esa pérdida de interés tiene relación con el sentido de la vida, el interés hacia ella o si lo que me rodea no me llena o no me satisface, deberemos entender e identificar si estamos tratando de evadirnos a un mundo de ensoñación y fantasía en la que llegamos a perder la concentración ya que no tenemos interés en lo  que nos rodea. Para esas emociones que aparecen cuando pierdo la concentración, porque pierdo este interés en mi entorno, en el aquí en el ahora, y me refugio en mi mundo de ensoñación, podemos obtener la ayuda de la Flor de Bach Clematis que nos ayudará a gestionar mejor esos estados. 

En otro caso parecido, puede que no tenga interés en el aquí y ahora, porque vivo en el pasado. Nos podemos ver anclados en el pasado, rememorando lo que vivimos y pensando en que ya nada volverá a ser como antes. Si nos cuesta gestionar esas emociones que nos impiden vivir porque estamos atrapados en aquello que fue, la Flor de Bach Honeysuckle es una flor que nos puede ayudar a gestionarlo.

Para gestionar esas emociones derivadas de la apatía, podemos recurrir a la ayuda de la Flor de Bach Wild Rose, que nos permitirá encontrar ese impulso para interesarnos por aquello que nos rodea. 

Hay veces que podemos llegar a perder el interés por simple cansancio. En ese caso, el agotamiento no permite gestionar esas emociones. Olive es la Flor de Bach que nos ayudará a gestionarlo de la mejor manera. 

En cuanto a las emociones que se asocian a la sensibilidad o hipersensibilidad, sentirse hipersensible puede provocar un sentimiento de vulnerabilidad. La flor de Walnut nos puede ayudar a gestionar esas emociones en las que, por hipersensibilidad, me dejo llevar o condicionar por los demás.

La flor de Bach Centaury nos ayudará a gestionar las emociones que proceden de los límites. Esas emociones que nos aparecen cuando no sabemos manejar el exceso de complacencia y acabamos cediendo a lo que quieren los demás. 

Si estamos viviendo una etapa de tristeza, dada porque he tenido una situación dolorosa o porque estoy sufriendo, tenemos la Flor de Bach Estrella de Belén. Nos ayudará a gestionar mejor esas situaciones dolorosas o situaciones que nos han impactado. 

Tenemos la suerte de contar con 38 Flores de Bach distintas, que nos permitirán abordar 38 estados emocionales. Siempre insistimos en que es muy importante saber identificar la emoción que estamos viviendo para elegir la flor adecuada. 

Os invitamos a probarlas, las Flores de Bach te ayudarán a conseguir gestionar de la mejor manera esas emociones del día a día, logrando una vida más plena y armoniosa.

Para más información, visita el sitio web oficial: 
https://www.bachoriginal.com/es-es/

#floresdebach #gestionemociones #bienestaremocional #gestionemocional",es,False,False,,
jSau7wZF5is,[],0,Flores de Bach,"Pseudocientífico
",1061,1061,21,Conozca los beneficios de las flores de bach,Conozca los beneficios de las flores de bach,es,False,False,,
KZ-10HHcAXg,"['anxiety', 'Agrimony, agrimonia euphoria', 'inconsolable', 'alcohol']",4,Flores de Bach,"Pseudocientífico
",709,709,4,Flores de Bach: Agrimony - Agrimonia | Flores de Bach Center,"Si quieres ampliar información y descubrir en profundidad para qué sirve esta flor de Bach, ve a http://floresdebach.center/agrimomy/

Si no crees que esta sea tu flor de Bach, puedes ver el resto de los vídeos del canal o pasarte por nuestra web (http://floresdebach.center), donde encontrarás todo tipo de remedios o podrás hacer una consulta privada con un terapeuta floral.

Flores de Bach: Agrimony.
Si ocultas tu tortura mental tras una máscara de amabilidad y alegría.

Agrimony, agrimonia euphoria, agrimonia, pertenece al grupo 5, para la susceptibilidad a las influencias y opiniones de los demás.
 
En estado negativo: Esconde al exterior tras una máscara todo lo que le perturba.

En estado positivo: Vive una aceptación y verdadera apertura a los demás.

Esta flor crece en campos alcanzando de 30 a 60 cm de altura. Florece en verano entre julio y agosto. Tiene pequeñas flores amarillas que se disponen en formas cónicas.

Preguntas de la flor de Bach Agrimony: 

-¿Crees que nadie debe conocer lo que te pasa por dentro?. 
-¿No muestras tus miedos y sufrimientos?.
-¿Sientes presión en el pecho?. 
-¿Muestras siempre que estás alegre sin preocupaciones aunque te encuentres triste y sin consuelo?. 

Síntomas claves de la flor de Bach Agrimony: 

Tratan de ocultar su desasosiego interior y las ideas que les torturan tras una máscara de alegría y despreocupación. La ansiedad y el tormento lo ocultan tras una fachada llena de entusiasmo y amabilidad. 

Síntomas generales de la flor de Bach Agrimony: 

- Cuando las desavenencias y los problemas nos provocan un conflicto anímico y aún así, nos agrada siempre vivir en paz y tener un buen clima a nuestro alrededor. 
- Cuando constantemente hay que hacer sacrificios para mantener la paz interior y exterior del alma evitando confrontaciones. 
- Cuando siempre queremos que todo esté en paz. 
- Cuando lo más importante para nosotros es dar una buena impresión. 
- Cuando ocultamos nuestros desasosiego y preocupaciones tras una máscara de amabilidad y jovialidad. 
- Cuando nuestro lema es sonreír siempre. 
- Cuando no queremos estar solos, con nuestros pensamientos, y buscamos cualquier distracción para no enfrentarnos a ellos. 
- Cuando restamos importancia a los problemas, no hablando de ellos y ni siquiera admitiéndolos cuando nos preguntan. 
- Cuando no mostramos muy sociales para buscar compañía y evitar nuestros conflictos interiores. 
- Cuando somos siempre el mejor amigo, el que aporta paz, el bufón, el que crea el buen ambiente en todas las reuniones. 
- Cuando necesitamos recurrir al alcohol o a otras drogas para poder disfrutar de la vida y olvidar nuestros problemas y pensamientos. 
- Cuando recurrimos a la comida para no pensar en nuestro conflictos internos.
- Cuando necesitamos estar siempre en movimiento para no pensar. 
- Cuando somos incapaces de perseverar en propósitos cómo adelgazar, fumar...
- Cuando somos niños o adolescentes.

Si quieres acceder a un contenido concreto del vídeo:
- 0:55 Preguntas de la flor de Bach Agrimony.
- 1:12 Principio de la flor de Bach Agrimony.
- 5:33 Síntomas claves de la flor de Bach Agrimony.
- 5:49 Síntomas generales de la flor de Bach Agrimony.
- 7:33 Estado positivo de la flor de Bach Agrimony.
- 8:11 ¿Qué puedo hacer si mi estado es Agrimony?
- 9:19 Frases de programación positiva para Agrimony.
- 10:21 Resumen: flor de Bach Agrimony.",es,False,False,,
ZMKzf8RkOR4,['Bipolar depression'],1,Flores de Bach,"Pseudocientífico
",2347,2347,31,Help Talk : Bach Flower Therapy  by   Ms. Sharmee Divan,"This video is a talk by   Ms. Sharmee Divan on 22nd  October,, 2018. Topic "" Bach Flower Therapy '' This is part of the  HELP Talk series at HELP, Health Education Library for People, the world's largest free patient education library.     

Speaker Website link: http://healthlibrary.com/helptalks.php?action=view&event_id=3735

Website:  www.healthlibrary.com

Watch our last Video: https://www.youtube.com/watch?v=u7zV-CqTlHQ

Youtube:  http://bit.ly/2qiq5fl
Thanks for watching!!
PLEASE LIKE & SUBSCRIBE: http://bit.ly/2qiq5flSE",en,False,False,,
TseBUAxPjVs,"['faintness', 'shock', 'hysteria', 'agitation', 'panic']",5,Flores de Bach,"Pseudocientífico
",377,377,25,Bach Remedies - Rescue Remedy,"There are 38 Bach Remedies and also Bach Rescue Remedy,which is probably the best known.  It is a mix of 5 of the Bach remedies made to deal with the immediate effects of sudden crisis or emergencies: 

The 5 remedies used in Rescue Remedy are:
 

Star of Bethlehem for shock

Rock rose for terror and panic

Clematis for faintness

Impatiens for undue agitation

Cherry plum for loss of self control and hysteria.



The way to take it is:

 

4 drops in glass of water and sip at intervals, straight on to tongue from the bottle.  (without touching the pipette) .   You can buy little mixing bottles (available on ebay/amazon).   I have been buying the little spray bottles as demonstrated.  I buy them from ebay called  Perfume Aftershave Atomizer Atomiser Bottle 15ml Pump Travel Refillable Spray and they work really well and handy to keep in your bag or pocket.



Rescue Remedy is like a first aid kit, but it's not a cure all.

 

When someone needs emergency remedy on a long term basis for the purpose of making up a treatment bottle you use 4 drops of rescue.

 

It may be given if someone is unconscious and unable to swallow (a family member) .  You can put it on the pulse points, or lips. Completely safe be used for babies.  4 drops in the baby's bottle - or the mum can take the 4 drops and the RR will come through on the second feed.  It a can also be dropped onto the babies soft spot on the head - 4 drops.

Animals can benefit from Rescue Remedy - drop onto the paws of cats or dogs - or put into the food - they may not like it in their water.  A good standby for firework night.  

If someone is needing regular rescue remedy, I would suggest they need more than rescue remedy - worrying over a loved one for example needs an addition or Red Chestnut.  In another video I will show you how to make up your own prescription for over-worrying about a family member or friend, and other times when you might need more than Rescue Remedy, for example, loss of a loved one.

I hope you learned something here and that it was useful for you.",en,False,False,,
utJt60DFmQg,[],0,Flores de Bach,"Pseudocientífico
",61,61,4,Flores de Bach: La Cancion de los Arboles del Campo,Nueva e increible versión de la canción de los árboles del campo con sorpresa final,es,False,False,,
q93LD-ysov4,"['death', 'anxiety']",2,Flores de Bach,"Pseudocientífico
",581,581,4,Flores de Bach: Aspen - Álamo temblón | Flores de Bach Center,"Si quieres ampliar información y descubrir en profundidad para qué sirve esta flor de Bach, ve a http://floresdebach.center/aspen/

Si no crees que esta sea tu flor, puedes ver el resto de los vídeos del canal o pasarte por nuestra web (http://floresdebach.center), donde encontrarás todo tipo de remedios o podrás hacer una consulta privada con un terapeuta floral.

Flores de Bach: Aspen.
Si tienes miedo o ansiedad de origen desconocido.

Aspen, álamo temblón, populus tremula, pertenece al grupo 1, para los temores, para el miedo.
En estado negativo: Cuando se tiene miedo sin causa conocida.
En estado positivo: Seguridad, tranquilidad y comprensión de los planos espirituales más elevados.
Esta flor es un árbol esbelto, con una altura máxima de 24 metros, es originario de Inglaterra. Los brotes aparecen en marzo o abril previamente a que salgan las hojas.

Preguntas flor de Bach Aspen: 

-¿Tienes la intuición de que alguna desgracia le amenaza?. 
-¿Te interesan los temas ocultos?. 
-¿Eres supersticioso?. 
-¿Tienes a menudo pesadillas?. 
-¿Por la noche tienes miedo a la muerte?. 
-¿Te has despertado en medio de la noche agobiado y con el corazón latiendo fuertemente?. 
-¿Presagias cosas negativas?. 

Síntomas claves de la flor de Bach Aspen: 

Temores inexplicables, presentimientos, miedo a que venga alguna desgracia. 

Síntomas generales de la flor de Bach Aspen: 

-Cuando tenemos, sin motivo alguno, miedo. 
-Cuando se desbocan nuestras fantasías. 
-Cuando estamos solos o acompañados y aparecen repentinos estados de angustia. 
-Cuando sentimos sensación de incomodidad en algún lugar y sentimos que estuviese embrujado. 
-Cuando nos fascinan las ciencias ocultas. 
-Cuando somos supersticiosos. 
-Cuando nos despertamos aterrorizados tras una pesadilla y nos resistimos a conciliar el sueño. 
-Cuando sentimos miedo hacia temas religiosos o a la muerte. 
-Cuando sentimos miedo al miedo y no nos animamos a comentarlo. 
-Cuando sentimos temores que hay en el ambiente, como a la violencia, a las violaciones, malos tratos, fantasmas... 
-Cuando de repente la energía de un ambiente no resulta insoportable. 
-Cuando tenemos miedo a la oscuridad. 
-Cuando los niños tienen miedo a quedarse solos o a dormir a oscuras.
-Cuando presagiamos hechos negativos que van a ocurrir.
-Cuando sentimos miedo y no somos capaces de concretar a qué.

Si quieres acceder a un contenido concreto del vídeo:
- 0:50 Preguntas de la flor de Bach Aspen.
- 1:13 Principio de la flor de Bach Aspen.
- 4:58 Síntomas claves de la flor de Bach Aspen.
- 5:06 Síntomas generales de la flor de Bach Aspen.
- 6:19 Estado positivo de la flor de Bach Aspen.
- 7:00 ¿Qué puedo hacer si mi estado es Aspen?
- 7:37 Frases de programación positiva para Aspen
- 8:22 Resumen: flor de Bach Aspen.",es,False,False,,
UrllTQmb0-M,[],0,Flores de Bach,"Pseudocientífico
",261,261,0,Florais De Bach - As Mais Belas Imagens e Síntese,"Florais De Bach - As Mais Belas Imagens e Síntese

As mais belas fotos das flores do sistema Bach, com uyma breve síntese sobre cada essência.

Henrique Vieira Filho - CRT 21001 - Terapeuta Holístico

Comunidade de Estudos Avançados Em Terapia Holística",pt,False,False,,
NrdiBOkNKrs,"['anemia', 'depression', 'pain', 'lumbago', 'Anemia', 'cystitis', 'constipation', 'Depression']",8,Flores de Bach,"Pseudocientífico
",66,66,0,FLORES DE BACH - Mostaza ( MUSTARD ),"http://www.centroedwardbach.com
Información sobre las flores de bach.
Flor de Bach: Mustard (Mostaza)
- Saca de la negrura de la depresión profunda y súbita, permite recuperar la alegría. 
- Depresión sin razón aparente. 
- Anemia, cistitis, estreñimiento, lumbago, dolor de espalda. 

Más información en:
http://www.esenciasdebach.com",es,False,False,,
h5CuhXY2Nc0,"['torture', 'sadness', 'alcohol']",3,Flores de Bach,"Pseudocientífico
",,,,,,,False,False,,
yHCTx-SGVro,"['anger', 'hysteria', 'garnet', 'violent', 'fits', 'bomb', 'hallucinations', 'outbursts']",8,Flores de Bach,"Pseudocientífico
",490,490,3,Flores de Bach: Cherry Plum - Cerasifera | Flores de Bach Center,"Si quieres ampliar información y descubrir en profundidad para qué sirve esta flor de Bach, ve a http://floresdebach.center/cherry-plum/

Si no crees que esta sea tu flor, puedes ver el resto de los vídeos del canal o pasarte por nuestra web (http://floresdebach.center), donde encontrarás todo tipo de remedios o podrás hacer una consulta privada con un terapeuta floral.

Flores de Bach: Cherry Plum.
Si tienes miedo a perder el control, a la histeria.

Cherry plum, prunus cerasifera, Cersifera
Pertenece al grupo 1, para los temores, para el miedo.
En estado negativo, cuando se tiene miedo a perder el control.
En estado positivo, valor, fuerza, espontaneidad.
Esta flor es un árbol que alcanza los 3 o 4 metros de altura, sus ramas y hojas son de color granate oscuro, sus flores blancas se abren entre febrero y abril antes de que brote el follaje.

Preguntas para la flor de Bach Cherry Plum:

-¿Explotas habitualmente?. 
-¿Tienes reacciones que te asombran y asombran a los demás?. 
-¿Te sientes como una bomba que va a estallar?. 
-¿Luchas constantemente por no perder el control?. 
-¿Sientes que vas a perder la razón?. 
-¿Tienes miedo de hacer algo malo?. 
-¿Tienes miedo de hacer algo violento?.

Síntomas claves de la flor de Bach Cherry Plum: 

Miedo a ceder interiormente, a que falle la mente, a perder la razón, a tener arrebatos violentos e incontrolables.

Síntomas generales de la flor de Bach Cherry Plum: 

-Cuando nos sentimos al extremo psíquicamente y sentimos que no podemos avanzar. 
-Cuando luchamos por nuestro autodominio. 
-Cuando nos desesperamos y llegamos al borde del colapso nervioso. 
-Cuando nos asusta cometer algo terrible contra nuestra voluntad. 
-Cuando normalmente no somos violentos, pero afloran impulsos violentos y pensamos que podemos hacer algo que nunca haríamos. 
-Cuando tememos a las fuerzas mentales de nuestro interior. 
-Cuando tememos enloquecer. 
-Cuando tenemos la sensación de estar sentado sobre una bomba de relojería. 
-Cuando jugamos con la idea del suicidio. 
-Cuando tenemos ideas fijas o alucinaciones. 
-Cuando tenemos extrema tensión y en ocasiones nos ponemos violentos. 
-Cuando sufrimos repentinos e incontrolables accesos de ira. 
-El niño cuando se enfada y se arroja al suelo, se golpea…

Estado positivo de la flor de Bach Cherry Plum:

-Valor, fuerza y espontaneidad. 
-La persona se sumerge en su subconsciente más profundo y consigue integrar en su vida real las experiencias y conocimientos adquiridos. 
-Se conecta con un activa y fuerte fuente energética mental. 
-Soporta las mayores torturas sin que su alma sufra daños. 
-Adquiere grandes conocimientos, reconoce su verdadero cometido en la vida y es capaz de realizar grandes avances evolutivos.
-Paz mental. 
-Integración de los sentimientos en su vida. 
-Equilibrio entre los deseos y el control. 
-Liberación interior.",es,False,False,,
yHHTMrbn5Kg,"['bother', 'mistakes']",2,Flores de Bach,"Pseudocientífico
",537,537,3,Flores de Bach: Beech - Haya | Flores de Bach Center,"Si quieres ampliar información y descubrir en profundidad para qué sirve esta flor de Bach, ve a http://floresdebach.center/beech/

Si no crees que esta sea tu flor, puedes ver el resto de los vídeos del canal o pasarte por nuestra web (http://floresdebach.center), donde encontrarás todo tipo de remedios o podrás hacer una consulta privada con un terapeuta floral.

Flores de Bach: Beech

Si te muestras intolerante, crítico o arrogante.

Beech, Fagus sylvatica, Haya.
Pertenece al grupo 7, para aquellos que sufren por los demás.
Estado negativo, cuando somos arrogantes, críticos o intolerantes.
Estado positivo, acepta los propios defectos y debilidades y las de los demás.
Esta flor es un bonito árbol que llega a alcanzar los 30 metros de altura, lo llamaba la madre del bosque. Florece entre abril y mayo al mismo tiempo que brotan sus hojas.

Preguntas de la flor de Bach Beech:

-¿Te molesta cualquier cosa?.
-¿Te fastidian los ruidos?. 
-¿Te preocupan constantemente los defectos de otras personas?. 
-¿No te gusta cómo se comporta el resto de la gente?. 
-¿Ves que determinadas cosas se tendrían que haber hecho mejor?. 
-¿Te molestan las imperfecciones?. 
-¿No soportas los errores?. 
-¿Sientes que los demás se apartan por ser excesivamente crítico?.

Síntomas claves de la flor de Bach Beech:

Carencia de intuición, critica, arrogancia, intolerancia.

Síntomas generales de la flor de Bach Beech:

-Cuando reparamos rápidamente en los errores de los demás. 
-Cuando no comprendemos y carecemos de empatía con los déficits de los demás. 
-Cuando nos comportamos como un juez condenando las faltas de las personas que nos rodean. 
-Cuando bloqueamos nuestros propios sentimientos y no logramos acercarnos afectivamente a los demás. 
-Cuando somos capaces de ver la estupidez en otras personas y nos fastidia. 
-Cuando no vemos lo positivo de las situaciones o las cosas positivas que pueden salir de ellas y solo nos percatamos de lo malo de las mismas. 
-Cuando ante determinadas situaciones reaccionamos de forma mezquina, pedante, y somos imprevisibles. 
-Cuando nos molestan muletillas y pequeñas repeticiones que hacen otras personas al hablar. 
-Cuando sentimos que nuestro carácter se ha endurecido. 
-Cuando interiormente notamos una gran tensión. 
-Cuando nos aislamos de los demás porque nos molestan sus pequeños defectos y tenemos una postura crítica exagerada.
-Cuando somos los más críticos de nuestro entorno y vemos los errores de los demás pero no los nuestros.
-Cuando corregimos constantemente a los demás.

Estado positivo para la flor de Bach Beech

-Habilidad intelectual, comprensión de los distintos tipos de conducta humana y fases de desarrollo individual. 
-Gran capacidad de diagnóstico. 
-Actitud tolerante. 
-Jovial y agradable. 
-Generosidad para con los demás. 
-Habilidad para descubrir las cualidades positivas de otras personas. 
-Capacidad de percibir habilidades de otras personas. 
-Aceptación de sus propios defectos y debilidades.",es,False,False,,
LIvPyTLzHRQ,[],0,Flores de Bach,"Pseudocientífico
",144,144,0,38 remédios florais de bach, ,pt,False,False,,
cAVQcmXzKlE,"['traumas', 'pain', 'shock', 'trauma', 'pains']",5,Flores de Bach,"Pseudocientífico
",584,584,3,Guarire dai TRAUMI con Star of Bethlehem: scopri il potere dei Fiori di Bach,"Star of Bethlehem: immergiamoci nel profondo significato e potere terapeutico del fiore ""Stella di Betlemme"". 

Questo fiore è riconosciuto per le sue proprietà guaritrici nei traumi, sia essi emotivi, mentali, fisici o spirituali.

La natura dei traumi deriva dalla resistenza. Immagina un telo: quando viviamo un trauma, il telo si rompe, e ciò che genera il trauma è la resistenza del telo stesso. Questa resistenza può essere vista come la nostra struttura fisica e mentale che tende a solidificarsi. 

Il Star of Bethlehem opera come un aggregatore, unendo ciò che è stato separato e svolgendo una funzione di guarigione profonda.

Questo fiore è così potente che è una componente chiave del ""Rescue Remedy"", una formula di emergenza dei Fiori di Bach. Il suo ruolo? Aiutare chi ha subito traumi, siano essi visibili o nascosti nelle profondità dell'anima. Che si tratti di uno shock fisico, la perdita di una persona cara, l'effetto di maltrattamenti, abusi o delusioni profonde, il Star of Bethlehem offre sollievo e aiuto.

Senza dimenticare che, nonostante il tempo possa lenire il dolore, non è sempre sufficiente da solo.

La sofferenza e il trauma possono rimanere ancorati, e quindi, attraverso la floriterapia e altri metodi, possiamo imparare a interagire con questi dolori, permettendo loro di essere rielaborati e superati.

Solo così, liberandoci dai nostri traumi, possiamo veramente fluire con la vita e abbracciare il nostro pieno potenziale.

==========

✅ RISORSE

📘 Piccolo manuale di Crescita Personale con i Fiori di Bach: https://ifioridibach.com/manuale-crescita-fiori-di-bach/

📖 Libro Trasforma il tuo Albero Genealogico con i Fiori di Bach: https://costellazionifloreali.com/offerta-riservata-libro/

🗓️ Webinar del mese: http://webinardelmese.com/

✅ CONTATTI

🌎 Sito web: https://ifioridibach.com/

🔄 Community: https://www.facebook.com/groups/464138897285767

🗓️ Instagram: https://www.instagram.com/_ifioridibach_/",it,False,False,,
X1f3pRuR1oI,[],0,Flores de Bach,"Pseudocientífico
",559,559,3,Flores de Bach: Centaury - Centaura | Flores de Bach Center,"Si quieres ampliar información y descubrir en profundidad para qué sirve esta flor de Bach, ve a http://floresdebach.center/centaury/

Si no crees que esta sea tu flor, puedes ver el resto de los vídeos del canal o pasarte por nuestra web (http://floresdebach.center), donde encontrarás todo tipo de remedios o podrás hacer una consulta privada con un terapeuta floral.

Flores de Bach: Centaury.
Si eres muy servicial y no sabes decir que no.

Centaury, Centaurium umbellarum, Centaura.
Pertenece al grupo 5, para la susceptibilidad a las influencias y opiniones de los demás.
En estado negativo, cuando somos muy serviciales y no sabemos decir que no.
En estado positivo, asertividad y capacidad para alcanzar nuestros propios objetivos.
La flor Centaury crece en campos secos, bordes de los caminos y lugares de poca vegetación. Tiene un tallo recto que alcanza los 35 cm de altura en el que se distribuyen ramas, y en sus puntas florecen pequeñas flores rosadas. Su tiempo de floración está entre junio y agosto, y solo florece con el buen tiempo.

Preguntas para la flor de Bach Centaury:

-¿Te cuesta decir que no?. 
-¿Siempre estás al servicio de otras personas?. 
-¿Haces todo lo que te dicen por miedo a herir los sentimientos de los demás?. 
-¿Te sientes muy cansado?. 
-¿Eres fácilmente influenciable?. 
-¿Sientes la necesidad de que todos te acepten?. 
-¿Estás siempre dispuesto a hacer lo que te piden para conseguir esa aceptación?.

Síntomas claves de la flor de Bach Centaury:

Voluntad débil, reacción exagerada ante los deseos de los demás, no andar explotada por terceros, incapacidad de decir que no.


Síntomas generales de la flor de Bach Centaury:

-Cuando tenemos dificultad para imponernos. 
-Cuando somos demasiado pasivos. 
-Cuando hemos perdido nuestra voluntad. 
-Cuando nos dejamos influir con facilidad. 
-Cuando somos serviciales hasta la sumisión. 
-Cuando para nosotros, son más importantes los deseos de los demás que los nuestros propios. 
-Cuando no podemos dejar de complacer a los demás. 
-Cuando para nosotros, es prioritario caer bien a los demás llegando a la abnegación. 
-Cuando se pasa de ser ayudante a esclavo. 
-Cuando nos encontramos bajo una personalidad egoísta en padres, cónyuges, jefes….y nos comportamos de manera sumisa.
-Cuando nos dejamos persuadir para hacer algo que no deseamos. 
-Cuando los demás explotan nuestra bondad sin esfuerzo. 
-Cuando nos convertimos en el felpudo anímico de otros. 
-Cuando nos convertimos en la Cenicienta de otros. 
-Cuando carecemos de orgullo y dejamos que otros digan lo que debemos hacer. 
-Cuando intentamos parecernos inconscientemente a otras personalidades más fuertes copiando sus ademanes, teniendo sus mismas opiniones…
-Cuando nos vemos extremadamente cansados. 
-Cuando no defendemos nuestros propios intereses. 
-Cuando damos más de lo que tenemos con la intención de complacer a los demás. 
-Cuando corremos el peligro de no cumplir con nuestros propios propósitos.
-Cuando nos regimos por el elogio y la censura de los demás.

Estado positivo de la flor de Bach Centaury:

-Saber cuando decir que sí y también cuando decir que no. 
-Se integra bien en grupos conservando siempre su identidad. 
-Sirve discreta y sabiamente según su propia finalidad. 
-Es capaz de consagrar su vida a sus verdaderos cometidos. 
-Tiene voluntad para alcanzar sus objetivos. 
-Se responsabiliza de su propia existencia. 
-Se cuida y se atiende. 
-Tiene capacidad para hacer prevalecer su opinión si así lo quiere.",es,False,False,,
5LsnN8gfPD4,"['depression', 'anxiety']",2,Flores de Bach,"Pseudocientífico
",361,361,7,Flores de Bach para la depresión y la ansiedad,"Las Flores de Bach funcionan como un botiquín emocional. Pueden ser muy útiles en casos como la depresión o la ansiedad y no tienen efectos secundarios. 

Gracias Por Mirar! Suscríbete Canal De Youtube Para Más Nuevo Video: https://goo.gl/avekTH",es,False,False,,
sHSNQzraUpw,"['tourmaline', 'callme.ve', 'anxiety', '7041112926(poorvi', 'selfie', 'com.inventia.app']",6,Flores de Bach,"Pseudocientífico
",387,387,32,"Beech bach flower remedy - architect,judge,reduce side effects of allopathy","Beech bach flower remedy - architect, judge, reduce side effects of allopathy

To place an order for abundance oil, hair oil,  harmony oil, Negativity oil, peel of stickers, money poster whats app 9311283514 
(I have especially created abundance oil and hair fall oil using a lot of techniques)
join my what's app group whats app 9311283514 

To place an order for customised vision video and subliminal audios  and queries email me visionboard520@gmail.com/whats app 9311283514 

buy black tourmaline and other crystal what's app 7041112926 poorvi crystals
please mention my name while placing your order

best electric diffusers
https://amzn.to/3ltMy5C
https://amzn.to/3jYTJlO
https://amzn.to/36S6xXQ
https://amzn.to/34FmYnz
https://amzn.to/30TxCps

buy teespring products https://teespring.com/stores/reeyas-store

save kunjitha padam sarnam phone wallpaper https://bit.ly/2NkMi9S

  #reeyasspiritualremedies

sales wallpaper download https://bit.ly/2Vu61sN
-------------------------------------------------------------------------------------------------------------------------------------------
Subscribe my other channel- Reeraj vibes https://bit.ly/2RQDlrO

my daughter   https://bit.ly/3aqHd9g
my son channel https://www.youtube.com/watch?v=Bla2h2g6Rso&t=1s 
https://www.amazon.in/shop/reeyasspiritualremedies
 KHABRI APP -https://play.google.com/store/apps/details?id=com.inventia.app 


reeyas spiritual remedies- https://khabristudio.page.link/mCeyN4vqnFsCEDUs6 

callme4 app https://play.google.com/store/apps/details?id=callme.ve 

my website link https://www.reeyasspiritualremedies.co.in/
 Instagram  https://bit.ly/2Yu4812
Facebook    https://bit.ly/2W1OU1X
 ---------------------------------------------------------------------------------------------------------------------
 Use referral code: REEYA934* Get *30% (Max Rs. 150) discount on 1st order* if you signup using my referral code: REEYA934 Download Now - https://meesho.com/invite/REEYA934
Earn money  from home https://gplinks.in/ref/reeya2007
 
my phone  https://amzn.to/2Wvnh08
selfie stick https://amzn.to/3dkcHjo
mantra counting https://amzn.to/2Wz9SE6
magnetic planner  https://amzn.to/2ymsXlb
daily journal https://amzn.to/2zhZWH5
mantra chanter https://amzn.to/35zGLVn
my headphone https://amzn.to/3c9QpAz
yoga cushion https://amzn.to/2z8hdCF
meditation earplug  https://amzn.to/35B8KnS
--------------------------------------------------------------------------------------------------------------------- 
To talk to me directly please download callme4 app from play store and call me to place an order for gemstones what's app 7041112926(poorvi crystals) please don't call on this number


copying of the content is prohibited 
music credit

Music: Love Love Love
Musician: Fox in Oil
URL: https://icons8.com/music/

Disclaimer I am not a professional healer, therapist, counsellor, practitioner. I don't claim to treat any physical disease nor claim it to be a replacement for any medical treatment. Please take full responsibility for your wellbeing All teaching credit goes to -My guruji Naran S Bala Kumar--www.reachnaran.com Million thanks to my guruji-",en,True,True,2021-02-02T13:00:18Z,2021-02-02T13:08:41Z
IsTpkii9SB0,[],0,Flores de Bach,"Pseudocientífico
",83,83,7,Bach Original Flower Remedies Rescue Remedy Pet | Lucky Pick Product Review with Biggles,"Biggles Lucky Pick for you is Bach Original Flower Remedies Rescue Remedy Pet.

Bach Original Flower Remedies Rescue Remedy Pet is a combination remedy for crisis use. The full system of 38 Bach Original Flower Remedies can help with any kind of emotional imbalance. If symptoms persist, please consult a veterinarian. For years, Rescue Remedy Pet has been recommended by veterinarians for animals to help calm pets in all kinds of stressful situations. This alcohol-free formulation is suitable for use with all animals, including dogs, cats, horses and birds. For a calmer animal try Rescue Remedy to restore emotional balance whenever your pet is under pressure

Find it here: http://luckyv.it/2aZMjNO

About The Series:
Check out our staff review their favorite items here from LuckyVitamin. We love them, and we hope you love them too!

About LuckyVitamin:
For those leading active, healthful lives, LuckyVitamin is the inspirational and supportive source for products and knowledge dedicated to helping everyone on their journey towards happy wellness. Visit http://luckyv.it/29kevwh  (LuckyVitamin.com) to learn about healthy living and shop thousands of health and wellness products at great prices.",en,False,False,,
MMcwYigJZNM,[],0,Flores de Bach,"Pseudocientífico
",483,483,56,5 Ways to Use Bach Flower Remedy Crab Apple for Spiritual Cleansing| @LotusReikiandSpiritualHealer,"5 Ways to Use Bach Flower Remedy Crab Apple for Spiritual Cleansing

HI iam shalini varma , today in this video i have told about Discover five effective methods to utilize Bach Flower Remedy Crab Apple for spiritual cleansing. Enhance your well-being and restore balance in your life.Uncover five practical applications of Bach Flower Remedy Crab Apple for spiritual cleansing. Rejuvenate your spirit and promote emotional wellness effortlessly.
Queries solved in this video?
-bach flower remedies
- bach flower remedies in hindi
-bach flower homeopathic medicine
-crab apple
-crab apple bach flower remedy
-crab apple switchword benefits
-crab apple benefits

MY 2ND CHANNEL
Lotus Reiki and Spiritual Healer
@LotusReikiandSpiritualHealer

MY POPULAR VIDEOS
TOP Viral Angel Numbers जो जादू सा Result देंगे |  @LotusReikiandSpiritualHealer 
https://youtu.be/DIxm_srPYaY
Magical Money Number जो बना देगा Money Magnet| Switchword for Money | Switchword for GOOD LUCK
https://youtu.be/XM0it1-3DMU
Angel Number 781 is Magical , 10 best uses of Angel number 781 @LotusReikiandSpiritualHealer 
https://youtu.be/Gld0_kOMX4s
अचानक पैसा चाहिए तो बस इसे सुनते रहो | Switchword for Unexpected Money chanting. #reiki 
https://youtu.be/b9LwLBx4Ks4
कर्ज़ मुक्ति के लिए रोज़ सुन लें | Switchword for Debt #debtfree 
https://youtu.be/qMPPKUgqIkA
Switchwords chanting
https://www.youtube.com/playlist?list=PLBNeA4AyOS4jvOJDBBGnYVYuB7mdR7mX5

 

Course Related Queries only
Message on WhatsApp @ 9555361565

Hello
We SHALINI VARMA REIKI MASTER & ANUJ KUMMAR, 
Lotus Reiki and Spiritual Healer
SHALINI VERMA WE ARE Certified Reiki Master Couple
Usui/ Holy Fire ® III Reiki Master Teacher-Certified By International Centre for Reiki Training-I.C.R.T) welcomes you all to my YouTube Channel
-NEW CHANNEL .SHALINI VARMA

COURSES AVAILABLE (Online/ Offline)
1. USUI/ HOLY FIRE® III REIKI   https://youtu.be/7xagHKfUeuI
 2. MONEY Reiki    https://youtu.be/itOYcG3CuP8
3. SACRED GREEN MONEY CIRCLE Reiki  https://youtu.be/E-_2MDfbU7Q
4. ANGEL Healing   https://youtu.be/SgeuCMsQYXI
5. BACH FLOWER REMEDY   https://youtu.be/uzv5fD5njGs
6. SWITCHWORD & ANGELIC HEALING NUMBER 
7. CRYSTAL THERAPY   https://youtu.be/RlS9BzOaenU
8. SIGIL  https://youtu.be/tu9HIKQfx0E
9. SOULMATE Reiki  https://youtu.be/6Rtewv0JuVw



 @LotusReikiandSpiritualHealer  
#reiki#reikihealing
#switchwords#numerology#reiki#upayinhindi#THEHEALERSHALINIVARMA#shalinivarma ##crabapple#bachflowerremedy#bachflowertherapy",en,False,False,,
RDON8IvhU-w,['sadness'],1,Flores de Bach,"Pseudocientífico
",178,178,7,O Floral para quem tem sentimentos de Tristeza 🌸 Floral de Bach Mustard,"Como um Floral pode ajudar a lidar com a tristeza?

Se você é uma Terapeuta Holística ou uma Profissional da Saúde Integrativa certamente sabe que muitas pessoas sofrem com tristeza profunda sem entender porquê. Elas podem estar bem no trabalho, na família e na saúde, mas ainda assim se sentem tristes. 

Essa tristeza pode ser um estado de melancolia que as acompanha por dias, semanas ou até meses. E o pior é que elas não conseguem identificar a causa deste sentimento.

Se você tem clientes assim, saiba que há uma solução natural e muito efetiva para ajudá-las a lidar com essa tristeza: um Floral que devolve a luz da alegria.

O Floral de Bach Mustard é capaz de trabalhar as questões inconscientes que estão vinculadas a essa tristeza. Como muitas vezes a pessoa não tem conhecimento disso, ela não consegue nomear o que a faz sentir-se assim. Mas isso não impede que a tristeza a tome por completo, e ela se sinta desanimada e sem vontade de fazer suas atividades.

Mustard vai ajudar a pessoa a recuperar a sua alegria e ânimo genuínos. Vai ajudar a trabalhar as causas inconscientes da tristeza e ancorar a luz interior. Assim, mesmo diante de problemas, a pessoa não se deixa tomar por sentimentos de tristeza e melancolia. Ela sustenta a alegria e devolve a luz dos sol aos dias nublados.

Este Floral pode transformar a vida das pessoas que passam por situações como estas, e você pode incluir a Terapia Floral no seu trabalho e ajudar ainda mais os seus clientes ou pacientes.

🌸 Inscreva-se no Canal e Ative as Notificações

📖 Baixe o eBook Gratuito Conhecendo os Florais de Bach: 
👉 https://cursoterapeutafloral.com.br/ebookflorais/

🌷 Instagram: http://www.instagram.com/evoluirnoamor

 🙏 Gratidão por nos seguir 

💜 Aqui eu espalho o amor para te inspirar e fazer sua vida mais positiva e leve.
 
COMPARTILHE nossos vídeos e não deixe de dar um LIKE 

💜💜

🌷 Evolua, Ame !

Beijos da Fer",pt,False,False,,
JC6O6ClvsMs,[],0,Flores de Bach,"Pseudocientífico
",159,159,1,Introduzione ai Fiori di Bach,"Secondo la visione del Dr. Edward Bach, i 38 fiori di Bach sono archetipi che incarnano uno specifico stato d’animo e condizione emozionale, a cui ispirarsi per evocare le proprie innate risorse e capacità di adattamento quando si desidera ritrovare equilibrio emotivo e armonia.

I Fiori di Bach, riconosciuti dall’OMS (Organizzazione Mondiale della Sanità), sono i preparati a base di principi vegetali studiati negli anni ’30 dal Dr. Edward Bach. I Fiori di Bach, opportunamente estratti da fiori selvatici (tranne uno che è solo a base di acqua sorgiva di fonti note per avere particolari proprietà) possono essere assunti singolarmente o in associazione, a seconda degli stati d’animo e delle necessità individuali. I Fiori di Bach Guna sono preparati secondo il Metodo Originale del Dr. Bach, con Essenze Madri, certificate B.A.F.E.P. (British Association of Flower Essence Producers), provenienti dai luoghi d’origine in Gran Bretagna, con brandy da coltivazione biologica, nel grado di concentrazione stock originale e con Metodo WHITE Holographic Bioresonance® al fine di rendere la fase liquida Supercoerente, come amano dire i Bio-fisici, ossia con proprietà organizzative omologhe a quelle che assume il liquido negli organismi viventi a contatto con i tessuti biologici.",it,False,False,,
Fih6cQs2sWw,[],0,Flores de Bach,"Pseudocientífico
",194,194,20,Floral para lidar com o lado Sombra 🌼 Floral de Bach Agrimony,"Todos temos a luz e a sombra dentro de nós.

São duas faces da mesma moeda.
Uma não existe sem a outra na experiência humana.

Mas há pessoas que tem dificuldade em lidar com suas sombras.

Quando não reconhecemos e aceitamos nossas falhas, nossos defeitos, nossas sombras, não conseguimos ficar em paz.

É como se reconhecêssemos somente uma parte de nós, e isso gera sofrimento.

Para aqueles que sofrem com a falta de paz interior, atormentados por não conseguir lidar com as próprias sombras, este Floral vai fazer toda a diferença 🤍

🌸 Inscreva-se no Canal e Ative as Notificações

📖 Baixe o eBook Gratuito Conhecendo os Florais de Bach: 
👉 https://cursoterapeutafloral.com.br/ebookflorais

🌷 Instagram: http://www.instagram.com/evoluirnoamor

 🙏 Gratidão por nos seguir 

💜💜

🌷 Evolua, Ame !

Beijos da Fer",pt,False,False,,
7vefDaayv7Q,"['ADHD', 'weight loss', 'chest nut bach flower']",3,Flores de Bach,"Pseudocientífico
",240,240,61,white chestnut bach flower white chestnut homeopathic medicine flower white chestnut@DrNosheenAli,"Bach flower Playlist 👉https://youtube.com/playlist?list=PL-gDVAmaLE-XCQuWCgPWQ7FoGNvn72KeA

@DrNosheenAli 
Agrimony bach flower 👉https://youtu.be/E3TtdRHAhSU


Aspen Bach flower 👉https://youtu.be/y5X1SI6U51Y


Beech bach flower 👉https://youtu.be/vmZzXEUZTnk


century Bach flower 👉https://youtu.be/6JRXtglBYNg


Cerato Bach flower 👉https://youtu.be/9DkhJRSgsmY


Cherry Plum Bach flower 👉https://youtu.be/VqZ-9whWwyA


Chest nut bud Bach flower 👉https://youtu.be/0kFgxPjINSg


Chicory Bach flower 👉https://youtu.be/vlXGicF1Cd8


Clematis 👉https://youtu.be/wsarLblF-wQ


Crab apple 👉https://youtu.be/2TCCpvCSe2U


Elm👉https://youtu.be/Ljk9E4fHYTQ


Gorse 👉https://youtu.be/ffNt5eQlgks

Gentian 👉https://youtu.be/KdyHmfuBUdI


Boost confidence by Bach flower https://youtu.be/0SSudqfeZFs


beautiful skin by Bach flower https://youtu.be/nNZH4SLIUYM


Bach flower for weight loss https://youtu.be/Qfr_Dw7jjvo


Bach flower medicine for corona https://youtu.be/W3schzeyIb8


holly bach flower https://youtu.be/qXVYUTAr8d0


ADHD Bach flower medicine https://youtu.be/-e1Oxon-52M


heather Bach flower https://youtu.be/Qw8EcDJ7H9E


honeysuckle bach flower https://youtu.be/3QASa5iRVjI



hornbeam Bach flower https://youtu.be/7LQe7OAnRqU


impatiens Bach flower https://youtu.be/u0SvE8Izxrc



Larch Bach flower https://youtu.be/ZP-m8xf_q78


Mimulus Bach flower https://youtu.be/z8_FipWS6yk


Mustard bach flower https://youtu.be/BAkQ3JcBQUs


OAK bach flower  https://youtu.be/3a0e-2cEQ7c


Olive bach flower https://youtu.be/1wikyv_LYC4


Pine bach flower   https://youtu.be/xtNEIbyIvgc


Red chest nut bach flower (RCN)  https://youtu.be/1ovgkPu3R7w


Rock Rose bach flower https://youtu.be/g_g2_3Yn_-g



Rock water bach flower  https://youtu.be/L3aAyYDfofQ


Scleranthus bach flower https://youtu.be/7HSSrD7QFiQ


Star of Bethlehem bach flower https://youtu.be/62nWBPHzGgE



Sweet chest nut bach flower https://youtu.be/diG4vTDndkI


Vervain bach flower https://youtu.be/-3flZYNiNu0


Vine bach flower https://youtu.be/r9hx4c0eT-A


Walnut bach flower https://youtu.be/3COoa27Mi-s


Water Violet bach flower https://youtu.be/w_QwNFC9XeM

------------------------------------------------------------------------------------------------------------------------------------------

Copyright Disclaimer Under Section 107 of the Copyright Act 1976, allowance is made for ""fair use"" for purposes such as criticism, commenting, news reporting, teaching, scholarship, and research. Fair use is a use permitted by copyright statute that might otherwise be infringing. Non-profit, educational or personal use tips the balance in favour of fair use.

We make these videos with the intention of educating others in a motivational/inspirational form. We do not own the clips and music we use in most cases. Our understanding is that it is in correlation to Fair Right Use, however given that it is open to interpretation.


------------------------------------------------------------------------------------------------------------------------------------------

Like Comment on Facebook 
https://www.facebook.com/Dr.nosheen.ali.96155


------------------------------------------------------------------------------------------------------------------------------------------
follow me on instagram 
https://instagram.com/dr.nosheen.ali?utm_medium=copy_link

------------------------------------------------------------------------------------------------------------------------------------------


Thank you for watching please like share subscribe 

Take care enjoy happy and healthy life

Regards 
Dr.Nosheen
 for appointment-7987676467 (what's app only)fee-rs.500/-only

#bachflower#drnosheenwhitechestnut#bfr
#flower #starofbathelem
#hornbeambachflower#bachfloweruse
#bachflowerhornbeam#hornbeamuse
#holly#larch#agrimony#aspen#beech
#cerato#whatisbachflower#bfr#bach
#cherryplum#crabapple#elm#floweruse
#flowertherapy#flowermedicine#drbach
#drnosheenbachflower#flowertherapy
#oak#mustard#mimulus#olive#pine
#rescueremedy#walnut#whitechestnut
#sweetchestnut#scleranthus#wildoat
#impatience#bachflowerkonsimedicinehai
#mentaltonicbachflower#mindbachflower
#winterbachflower#skinbachflower#winter
#winterseasonbachflower#skin#olive
#winterskinproblembachflower
#watervioletbachflower#bachflowerwater
#waterviolet#makefriendswithbachflower
#watervioletfloresdebach#waterviolettamil
#watervioletswitchword",hi,False,False,,
P8VIzH2mVWk,"['anxiety', 'Trauma', 'trauma']",3,Flores de Bach,"Pseudocientífico
",189,189,24,O Floral de Bach para curar Traumas Internos 🌸,"O Floral de Bach para curar Traumas Internos 🌸

🌸 Inscreva-se no Canal e Ative as Notificações

📖 Baixe o eBook Gratuito Conhecendo os Florais de Bach: 
👉 https://cursoterapeutafloral.com.br/ebookflorais

🌷 Instagram: http://www.instagram.com/evoluirnoamor

 🙏 COMPARTILHE nossos vídeos e não deixe de dar um LIKE 

💜💜

🌷 Evolua, Ame !

Beijos da Fer",pt,False,False,,
mN8DWA7nwzM,[],0,Flores de Bach,"Pseudocientífico
",160,160,0,Florais de Bach - Modo de Usar,"Aula da CEATH - Comunidade de Estudos Avançados em Terapia Holística, demonstrando a utilização das essências Florais de Bach e do creme, bem como o modo correto de preencher a ficha do BRT - Bloco de Recomendação Terapêutica.

Henrique Vieira Filho - Terapeuta Holistico - CRT21001",pt,False,False,,
WuGtGuFx9A0,"['terapias', 'diabetes']",2,Flores de Bach,"Pseudocientífico
",7,7,0,#shorts Siempre parece imposible hasta que alguien mas lo se hace  #shorts,"Una Serie de videos para aprender diferentes temas relacionados con la salud desde diferentes terapias-
Contestaremos todas tu dudas

Programación Semanal del Canal

Lunes Agradecimientos
Martes Sonidos Terapéuticos
Miércoles Iridología
Jueves Flores de Bach
Viernes Terapias Alternativas
Sábado Movimiento Celular
Domingo Reflexiones 
Cualquier día podemos subir temas que los suscriptores solicitaron. como el diplomado de herbolaria con mas de 90 horas, aditivos alimentarios y mas.

CONTACTO
Whatsapp México +52  871121083
https://www.facebook.com/joseluis.del...
www.joseluisdelafuentelopez.com
Torreón, Coah. Méx.",es,False,False,,
cOjRj_AgN2s,[],0,Flores de Bach,"Pseudocientífico
",185,185,13,O Floral para ajudar a tirar os Sonhos do Papel 🌿 Floral de Bach Clematis,"Sonhar é fundamental na sua vida, mas é preciso ter equilíbrio. Se você é uma pessoa muito sonhadora, pode estar em desequilíbrio se não tiver ações práticas para alcançar seus sonhos. O excesso de sonhos e a falta de ação podem ser prejudiciais, levando a um estado de ""pensar demais e agir de menos"". Quando perguntado sobre o que está fazendo para realizar seus sonhos, talvez você não saiba responder ou não tenha nenhum plano ou planejamento. É aqui que entra o desequilíbrio.

Sonhar é essencial, mas sem ação, seus sonhos nunca sairão do papel. É importante encontrar um equilíbrio entre o sonhar e o agir. Se você é muito sonhadora, comece a pensar em ações práticas que possam levar você a realizar seus sonhos. Pense em pequenos passos que possam levá-la a alcançar os seus objetivos. Faça um plano, defina metas e estabeleça prazos.

Agora que você já sabe da importância do equilíbrio entre sonhar e agir, comece a colocar em prática suas ideias e transforme seus sonhos em realidade. Se você tem dificuldade em se concentrar ou vive ""no mundo da lua"", o Floral de Bach Clematis pode ser a solução que você procura. Ele vai te ajudar a manter-se no estado de presença, no aqui e agora, para conseguir agir em prol dos seus sonhos.

É um Floral que também pode ajudar muito quem tem dificuldade de concentração, tanto crianças e adolescentes quanto adultos.

🌸 Inscreva-se no Canal e Ative as Notificações

📖 Baixe o eBook Gratuito Conhecendo os Florais de Bach: 
👉 https://cursoterapeutafloral.com.br/ebookflorais

🌷 Instagram: http://www.instagram.com/evoluirnoamor


 🙏 Gratidão por nos seguir 


💜💜


🌷 Evolua, Ame !


Beijos da Fer",pt,False,False,,
0NiRImsHu00,"['slowness', 'hypersensitivity']",2,Flores de Bach,"Pseudocientífico
",613,613,5,Los 7 grupos o tipos de Flores de Bach,"Los diferentes grupos o tipos de Flores de Bach, según cómo se viven las diferentes emociones. Ma. Carmen Gallego, especialista en Flores de Bach, explica, de forma breve, los grupos de Flores de Bach, y la importancia de esta clasificación que Edward Bach hizo convirtiendo las 38 Flores en un sistema.

Las Flores de Bach se dividen en siete grupos: el grupo del temor, el grupo de la incertidumbre, el grupo de la soledad, el grupo de la hipersensibilidad, el grupo del desinterés, el grupo de la tristeza y el grupo de la excesiva preocupación por los demás.  

Como ejemplos, en el grupo de la soledad tenemos tres tipos de Flores de Bach distintas para tres formas distintas de vivir la soledad

Hay quien se siente solo porque es una persona impaciente. Este estado de impaciencia puede llevarnos a irritarnos con lo que consideramos la lentitud de los otros y entonces nos adelantamos, esta persona necesita la flor “Impatiens”.

En otros casos, hay quien vive la soledad y la necesita en su vida, y se siente genial estando solo. Necesita su tiempo, su espacio… y entonces la flor de Bach Water Violet les ayuda a poder comunicarse mejor, a no sentirse invadidos cuando los demás se nos acercan, o nos preguntan, o quieren acompañarnos. 

Hay quien no soporta la soledad. Hay personas que no saben estar solas. En ese caso, el tipo de Flor de Bach adecuada es el brezo, “Heather”. Para esas personas que necesitan reclamar la atención. Entonces, Heather, los va a ayudar a llevar mejor esa soledad porque no siempre podemos estar acompañados. 

Del grupo de Flores de Bach de la excesiva preocupación por los demás. Ahí tenemos cinco tipos de flores de Bach 

Para esa persona que se desvive por sus seres queridos pero necesita sentirse compensado y lo pasa mal cuando se siente abandonado. La Flor de Bach Chicory los ayuda a no vivirlo como un estado de rechazo, de abandono

Para los que, preocupados por los demás pero llevados por el entusiasmo y emocionados con algo, se lo queremos contar a todo el mundo, pero claro no todo el mundo quiere seguir sus ideas. La Flor de Bach Vervain nos ayuda a respetar que otros no nos sigan.

Para esos momentos en los que queremos imponer nuestra voluntad por lo que creemos es el bienestar de los demás, imponiendo nuestras ideas siendo inflexibles. La Flor de Bach Vine nos va a ayudar a aceptar las opiniones de los demás.

Para esas situaciones en las que, creyendo hacer lo mejor por los demás, adoptamos una actitud intolerante porque creo soy la única persona que hace bien las cosas. La Flor de Bach Bach nos ayuda a entender que hay otras formas de hacer las cosas.

Rock Water nos va a ayudar en esos momentos en que estamos con una actitud muy rígida, muy inflexible, cuando nos movemos tanto por el sentido del deber, que no me permito fluir o disfrutar. Entonces nos va a venir bien para tener una actitud más flexible ante nosotros mismos. 

En un estado de equilibrio todo está bien y cuando no, necesitamos algún tipo de Flor de Bach que nos ayuda a recuperar ese estado armónico, gestionando cada una de estas emociones. Aunque la denominación del grupo parezca que engloba una misma función, tenemos distintas flores para distintas emociones dentro de cada grupo.

Para más información, visita el sitio web oficial: 
https://www.bachoriginal.com/es-es/

#floresdebach #gestionemociones #bienestaremocional #tiposdefloresdebach #soledad #preocupacion",es,False,False,,
sEDjYq27ASc,[],0,Flores de Bach,"Pseudocientífico
",3158,3158,49,LAS FLORES DE BACH Y SU APLICACIÓN EN ESTÉTICA,,es,False,False,,
rZFzuj9cfFg,['drops'],1,Flores de Bach,"Pseudocientífico
",313,313,2,¿Cómo tomar las Flores de Bach?,"Cómo tomar las Flores de Bach. Ma. Carmen Gallego, especialista en Flores de Bach, nos explica, de forma breve, 3 formas distintas de tomar y preparar las Flores de Bach.

Al abordar una emoción, por ejemplo al enfrentarse a una situación que nos inquieta podemos tomar, directamente, del frasco, dos gotas en la lengua o bajo la lengua, mínimo cuatro veces al día o las veces que necesite a medida que se vaya acercando el momento.

Otra opción, es añadir dos gotas en una botellita o en un vaso de agua y tomarlo a sorbos a lo largo del día. Si lo acabo me preparo otro, pero lo ideal es que en el día nos lo tomemos. Esta opción es ideal si hay que tomar una esencia o la mezcla de dos Flores de Bach

Es recomendable visitar a un especialista en flores de Bach si tienes que abordar distintas emociones puesto que puede ser necesario una combinación de Flores de Bach. En este caso se suele preparar la combinación en un frasco de cristal de color ambar, de 30 mililitros, con una pipeta también de cristal. En él se mezclan dos gotas de cada concentrado hasta un máximo de seis o siete flores con agua mineral. Luego de esta mezcla se pueden tomar cuatro gotas, cuatro veces al día, o tantas veces como sea necesario. Tomándolo cuatro veces al día, este frasquito puede durar tres, cuatro semanas

En resumen, si solo necesito una o dos flores,  puedo elegir tomarlas directamente, bajo la lengua o sobre la lengua del concentrado (o single pues contiene tan solo la esencia de una flor), o estas dos gotas las puedo poner en un vaso o botellita de agua tomándola a sorbos.  
Si se trata de una combinación (porque son varias la emociones a gestionar) se mezclan  dos gotas de cada concentrado hasta un máximo de seis o siete flores con agua mineral 
en un frasquito de cristal. Del que se pueden tomar cuatro gotas, cuatro veces al día o tantas veces como sea necesario.

Hay que elegir la Flor de Bach para la emoción que estás experimentando en ese momento. Lo importante es elegir la flor adecuada a cada emoción de forma específica. Os invitamos a probar las Flores de Bach.

Edward Bach, convencido de que el bienestar emocional era clave para la salud general, concibió este sistema de esencias a base de plantas y flores en la década de 1930. Bach se pasó la vida investigando la aplicación de flores y plantas para ayudar a gestionar el equilibrio emocional de manera amable y sencilla. Con el tiempo creó el Centro Bach en Oxfordshire, Inglaterra, donde desarrolló las esencias tal como las conocemos en la actualidad.

Para más información, visita el sitio web oficial: 
https://www.bachoriginal.com/es-es/

#floresdebach #gestionemociones #bienestaremocional #gestionemocional",es,False,False,,
1mMFFiBKto0,['skin irritation'],1,Flores de Bach,"Pseudocientífico
",16,16,0,FLORES DE BACH: Impatiens. Impaciencia,"http://www.centroedwardbach.com
Información sobre las flores de bach.
Flor de Bach: Impatiens (Impaciencia)
- Permite reflexionar antes de tomar decisiones y ser paciente con los demás. 
- Irritabilidad, berrinches 
- Problemas de piel, irritación cutánea. 

Más información en:
http://www.esenciasdebach.com",es,False,False,,
ggBF2T-G5ls,"['tourmaline', 'callme.ve', 'anxiety', '7041112926(poorvi', 'selfie', 'com.inventia.app']",6,Flores de Bach,"Pseudocientífico
",273,273,23,"Bach flower remedies to overcome fear,stress,anxiety !! अपने डर से छुटकारा पाए आज ही part 1","Bach flower remedies to overcome fear,stress,anxiety !! अपने डर से छुटकारा पाए आज ही part 1



To place an order for abundance oil, hair oil, peel of stickers whats app 9311283514 
(I have especially created abundance oil and hair fall oil using a lot of techniques)
join my what's app group whats app 9311283514 

To place an order for customised vision video and subliminal audios  and queries email me visionboard520@gmail.com/whats app 9311283514 

buy black tourmaline and other crystal what's app 7041112926 poorvi crystals
please mention my name while placing your order

best electric diffusers
https://amzn.to/3ltMy5C
https://amzn.to/3jYTJlO
https://amzn.to/36S6xXQ
https://amzn.to/34FmYnz
https://amzn.to/30TxCps

buy teespring products https://teespring.com/stores/reeyas-store

save kunjitha padam sarnam phone wallpaper https://bit.ly/2NkMi9S

  #reeyasspiritualremedies

sales wallpaper download https://bit.ly/2Vu61sN
-------------------------------------------------------------------------------------------------------------------------------------------
Subscribe my other channel- Reeraj vibes https://bit.ly/2RQDlrO

my daughter   https://bit.ly/3aqHd9g
my son channel https://www.youtube.com/watch?v=Bla2h2g6Rso&t=1s 
https://www.amazon.in/shop/reeyasspiritualremedies
 KHABRI APP -https://play.google.com/store/apps/details?id=com.inventia.app 


reeyas spiritual remedies- https://khabristudio.page.link/mCeyN4vqnFsCEDUs6 

callme4 app https://play.google.com/store/apps/details?id=callme.ve 

my website link https://www.reeyasspiritualremedies.co.in/
 Instagram  https://bit.ly/2Yu4812
Facebook    https://bit.ly/2W1OU1X
 ---------------------------------------------------------------------------------------------------------------------
 Use referral code: REEYA934* Get *30% (Max Rs. 150) discount on 1st order* if you signup using my referral code: REEYA934 Download Now - https://meesho.com/invite/REEYA934
Earn money  from home https://gplinks.in/ref/reeya2007
 
my phone  https://amzn.to/2Wvnh08
selfie stick https://amzn.to/3dkcHjo
mantra counting https://amzn.to/2Wz9SE6
magnetic planner  https://amzn.to/2ymsXlb
daily journal https://amzn.to/2zhZWH5
mantra chanter https://amzn.to/35zGLVn
my headphone https://amzn.to/3c9QpAz
yoga cushion https://amzn.to/2z8hdCF
meditation earplug  https://amzn.to/35B8KnS
--------------------------------------------------------------------------------------------------------------------- 
To talk to me directly please download callme4 app from play store and call me to place an order for gemstones what's app 7041112926(poorvi crystals) please don't call on this number


copying of the content is prohibited 


Disclaimer I am not a professional healer, therapist, counsellor, practitioner. I don't claim to treat any physical disease nor claim it to be a replacement for any medical treatment. Please take full responsibility for your wellbeing All teaching credit goes to -My guruji Naran S Bala Kumar--www.reachnaran.com Million thanks to my guruji-",en,True,True,2020-10-18T06:30:11Z,2020-10-18T06:36:40Z
3COoa27Mi-s,"['ADHD', 'weight loss']",2,Flores de Bach,"Pseudocientífico
",489,489,33,walnut bach flower remedy walnut bach flower benefits in hindi walnut bach remedy@DrNosheenAli,"walnut bach flower remedy 
walnut bach flower benefits in hindi
 walnut bach remedy 
walnut bach flower 
walnut bach flower medicine 
walnut bach flower remedy online 
walnut bach flower benefits in English 
walnut bach flower essence 
walnut bach flower in Tamil 
walnut fiore di bach
bach flower walnut 
bach flower walnut 30


Bach flower Playlist 👉https://youtube.com/playlist?list=PL-gDVAmaLE-XCQuWCgPWQ7FoGNvn72KeA


Agrimony bach flower 👉https://youtu.be/E3TtdRHAhSU


Aspen Bach flower 👉https://youtu.be/y5X1SI6U51Y


Beech bach flower 👉https://youtu.be/vmZzXEUZTnk


century Bach flower 👉https://youtu.be/6JRXtglBYNg


Cerato Bach flower 👉https://youtu.be/9DkhJRSgsmY


Cherry Plum Bach flower 👉https://youtu.be/VqZ-9whWwyA


Chest nut bud Bach flower 👉https://youtu.be/0kFgxPjINSg


Chicory Bach flower 👉https://youtu.be/vlXGicF1Cd8


Clematis 👉https://youtu.be/wsarLblF-wQ


Crab apple 👉https://youtu.be/2TCCpvCSe2U


Elm👉https://youtu.be/Ljk9E4fHYTQ


Gorse 👉https://youtu.be/ffNt5eQlgks

Gentian 👉https://youtu.be/KdyHmfuBUdI


Boost confidence by Bach flower https://youtu.be/0SSudqfeZFs


beautiful skin by Bach flower https://youtu.be/nNZH4SLIUYM


Bach flower for weight loss https://youtu.be/Qfr_Dw7jjvo


Bach flower medicine for corona https://youtu.be/W3schzeyIb8


holly bach flower https://youtu.be/qXVYUTAr8d0


ADHD Bach flower medicine https://youtu.be/-e1Oxon-52M


heather Bach flower https://youtu.be/Qw8EcDJ7H9E


honeysuckle bach flower https://youtu.be/3QASa5iRVjI



hornbeam Bach flower https://youtu.be/7LQe7OAnRqU


impatiens Bach flower https://youtu.be/u0SvE8Izxrc



Larch Bach flower https://youtu.be/ZP-m8xf_q78


Mimulus Bach flower https://youtu.be/z8_FipWS6yk
------------------------------------------------------------------------------------------------------------------------------------------

Copyright Disclaimer Under Section 107 of the Copyright Act 1976, allowance is made for ""fair use"" for purposes such as criticism, commenting, news reporting, teaching, scholarship, and research. Fair use is a use permitted by copyright statute that might otherwise be infringing. Non-profit, educational or personal use tips the balance in favour of fair use.

We make these videos with the intention of educating others in a motivational/inspirational form. We do not own the clips and music we use in most cases. Our understanding is that it is in correlation to Fair Right Use, however given that it is open to interpretation.


------------------------------------------------------------------------------------------------------------------------------------------

Like Comment on Facebook 
https://www.facebook.com/Dr.nosheen.ali.96155


------------------------------------------------------------------------------------------------------------------------------------------

https://instagram.com/dr.nosheen.ali?utm_medium=copy_link

------------------------------------------------------------------------------------------------------------------------------------------


Thank you for watching please like share subscribe 

Take care enjoy happy and healthy life

Regards 
Dr.Nosheen
 for appointment-7987676467 (what's app only)fee-rs.500/-only

#bachflower#drnosheenwalnut#bfr#flower #starofbathelem
#hornbeambachflower#bachfloweruse
#bachflowerhornbeam#hornbeamuse
#holly#larch#agrimony#aspen#beech
#cerato#whatisbachflower#bfr#bach
#cherryplum#crabapple#elm#floweruse
#flowertherapy#flowermedicine#drbach
#drnosheenbachflower#flowertherapy
#oak#mustard#mimulus#olive#pine
#rescueremedy#walnut#whitechestnut
#sweetchestnut#scleranthus#wildoat
#impatience#bachflowerkonsimedicinehai
#mentaltonicbachflower#mindbachflower
#winterbachflower#skinbachflower#winter
#winterseasonbachflower#skin#olive
#winterskinproblembachflower",hi,False,False,,
wsarLblF-wQ,"['confusion', 'weight loss', 'panic']",3,Flores de Bach,"Pseudocientífico
",197,197,0,Clematis Bach flower remedy! bach flower clematis! clematis bach flower use hindi ! bach flower uses,"Clematis Bach flower remedy! bach flower clematis! clematis bach flower use hindi ! bach flower uses
Hello friends,
Bach flower medicine is very useful to treat you in soul today we are discussing about clematis bach flower medicine 
Agrimony👉https://youtu.be/E3TtdRHAhSU
Aspen👉https://youtu.be/y5X1SI6U51Y
Beech👉https://youtu.be/vmZzXEUZTnk
Bach flower for weight loss 👇https://youtu.be/Qfr_Dw7jjvo
Bach flower for skin👇
https://youtu.be/nNZH4SLIUYM
Bach flower for panic attack 👇
https://youtu.be/3ppVw8P8nGA
Centaury bach flower medicine uses video👇
https://youtu.be/6JRXtglBYNg
Cerato Bach flower medicine video👇
https://youtu.be/6JRXtglBYNg
Cherry plum bach flower 👇
https://youtu.be/VqZ-9whWwyA
To purchase cherry plum bach flower medicine 👇
https://sites.google.com/view/homeocarehomeomall/cherry-plum-bach-flower-uses


#bachflower
#flowermedicine
#floweressence
#chicorybachflower
#clematis fleur de bach
#clematis flores de bach
#bach flower remedies 
#bach flower therapies 
#bach flower remedies online course 
#bach flower classes 
#bach flower remedies clematis
#bach flower remedies for students 
#bach flower remedies in hindi
#drnosheen ali
#bach flower remedy for exam
#bach flower remedy for concentration 
#bach flower remedy for mind
#bach flower remedy for confusion 
#bach flower remedies courses
Doses-10-15 drops add in half cup of water thrice in a day 



------------------------------------------------------------------------------------------------------------------------------------------


Copyright Disclaimer Under Section 107 of the Copyright Act 1976, allowance is made for ""fair use"" for purposes such as criticism, commenting, news reporting, teaching, scholarship, and research. Fair use is a use permitted by copyright statute that might otherwise be infringing. Non-profit, educational or personal use tips the balance in favour of fair use.

We make these videos with the intention of educating others in a motivational/inspirational form. We do not own the clips and music we use in most cases. Our understanding is that it is in correlation to Fair Right Use, however given that it is open to interpretation.


Thank you for watching 

Take care 
Please like share subscribe 
Your Family Doctor 
Dr.Nosheen
Appointment-7987676467(paid consultations only)
#drnosheenalibachflower#drnosheen",en,False,False,,
6hsiJqGFJIs,"['itching and inflammations', 'bronchitis']",2,Flores de Bach,"Pseudocientífico
",10,10,0,FLORES DE BACH: Holly. Acebo,"http://www.centroedwardbach.com
Información sobre las flores de bach.
Flor de Bach: Holly (Acebo)
- Ayuda a sentir amor cuando lo único que siente uno es envidia, celos, sospecha y/o venganza y sufre por ello. 
- Atrapado en ideas de amor-odio. Rabietas en niños.
- Problemas cardiacos, picores e inflamaciones irritativas, bronquitis, Tabaquismo. 

Más información en:
http://www.esenciasdebach.com",es,False,False,,
7LQe7OAnRqU,"['ADHD', 'weight loss']",2,Flores de Bach,"Pseudocientífico
",378,378,30,hornbeam bach flower remedy      Bach flower hornbeam          Mental tonic Bach flower,"Bach flower Playlist 👉https://youtube.com/playlist?list=PL-gDVAmaLE-XCQuWCgPWQ7FoGNvn72KeA


Agrimony bach flower 👉https://youtu.be/E3TtdRHAhSU


Aspen Bach flower 👉https://youtu.be/y5X1SI6U51Y


Beech bach flower 👉https://youtu.be/vmZzXEUZTnk


century Bach flower 👉https://youtu.be/6JRXtglBYNg


Cerato Bach flower 👉https://youtu.be/9DkhJRSgsmY


Cherry Plum Bach flower 👉https://youtu.be/VqZ-9whWwyA


Chest nut bud Bach flower 👉https://youtu.be/0kFgxPjINSg


Chicory Bach flower 👉https://youtu.be/vlXGicF1Cd8


Clematis 👉https://youtu.be/wsarLblF-wQ


Crab apple 👉https://youtu.be/2TCCpvCSe2U


Elm👉https://youtu.be/Ljk9E4fHYTQ


Gorse 👉https://youtu.be/ffNt5eQlgks

Gentian 👉https://youtu.be/KdyHmfuBUdI


Boost confidence by Bach flower https://youtu.be/0SSudqfeZFs


beautiful skin by Bach flower https://youtu.be/nNZH4SLIUYM


Bach flower for weight loss https://youtu.be/Qfr_Dw7jjvo


Bach flower medicine for corona https://youtu.be/W3schzeyIb8


holly bach flower https://youtu.be/qXVYUTAr8d0


ADHD Bach flower medicine https://youtu.be/-e1Oxon-52M


heather Bach flower https://youtu.be/Qw8EcDJ7H9E


------------------------------------------------------------------------------------------------------------------------------------------

Copyright Disclaimer Under Section 107 of the Copyright Act 1976, allowance is made for ""fair use"" for purposes such as criticism, commenting, news reporting, teaching, scholarship, and research. Fair use is a use permitted by copyright statute that might otherwise be infringing. Non-profit, educational or personal use tips the balance in favour of fair use.

We make these videos with the intention of educating others in a motivational/inspirational form. We do not own the clips and music we use in most cases. Our understanding is that it is in correlation to Fair Right Use, however given that it is open to interpretation.



------------------------------------------------------------------------------------------------------------------------------------------

https://instagram.com/dr.nosheen.ali?utm_medium=copy_link

------------------------------------------------------------------------------------------------------------------------------------------


Thank you for watching please like share subscribe 

Take care enjoy happy and healthy life

Regards 
Dr.Nosheen
 for appointment-7987676467 (what's app only)fee-rs.500/-only

#bachflower#drnosheen#hornbeam
#hornbeambachflower#bachfloweruse
#bachflowerhornbeam#hornbeamuse
#holly#larch#agrimony#aspen#beech
#cerato#whatisbachflower#bfr#bach
#cherryplum#crabapple#elm#floweruse
#flowertherapy#flowermedicine#drbach
#drnosheenbachflower#flowertherapy
#oak#mustard#mimulus#olive#pine
#rescueremedy#walnut#whitechestnut
#sweetchestnut#scleranthus#wildoat
#impatience#bachflowerkonsimedicinehai
#mentaltonicbachflower#mindbachflower",en,False,False,,
ZP-m8xf_q78,"['ADHD', 'weight loss']",2,Flores de Bach,"Pseudocientífico
",193,193,16,Larch Bach flower remedy! larch flower remedy! Bach flower larch! flower remedy ! flower essence,"Larch Bach flower remedy
larch flower remedy
Bach flower larch
flower remedy 
flower essence



Bach flower Playlist 👉https://youtube.com/playlist?list=PL-gDVAmaLE-XCQuWCgPWQ7FoGNvn72KeA


Agrimony bach flower 👉https://youtu.be/E3TtdRHAhSU


Aspen Bach flower 👉https://youtu.be/y5X1SI6U51Y


Beech bach flower 👉https://youtu.be/vmZzXEUZTnk


century Bach flower 👉https://youtu.be/6JRXtglBYNg


Cerato Bach flower 👉https://youtu.be/9DkhJRSgsmY


Cherry Plum Bach flower 👉https://youtu.be/VqZ-9whWwyA


Chest nut bud Bach flower 👉https://youtu.be/0kFgxPjINSg


Chicory Bach flower 👉https://youtu.be/vlXGicF1Cd8


Clematis 👉https://youtu.be/wsarLblF-wQ


Crab apple 👉https://youtu.be/2TCCpvCSe2U


Elm👉https://youtu.be/Ljk9E4fHYTQ


Gorse 👉https://youtu.be/ffNt5eQlgks

Gentian 👉https://youtu.be/KdyHmfuBUdI


Boost confidence by Bach flower https://youtu.be/0SSudqfeZFs


beautiful skin by Bach flower https://youtu.be/nNZH4SLIUYM


Bach flower for weight loss https://youtu.be/Qfr_Dw7jjvo


Bach flower medicine for corona https://youtu.be/W3schzeyIb8


holly bach flower https://youtu.be/qXVYUTAr8d0


ADHD Bach flower medicine https://youtu.be/-e1Oxon-52M


heather Bach flower https://youtu.be/Qw8EcDJ7H9E


honeysuckle bach flower https://youtu.be/3QASa5iRVjI



hornbeam Bach flower https://youtu.be/7LQe7OAnRqU
------------------------------------------------------------------------------------------------------------------------------------------

Copyright Disclaimer Under Section 107 of the Copyright Act 1976, allowance is made for ""fair use"" for purposes such as criticism, commenting, news reporting, teaching, scholarship, and research. Fair use is a use permitted by copyright statute that might otherwise be infringing. Non-profit, educational or personal use tips the balance in favour of fair use.

We make these videos with the intention of educating others in a motivational/inspirational form. We do not own the clips and music we use in most cases. Our understanding is that it is in correlation to Fair Right Use, however given that it is open to interpretation.



------------------------------------------------------------------------------------------------------------------------------------------

https://instagram.com/dr.nosheen.ali?utm_medium=copy_link

------------------------------------------------------------------------------------------------------------------------------------------


Thank you for watching please like share subscribe 

Take care enjoy happy and healthy life

Regards 
Dr.Nosheen
 for appointment-7987676467 (what's app only)fee-rs.500/-only

#bachflower#drnosheen#larch
#hornbeambachflower#bachfloweruse
#bachflowerhornbeam#hornbeamuse
#holly#larch#agrimony#aspen#beech
#cerato#whatisbachflower#bfr#bach
#cherryplum#crabapple#elm#floweruse
#flowertherapy#flowermedicine#drbach
#drnosheenbachflower#flowertherapy
#oak#mustard#mimulus#olive#pine
#rescueremedy#walnut#whitechestnut
#sweetchestnut#scleranthus#wildoat
#impatience#bachflowerkonsimedicinehai
#mentaltonicbachflower#mindbachflower
#winterbachflower#skinbachflower#winter
#winterseasonbachflower#skin#olive
#winterskinproblembachflower",hi,False,False,,
z8_FipWS6yk,"['ADHD', 'weight loss']",2,Flores de Bach,"Pseudocientífico
",173,173,55,Mimulus Bach flower remedy! mimulus flower remedy! mimulus Bach flower uses @DrNosheenAli,"Mimulus Bach flower remedy
mimulus flower remedy
mimulus Bach flower uses


Larch Bach flower remedy
larch flower remedy
Bach flower larch
flower remedy 
flower essence



Bach flower Playlist 👉https://youtube.com/playlist?list=PL-gDVAmaLE-XCQuWCgPWQ7FoGNvn72KeA


Agrimony bach flower 👉https://youtu.be/E3TtdRHAhSU


Aspen Bach flower 👉https://youtu.be/y5X1SI6U51Y


Beech bach flower 👉https://youtu.be/vmZzXEUZTnk


century Bach flower 👉https://youtu.be/6JRXtglBYNg


Cerato Bach flower 👉https://youtu.be/9DkhJRSgsmY


Cherry Plum Bach flower 👉https://youtu.be/VqZ-9whWwyA


Chest nut bud Bach flower 👉https://youtu.be/0kFgxPjINSg


Chicory Bach flower 👉https://youtu.be/vlXGicF1Cd8


Clematis 👉https://youtu.be/wsarLblF-wQ


Crab apple 👉https://youtu.be/2TCCpvCSe2U


Elm👉https://youtu.be/Ljk9E4fHYTQ


Gorse 👉https://youtu.be/ffNt5eQlgks

Gentian 👉https://youtu.be/KdyHmfuBUdI


Boost confidence by Bach flower https://youtu.be/0SSudqfeZFs


beautiful skin by Bach flower https://youtu.be/nNZH4SLIUYM


Bach flower for weight loss https://youtu.be/Qfr_Dw7jjvo


Bach flower medicine for corona https://youtu.be/W3schzeyIb8


holly bach flower https://youtu.be/qXVYUTAr8d0


ADHD Bach flower medicine https://youtu.be/-e1Oxon-52M


heather Bach flower https://youtu.be/Qw8EcDJ7H9E


honeysuckle bach flower https://youtu.be/3QASa5iRVjI



hornbeam Bach flower https://youtu.be/7LQe7OAnRqU
------------------------------------------------------------------------------------------------------------------------------------------

Copyright Disclaimer Under Section 107 of the Copyright Act 1976, allowance is made for ""fair use"" for purposes such as criticism, commenting, news reporting, teaching, scholarship, and research. Fair use is a use permitted by copyright statute that might otherwise be infringing. Non-profit, educational or personal use tips the balance in favour of fair use.

We make these videos with the intention of educating others in a motivational/inspirational form. We do not own the clips and music we use in most cases. Our understanding is that it is in correlation to Fair Right Use, however given that it is open to interpretation.



------------------------------------------------------------------------------------------------------------------------------------------

https://instagram.com/dr.nosheen.ali?utm_medium=copy_link

------------------------------------------------------------------------------------------------------------------------------------------


Thank you for watching please like share subscribe 

Take care enjoy happy and healthy life

Regards 
Dr.Nosheen
 for appointment-7987676467 (what's app only)fee-rs.500/-only

#bachflower#drnosheen#mimulus
#hornbeambachflower#bachfloweruse
#bachflowerhornbeam#hornbeamuse
#holly#larch#agrimony#aspen#beech
#cerato#whatisbachflower#bfr#bach
#cherryplum#crabapple#elm#floweruse
#flowertherapy#flowermedicine#drbach
#drnosheenbachflower#flowertherapy
#oak#mustard#mimulus#olive#pine
#rescueremedy#walnut#whitechestnut
#sweetchestnut#scleranthus#wildoat
#impatience#bachflowerkonsimedicinehai
#mentaltonicbachflower#mindbachflower
#winterbachflower#skinbachflower#winter
#winterseasonbachflower#skin#olive
#winterskinproblembachflower",hi,False,False,,
ecHQ8n8IWvY,"['ADHD', 'weight loss', 'chest nut bach flower']",3,Flores de Bach,"Pseudocientífico
",618,618,24,Willow bach flower remedy! bach flower Willow! bach flower!bach@DrNosheenAliwillow fiore di bach,"Bach flower Playlist 👉https://youtube.com/playlist?list=PL-gDVAmaLE-XCQuWCgPWQ7FoGNvn72KeA

Please Subscribe 👉@DrNosheenAli  

Agrimony bach flower 👉https://youtu.be/E3TtdRHAhSU


Aspen Bach flower 👉https://youtu.be/y5X1SI6U51Y


Beech bach flower 👉https://youtu.be/vmZzXEUZTnk


century Bach flower 👉https://youtu.be/6JRXtglBYNg


Cerato Bach flower 👉https://youtu.be/9DkhJRSgsmY


Cherry Plum Bach flower 👉https://youtu.be/VqZ-9whWwyA


Chest nut bud Bach flower 👉https://youtu.be/0kFgxPjINSg


Chicory Bach flower 👉https://youtu.be/vlXGicF1Cd8


Clematis 👉https://youtu.be/wsarLblF-wQ


Crab apple 👉https://youtu.be/2TCCpvCSe2U


Elm👉https://youtu.be/Ljk9E4fHYTQ


Gorse 👉https://youtu.be/ffNt5eQlgks

Gentian 👉https://youtu.be/KdyHmfuBUdI


Boost confidence by Bach flower https://youtu.be/0SSudqfeZFs


beautiful skin by Bach flower https://youtu.be/nNZH4SLIUYM


Bach flower for weight loss https://youtu.be/Qfr_Dw7jjvo


Bach flower medicine for corona https://youtu.be/W3schzeyIb8


holly bach flower https://youtu.be/qXVYUTAr8d0


ADHD Bach flower medicine https://youtu.be/-e1Oxon-52M


heather Bach flower https://youtu.be/Qw8EcDJ7H9E


honeysuckle bach flower https://youtu.be/3QASa5iRVjI



hornbeam Bach flower https://youtu.be/7LQe7OAnRqU


impatiens Bach flower https://youtu.be/u0SvE8Izxrc



Larch Bach flower https://youtu.be/ZP-m8xf_q78


Mimulus Bach flower https://youtu.be/z8_FipWS6yk


Mustard bach flower https://youtu.be/BAkQ3JcBQUs


OAK bach flower  https://youtu.be/3a0e-2cEQ7c


Olive bach flower https://youtu.be/1wikyv_LYC4


Pine bach flower   https://youtu.be/xtNEIbyIvgc


Red chest nut bach flower (RCN)  https://youtu.be/1ovgkPu3R7w


Rock Rose bach flower https://youtu.be/g_g2_3Yn_-g



Rock water bach flower  https://youtu.be/L3aAyYDfofQ


Scleranthus bach flower https://youtu.be/7HSSrD7QFiQ


Star of Bethlehem bach flower https://youtu.be/62nWBPHzGgE



Sweet chest nut bach flower https://youtu.be/diG4vTDndkI


Vervain bach flower https://youtu.be/-3flZYNiNu0


Vine bach flower https://youtu.be/r9hx4c0eT-A


Walnut bach flower https://youtu.be/3COoa27Mi-s


Water Violet bach flower https://youtu.be/w_QwNFC9XeM



White chestnut bach flower https://youtu.be/7vefDaayv7Q


Wild Oat Bach flower Remedy https://youtu.be/6qvAbwvjt9w


Wild Rose bach flower  https://youtu.be/9jqPp9wNPUM

------------------------------------------------------------------------------------------------------------------------------------------

Copyright Disclaimer Under Section 107 of the Copyright Act 1976, allowance is made for ""fair use"" for purposes such as criticism, commenting, news reporting, teaching, scholarship, and research. Fair use is a use permitted by copyright statute that might otherwise be infringing. Non-profit, educational or personal use tips the balance in favour of fair use.

We make these videos with the intention of educating others in a motivational/inspirational form. We do not own the clips and music we use in most cases. Our understanding is that it is in correlation to Fair Right Use, however given that it is open to interpretation.


------------------------------------------------------------------------------------------------------------------------------------------

Like Comment on Facebook 
https://www.facebook.com/Dr.nosheen.ali.96155


------------------------------------------------------------------------------------------------------------------------------------------
follow me on instagram 
https://instagram.com/dr.nosheen.ali?utm_medium=copy_link

------------------------------------------------------------------------------------------------------------------------------------------


Thank you for watching please like share subscribe 

Take care enjoy happy and healthy life

Regards 
Dr.Nosheen
 for appointment-7987676467 (what's app only)fee-rs.500/-only

#bachflower#drnosheenwillow#bfr
#flower #starofbathelem#wildrose
#hornbeambachflower#bachfloweruse
#bachflowerhornbeam#hornbeamuse
#holly#larch#agrimony#aspen#beech
#cerato#whatisbachflower#bfr#bach
#cherryplum#crabapple#elm#floweruse
#flowertherapy#flowermedicine#drbach
#drnosheenbachflower#flowertherapy
#oak#mustard#mimulus#olive#pine
#rescueremedy#walnut#whitechestnut
#sweetchestnut#scleranthus#wildoat
#impatience#bachflowerkonsimedicinehai
#mentaltonicbachflower#mindbachflower
#winterbachflower#skinbachflower#winter
#winterseasonbachflower#skin#olive
#winterskinproblembachflower
#watervioletbachflower#bachflowerwater
#waterviolet#makefriendswithbachflower
#watervioletfloresdebach#waterviolettamil
#watervioletswitchword",hi,False,False,,
m3UF0dtzyQ4,[],0,Flores de Bach,"Pseudocientífico
",72,72,0,FLORES DE BACH-GREENTERNET,http://www.centroedwardbach.com/ MISTIC BACH ESSENCES. Bach Flower Remedies,pt,False,False,,
36UXryskZp8,[],0,Flores de Bach,"Pseudocientífico
",2283,2283,0,Bach Bloesems Remedies: welke remedie kan mij helpen? *vraag*,"Note 2021: mijn Back Bloesem remedie heb ik inmiddels verkocht, en ik ben nu met andere projecten bezig. Mocht je er een vraag over hebben dan kan de reformwinkel jou daar bij helpen. 

#bachflowerremedies  #bachflower #bachflowertherapy   

Bach Bloesems zijn er voor om jou te helpen als je geestelijk niet zo lekker in je vel zit. Deze remedies zijn voor zeer verschillende doeleinden. Het zijn er 38 en daarnaast is er Resque. Dit kan een steuntje in de rug geven. Bij reformzaken en sommige drogisterijen kun je deze kopen, en om extra raad vragen. 

*ga met problemen natuurlijk naar de huisarts die jou verder kan helpen*",nl,False,False,,
-ppDtizgcTQ,['Manifest'],1,Flores de Bach,"Pseudocientífico
",549,549,20,"Tips for safe Travel -Bach flowers,Mantras,animal spirit guide || travel saftey tips || Travel story","Tips for safe Travel -Bach flowers,Mantras,animal spirit guide || travel saftey tips || Travel story
latest video 
Om joom saha mantra -के लाभकारी उपयोग जो कोई नहीं बताता reeya's spiritual remedies
https://youtu.be/MXaXLS3ySVY

join batch 4 self-love and self-praise
whats app 8756920043 for inquiry
Learn the hidden secrets of falling in love with yourself
BEGIN MAGIC INSIDE YOU

 Join Bach flower course     https://course.reeyasspiritualremedies.co.in/      

how to use  video
1 play near the patient daily
2 put  water near audio to get water charged and give to the patient
3 stick photo of the patient  on speaker
4 use  mantra charge water for cooking
5 play audio where disharmony exists


For any query email me reeyasspiritualremedies@gmail.com
80 kg -64 kgकैसे मैंने अपना weight lossकिया इस  powerful technique  ​से जो कोई नहीं जनता https://youtu.be/BYqxuCIQ3e8

weigh machine https://amzn.to/2VGVv3R

झूट बोलने की आदत ख़तम करने का आसान उपाए click to know  https://youtu.be/nxzYp7SiFDk

आप क्या नहीं सीख रहे है SOCIAL MEDIAS  से https://youtu.be/C8tIa6A62VU

100% RESULT ✅ Manifest MONEY in 48 hrs 
https://youtu.be/USb7Sx3z0Ic
#jobmanifestation#LawOfAttraction #ManifestYourDreamJob #AttractYourDreamJob


कैसे मिला promotion ? Husband   और office colleague की नौकरी कैसे बचाई ?Remedies to get promotion https://youtu.be/gdwagVPoA88


 want to share my wonderful  testimony....
I called my angel of solution reeya mam because I was traveling first time  by myself and had lot of stuff with me (wedding jewellery) ..  
I was just praying to have safe journey and also I wanted to have good experience as it was my first journey alone I was going to reach late to mumbai after getting down from bus... 
 After getting down from the bus I wanted a good auto or a cab driver when I reach Mumbai to drop me to desired location... 
I contacted mam and she guided me with two mantras and some bach flower 
Om joom saha, saha joom  om

Om padma nandesshwara namah om
She also asked me to carry rescue remedy and write the above two mantra on peice of the paper so that my stuff will be safe and there will golden Aura created around me... 
She also asked me chant the animal spirit of the guide wolf 

I did as guided by mam and I reached safely and my stuff were also safe also and I was felt some beautiful and angelic energy were surrounded around me

I am so greatful to you mam... I thank you, thank you, thank you

#reeyasspiritualremedies
buy black tourmaline and other crystal what's app 7041112926 poorvi crystals
please mention my name while placing your order
#weightlosssuccessstory#weightlossmotivation#reeyasspiritualremedies#weighlosstips
best electric diffusers
https://amzn.to/3ltMy5C
https://amzn.to/3jYTJlO
https://amzn.to/36S6xXQ
https://amzn.to/34FmYnz
https://amzn.to/30TxCps

buy teespring products https://teespring.com/stores/reeyas-store

save kunjitha padam sarnam phone wallpaper https://bit.ly/2NkMi9S

  #reeyasspiritualremedies#bachflowertherapy#crabapple

sales wallpaper download https://bit.ly/2Vu61sN
-------------------------------------------------------------------------------------------------------------------------------------------
Subscribe my other channel- Reeraj vibes https://bit.ly/2RQDlrO



my daughter   https://bit.ly/3aqHd9g
my son channel https://www.youtube.com/watch?v=Bla2h2g6Rso&t=1s 
https://www.amazon.in/shop/reeyasspiritualremedies
 KHABRI APP -https://play.google.com/store/apps/details?id=com.inventia.app 


reeyas spiritual remedies- https://khabristudio.page.link/mCeyN4vqnFsCEDUs6 

callme4 app https://play.google.com/store/apps/details?id=callme.ve 

my website link https://www.reeyasspiritualremedies.co.in/
 Instagram  https://bit.ly/2Yu4812
Facebook    https://bit.ly/2W1OU1X
 ---------------------------------------------------------------------------------------------------------------------
 
 
my phone  https://amzn.to/2Wvnh08
selfie stick https://amzn.to/3dkcHjo
mantra counting https://amzn.to/2Wz9SE6
magnetic planner  https://amzn.to/2ymsXlb
daily journal https://amzn.to/2zhZWH5
mantra chanter https://amzn.to/35zGLVn
my headphone https://amzn.to/3c9QpAz
yoga cushion https://amzn.to/2z8hdCF
meditation earplug  https://amzn.to/35B8KnS
--------------------------------------------------------------------------------------------------------------------- 
To talk to me directly please download callme4 app from play store and call me to place an order for gemstones what's app 7041112926(poorvi crystals) please don't call on this number


copying of the content is prohibited 



Disclaimer I am a certified bach flower therapist, healer, counsellor, practitioner. I don't claim to treat any physical disease nor claim it to be a replacement for any medical treatment. Please take full responsibility for your wellbeing All teaching credit goes to -My guruji Naran S Bala Kumar--www.reachnaran.com Million thanks to my guruji-",hi,True,True,2021-12-27T14:00:10Z,2021-12-27T14:11:13Z
VYqy-Yd9tr0,"['fatigue', 'Fatigue']",2,Flores de Bach,"Pseudocientífico
",20,20,1,FLORES DE BACH: Olive. Olivo,"http://www.centroedwardbach.com
Información sobre las flores de bach.
Flor de Bach: Olive (Olivo)
- Permite recuperar fuerzas en épocas de agotamiento físico y mental. 
- Cansancio físico y mental. 
- Cansancio durante los cambios estacionales. 

Más información en:
http://www.esenciasdebach.com",es,False,False,,
Fh3dhzSBhIU,"['Sinapis arvensis', 'sadness']",2,Flores de Bach,"Pseudocientífico
",84,84,2,Ce Que Votre Médecin Ne Vous Dit Pas Sur la Moutarde !,"une vidéo de la chaine YouTube  @AlainTardifnaturo  abonnez vous !

La Moutarde (Sinapis arvensis) est une plante médicinale remarquable et une fleur de Bach connue sous le nom de Mustard. La fleur de Bach est connue pour agir en cas de tristesse sans origine précise. Cet élixir permet de ramener la lumière intérieure. Par ailleurs, la graine de moutarde est connue pour donner la fameuse préparation culinaire du même nom, et aussi pour la farine de graine, utilisée autrefois pour faire des cataplasmes sur la poitrine, ce qu'on appelait le Sinapisme, utile comme désinfectant des voies pulmonaires. La fleur de Bach est proposée sous forme de complément alimentaire par les naturopathes et les spécialistes des fleurs de Bach. Vous pouvez le trouver dans la boutique en ligne https://www.acerola-fr.com et vous pouvez approfondir vos connaissances sur cette plante en visitant sa fiche botanique https://mycobota.org/sinapis-arvensis-moutarde-des-champs/

Mustard (Sinapis arvensis) is a remarkable medicinal plant and Bach flower. Bach flower is known to act in case of sadness without precise origin. This elixir brings back the inner light. In addition, the mustard seed is known to give the famous culinary preparation of the same name, and also for the seed flour, used formerly to make poultices on the chest, what was called Sinapisme, useful as a disinfectant of the ways pulmonary. Bach flower is offered as a food supplement by naturopaths and Bach flower specialists. You can find it in the online store https://www.acerola-fr.com and you can deepen your knowledge of this plant by visiting its botanical sheet https://mycobota.org/sinapis-arvensis-moutarde-des-champs/

#phytothérapie #phytotherapy #naturopathie #naturopathy #fleursdebach #bachflower #moutarde #aemn #acerola #alaintardif
00:00 Introduction
00:11 la pratique du sinapisme
00:28 les propriétés de la moutarde
00:46 mustard en fleur de Bach pour les personnes tristes",fr,False,False,,
r9hx4c0eT-A,"['pain', 'ADHD', 'Migraine', 'weight loss', 'Headache', 'Trauma', 'PTSD']",7,Flores de Bach,"Pseudocientífico
",593,593,21,vine bach flower remedy! bach flower vine! flower remedies@DrNosheenAli Joint bach flower,"Vervain bach flower remedies @DrNosheenAli 
vervain benefits 
vervain flower 
headache bach flower remedy 
migraine bach flower remedy 
eye strain bach flower remedy 
eye pain bach flower remedy 


sweet chestnut 
sweet chestnut bach flower 
sweet chestnut benefits 
sweet chestnut bach flower remedy
sweet chestnut bach flower in English 
sweet chestnut bach flower in Hindi 
drnosheen ali

Star of Bethlehem bach flower 
Bach flower star of Bethlehem 
PTSD bach flower 
Trauma bach flower remedy 
Stress bach flower remedy 
drnosheen ali
Rock water bach flower remedy 
Bach flower rock water 
Rock water uses 
drnosheen ali
flexible mind by Bach flower 
strong mind by Bach flower 

Mustard Bach flower 
Mustard flower remedy 
Bach flower Mustard 
Drnosheenali
Flower essence

Larch Bach flower remedy
larch flower remedy
Bach flower larch
flower remedy 
flower essence



Bach flower Playlist 👉https://youtube.com/playlist?list=PL-gDVAmaLE-XCQuWCgPWQ7FoGNvn72KeA


Agrimony bach flower 👉https://youtu.be/E3TtdRHAhSU


Aspen Bach flower 👉https://youtu.be/y5X1SI6U51Y


Beech bach flower 👉https://youtu.be/vmZzXEUZTnk


century Bach flower 👉https://youtu.be/6JRXtglBYNg


Cerato Bach flower 👉https://youtu.be/9DkhJRSgsmY


Cherry Plum Bach flower 👉https://youtu.be/VqZ-9whWwyA


Chest nut bud Bach flower 👉https://youtu.be/0kFgxPjINSg


Chicory Bach flower 👉https://youtu.be/vlXGicF1Cd8


Clematis 👉https://youtu.be/wsarLblF-wQ


Crab apple 👉https://youtu.be/2TCCpvCSe2U


Elm👉https://youtu.be/Ljk9E4fHYTQ


Gorse 👉https://youtu.be/ffNt5eQlgks

Gentian 👉https://youtu.be/KdyHmfuBUdI


Boost confidence by Bach flower https://youtu.be/0SSudqfeZFs


beautiful skin by Bach flower https://youtu.be/nNZH4SLIUYM


Bach flower for weight loss https://youtu.be/Qfr_Dw7jjvo


Bach flower medicine for corona https://youtu.be/W3schzeyIb8


holly bach flower https://youtu.be/qXVYUTAr8d0


ADHD Bach flower medicine https://youtu.be/-e1Oxon-52M


heather Bach flower https://youtu.be/Qw8EcDJ7H9E


honeysuckle bach flower https://youtu.be/3QASa5iRVjI



hornbeam Bach flower https://youtu.be/7LQe7OAnRqU


impatiens Bach flower https://youtu.be/u0SvE8Izxrc



Larch Bach flower https://youtu.be/ZP-m8xf_q78


Mimulus Bach flower https://youtu.be/z8_FipWS6yk
------------------------------------------------------------------------------------------------------------------------------------------

Copyright Disclaimer Under Section 107 of the Copyright Act 1976, allowance is made for ""fair use"" for purposes such as criticism, commenting, news reporting, teaching, scholarship, and research. Fair use is a use permitted by copyright statute that might otherwise be infringing. Non-profit, educational or personal use tips the balance in favour of fair use.

We make these videos with the intention of educating others in a motivational/inspirational form. We do not own the clips and music we use in most cases. Our understanding is that it is in correlation to Fair Right Use, however given that it is open to interpretation.


------------------------------------------------------------------------------------------------------------------------------------------

Like Comment on Facebook 
https://www.facebook.com/Dr.nosheen.ali.96155


------------------------------------------------------------------------------------------------------------------------------------------

https://instagram.com/dr.nosheen.ali?utm_medium=copy_link

------------------------------------------------------------------------------------------------------------------------------------------


Thank you for watching please like share subscribe 

Take care enjoy happy and healthy life

Regards 
Dr.Nosheen
 for appointment- 79876 76467 (what's app only)fee-rs.500/-only

#bachflower#drnosheenvine#bfr#flower #starofbathelem
#hornbeambachflower#bachfloweruse
#bachflowerhornbeam#hornbeamuse
#holly#larch#agrimony#aspen#beech
#cerato#whatisbachflower#bfr#bach
#cherryplum#crabapple#elm#floweruse
#flowertherapy#flowermedicine#drbach
#drnosheenbachflower#flowertherapy
#oak#mustard#mimulus#olive#pine
#rescueremedy#walnut#whitechestnut
#sweetchestnut#scleranthus#wildoat
#impatience#bachflowerkonsimedicinehai
#mentaltonicbachflower#mindbachflower
#winterbachflower#skinbachflower#winter
#winterseasonbachflower#skin#olive
#winterskinproblembachflower",hi,False,False,,
BAkQ3JcBQUs,"['ADHD', 'weight loss']",2,Flores de Bach,"Pseudocientífico
",239,239,28,Mustard Bach flower remedy  Mustard flower remedy! Bach flower Mustard! Bach flower @DrNosheenAli,"Mustard Bach flower 
Mustard flower remedy 
Bach flower Mustard 
Drnosheenali
Flower essence

Larch Bach flower remedy
larch flower remedy
Bach flower larch
flower remedy 
flower essence



Bach flower Playlist 👉https://youtube.com/playlist?list=PL-gDVAmaLE-XCQuWCgPWQ7FoGNvn72KeA


Agrimony bach flower 👉https://youtu.be/E3TtdRHAhSU


Aspen Bach flower 👉https://youtu.be/y5X1SI6U51Y


Beech bach flower 👉https://youtu.be/vmZzXEUZTnk


century Bach flower 👉https://youtu.be/6JRXtglBYNg


Cerato Bach flower 👉https://youtu.be/9DkhJRSgsmY


Cherry Plum Bach flower 👉https://youtu.be/VqZ-9whWwyA


Chest nut bud Bach flower 👉https://youtu.be/0kFgxPjINSg


Chicory Bach flower 👉https://youtu.be/vlXGicF1Cd8


Clematis 👉https://youtu.be/wsarLblF-wQ


Crab apple 👉https://youtu.be/2TCCpvCSe2U


Elm👉https://youtu.be/Ljk9E4fHYTQ


Gorse 👉https://youtu.be/ffNt5eQlgks

Gentian 👉https://youtu.be/KdyHmfuBUdI


Boost confidence by Bach flower https://youtu.be/0SSudqfeZFs


beautiful skin by Bach flower https://youtu.be/nNZH4SLIUYM


Bach flower for weight loss https://youtu.be/Qfr_Dw7jjvo


Bach flower medicine for corona https://youtu.be/W3schzeyIb8


holly bach flower https://youtu.be/qXVYUTAr8d0


ADHD Bach flower medicine https://youtu.be/-e1Oxon-52M


heather Bach flower https://youtu.be/Qw8EcDJ7H9E


honeysuckle bach flower https://youtu.be/3QASa5iRVjI



hornbeam Bach flower https://youtu.be/7LQe7OAnRqU


impatiens Bach flower https://youtu.be/u0SvE8Izxrc



Larch Bach flower https://youtu.be/ZP-m8xf_q78


Mimulus Bach flower https://youtu.be/z8_FipWS6yk
------------------------------------------------------------------------------------------------------------------------------------------

Copyright Disclaimer Under Section 107 of the Copyright Act 1976, allowance is made for ""fair use"" for purposes such as criticism, commenting, news reporting, teaching, scholarship, and research. Fair use is a use permitted by copyright statute that might otherwise be infringing. Non-profit, educational or personal use tips the balance in favour of fair use.

We make these videos with the intention of educating others in a motivational/inspirational form. We do not own the clips and music we use in most cases. Our understanding is that it is in correlation to Fair Right Use, however given that it is open to interpretation.



------------------------------------------------------------------------------------------------------------------------------------------

https://instagram.com/dr.nosheen.ali?utm_medium=copy_link

------------------------------------------------------------------------------------------------------------------------------------------


Thank you for watching please like share subscribe 

Take care enjoy happy and healthy life

Regards 
Dr.Nosheen
 for appointment-7987676467 (what's app only)fee-rs.500/-only

#bachflower#drnosheen#Mustard
#hornbeambachflower#bachfloweruse
#bachflowerhornbeam#hornbeamuse
#holly#larch#agrimony#aspen#beech
#cerato#whatisbachflower#bfr#bach
#cherryplum#crabapple#elm#floweruse
#flowertherapy#flowermedicine#drbach
#drnosheenbachflower#flowertherapy
#oak#mustard#mimulus#olive#pine
#rescueremedy#walnut#whitechestnut
#sweetchestnut#scleranthus#wildoat
#impatience#bachflowerkonsimedicinehai
#mentaltonicbachflower#mindbachflower
#winterbachflower#skinbachflower#winter
#winterseasonbachflower#skin#olive
#winterskinproblembachflower",hi,False,False,,
eNRQgxamck0,[],0,Flores de Bach,"Pseudocientífico
",23,23,0,FLORES DE BACH: Oak. Roble,"http://www.centroedwardbach.com
Información sobre las flores de bach.
Flor de Bach: Oak (Roble)
- Da la oportunidad de concederse una tregua sin necesidad de enfermar. 
- Estrés de rendimiento permanente. 
- Embolias, infartos, hernias discales. 

Más información en:
http://www.esenciasdebach.com",es,False,False,,
cPpWR4Y801Q,"['Constipation', 'Menstrual delays']",2,Flores de Bach,"Pseudocientífico
",20,20,0,FLORES DE BACH: Chicory. Achicoria,"http://www.centroedwardbach.com
Información sobre las flores de bach.
Flor de Bach: Achicoria (Chicory)
- Permite aceptar a los demás sin imponerse, respetándolos y sin criticar.
- Manipulación. Personas absorbentes.
- Diabetes. Estreñimiento. Retrasos menstruales 

Más información en:
http://www.esenciasdebach.com",es,False,False,,
Xdu42xqNn8U,"['osteoarthritis', 'arthritis']",2,Flores de Bach,"Pseudocientífico
",26,26,0,FLORES DE BACH: Willow. Sauce,"http://www.centroedwardbach.com
Información sobre las flores de bach.
Flor de Bach: Willow (Sauce)
- Permite aceptar los reveses de la vida sin resentimientos ni quejas y recobrar el interés por las cosas. 
- Irritación, amargura, autocomplacencia. 
- Artrosis, artritis. 

Más información en:
http://www.esenciasdebach.com",es,False,False,,
q-TeX84wZKA,[],0,Flores de Bach,"Pseudocientífico
",334,334,2,Florais de Bach (Portuguese subtitles),Visit my site: www.fcperini.com - This video is a tribute to Dr. Edward Bach who discovered the flowers' healing power,en,False,False,,
VJKq64SXAq8,"['agitation', 'traumatic', 'Anxiety', 'anxiety']",4,Flores de Bach,"Pseudocientífico
",597,597,24,🐶 Flores de Bach para Perros con Ansiedad: Esencia de AGRIMONY,"👇👇👇👇👇👇👇👇👇👇👇👇👇
Hoy quiero hacerte un REGALO: https://chamaneducacioncanina.com/regalo-guia-flores-bach/
👆👆👆👆👆👆👆👆👆👆👆👆👆

Todos los videos de esta serie: https://www.youtube.com/watch?v=oP2TBpnJpbE&list=PLqkbzXpp76uovwCsm7swVafd-A4_V3xoj&index=1

En este video, te mostraré cómo las Flores de Bach pueden ser la solución que estás buscando para ayudar a tu peludo amigo a gestionar el Ansiedad.

Hoy hablaremos sobre una esencia que considero fundamental, especialmente para perros que han experimentado situaciones traumáticas como el abandono o la vida en refugios. Sabemos que estos perros pueden llegar a casa con una gran carga emocional, y es crucial que les brindemos paciencia y empatía.

Las Flores de Bach, en particular la esencia de Agrimony, pueden ser una herramienta poderosa para ayudar a tu perro en momentos de ansiedad, estrés o agitación. Estas emociones pueden convertirse en estrés crónico si no se gestionan adecuadamente, y es aquí donde las Flores de Bach entran en juego.

Es importante recordar que cada perro es único, y las necesidades emocionales varían. Tu perro puede necesitar ejercicios de estimulación mental, mientras que otro puede luchar con la ansiedad por separación. Las Flores de Bach pueden ser complementarias a otras terapias y tratamientos, y un educador canino con experiencia puede ayudarte a determinar la mejor estrategia para tu peludo amigo.

Las emociones de los humanos también afectan a nuestros perros, y a menudo actúan como espejos de nuestras propias emociones. Por lo tanto, entender cómo gestionar nuestras emociones también es esencial para ayudar a tu perro a encontrar la calma.

#PerroTranquilo #FloresDeBach #CuidadoDeMascota #EducaciónCanina #BienestarAnimal",es,False,False,,
P5Y8195IzSw,['http://www.instagram.com/evoluirnoamor'],1,Flores de Bach,"Pseudocientífico
",165,165,6,O Floral para quem PROCRASTINA e tem preguiça 🌷 Floral de Bach Hornbeam,"O Floral para quem PROCRASTINA e tem preguiça 🌷 Floral de Bach Hornbeam

📖 Baixe o eBook Gratuito Conhecendo os Florais de Bach: 
👉 https://cursoterapeutafloral.com.br/ebookflorais-yt

❤️ Conheça nosso Curso de Terapeuta Floral de Bach
👉 https://cursoterapeutafloral.com.br/yt

🌷 Instagram: http://www.instagram.com/evoluirnoamor

🌸 Inscreva-se no Canal e Ative as Notificações

 🙏 Gratidão por nos seguir 

💜 COMPARTILHE nossos vídeos e não deixe de dar um LIKE 

🌷 Beijos da Fer",pt,False,False,,
kKrX1R8fVoY,[],0,Flores de Bach,"Pseudocientífico
",186,186,4,"Bach Remedy Larch with Denise Eaton, BFRP","2020 is behind us, and it’s time to focus on you.  Are you ready to make 2021 the best year ever? Be more adventurous, take a risk, and work on building your self-confidence. Denise Eaton, BFRP, explains how Bach Flower Larch can help you see your abilities, identify the potentials, and achieve them.     

*Claims based on traditional homeopathic practice, not accepted medical evidence. Not FDA evaluated.

To learn more about Bach including where to purchase, visit our website here: https://www.bachremedies.com/en-us",en,False,False,,
tXl6NAM8AXg,"['depression', 'constipation']",2,Flores de Bach,"Pseudocientífico
",22,22,0,FLORES DE BACH: Honeysuckle. Madreselva,"http://www.centroedwardbach.com
Información sobre las flores de bach.
Flor de Bach: Honeysuckle (Madreselva)
- Para que el pasado no impida vivir el presente (nostalgia,...). 
- Nostalgia, depresión.
- Enfermedades congénitas, estreñimiento.

Más información en:
http://www.esenciasdebach.com",es,False,False,,
1thZOC78-oM,"['rigidity', 'sprains', 'ankylosis']",3,Flores de Bach,"Pseudocientífico
",11,11,0,FLORES DE BACH: . Agua de Roca,"http://www.centroedwardbach.com
Información sobre las flores de bach.
Flor de Bach: Rock Water (Agua de roca)
- Necesario cuando somos demasiado exigentes con uno mismo, para aquellas personas con tendencia a mostrarse como ejemplo para los demás. Les permite disfrutar más de lo que les rodea. 
- Auto-represión. Perfeccionismo. Sectas. 
- Rigidez no inflamatoria, torceduras, anquilosis.

Más información en:
http://www.esenciasdebach.com",es,False,False,,
-dL2lii9gGM,"['chest pain', 'alcohol']",2,Flores de Bach,"Pseudocientífico
",15,15,0,FLORES DE BACH: Agrimony. Agrimonia,"http://www.centroedwardbach.com
Información sobre las flores de bach.
Flor de Bach: Agrimony (Agrimonia)
- Da la oportunidad de expresar sus emociones en lugar de esconderlas bajo una sonrisa. 
- Problemas de drogas, alcohol. 
- Sensación de opresión o dolor en el pecho.

Más información en:
http://www.esenciasdebach.com",es,False,False,,
LNbVv_KE-A8,"['depression', 'flatulence', 'constipation', 'Depression', 'pains', 'diarrhea']",6,Flores de Bach,"Pseudocientífico
",16,16,0,FLORES DE BACH: Gentian. Genciana,"http://www.centroedwardbach.com
Información sobre las flores de bach.
Flor de Bach: Gentian (Genciana)
- Anima cuando se flaquea por pequeños contratiempos en procesos que evolucionan de manera satisfactoria. (Temor a una recaída, depresión post-operatoria, post-parto...). 
- Depresión. Duda de uno mismo 
- Dolores digestivos, flatulencia, diarrea, estreñimiento.

Más información en:
http://www.esenciasdebach.com",es,False,False,,
3nL5M-CSOWs,[],0,Flores de Bach,"Pseudocientífico
",110,110,1,Como a terapia floral atua nos animais | Dra. Letícia Melo Oliveira,"Olá! 👋 Sou Letícia Melo Oliveira, médica veterinária homeopata e terapeuta floral. 

Você sabia que os animais também respondem à terapia floral? 🤔 

🐶 Neste vídeo, desvendamos o poder da terapia floral para animais! 🌸 Descubra como as essências vibracionais das flores podem promover o bem-estar emocional e físico dos nossos amigos de quatro patas. 🐾

Dr. Bach, criador da terapia floral, observou a relação entre emoções e saúde em seus pacientes. 

👨‍⚕️ E você, já usou florais para ajudar seu pet? 

Conheça mais sobre meu Curso de Florais de Bach para animais:
https://www.leticiameloo.com.br/curso-florais-bach/

Compartilhe suas experiências nos comentários! 👇

🔔 Não se esqueça de se inscrever no canal, curtir e compartilhar para mais dicas sobre cuidados naturais para pets!

📢 Conecte-se comigo:
- https://www.facebook.com/LeticiaMeloHomeopatia
- https://www.instagram.com/leticiameloliveira
- https://www.leticiameloo.com.br

Até o próximo vídeo! 🌿🐾

#TerapiaFloral #BemEstarAnimal #FloraisParaAnimais #MedicinaVeterinária #LetíciaMeloOliveira",pt,False,False,,
Ohg5xgtlf4U,['restless'],1,Flores de Bach,"Pseudocientífico
",346,346,5,"Sleep Awareness Week with BACH® Flowers – Denise Eaton, BFRP, BFRAP","Are you mindful of your sleep hygiene?  Is an over-active mind keeping you from a good night’s sleep? During sleep awareness week (March 7-13), aim to make good sleep habits a priority, and help improve your health and well-being.  

Denise Eaton BFRP discusses how BACH® flower White Chestnut, the key ingredient in RESCUE SLEEP®, helps calm the mind allowing you to have a good night's sleep.  

*Claims based on traditional homeopathic practice, not accepted medical evidence. Not FDA evaluated.

To learn more about Bach including where to purchase, visit our website here: https://www.bachremedies.com/en-us",en,False,False,,
gKplcoghJkY,"['aggressive behaviors', 'calmness', 'Aggression', 'aggression']",4,Flores de Bach,"Pseudocientífico
",269,269,6,🐶 Flores de Bach para Perros Agresivos: Esencia de Beech,"👇👇👇👇👇👇👇👇👇👇👇👇👇
Hoy quiero hacerte un REGALO: https://chamaneducacioncanina.com/regalo-guia-flores-bach/
👆👆👆👆👆👆👆👆👆👆👆👆👆

Todos los videos de esta serie: https://www.youtube.com/watch?v=oP2TBpnJpbE&list=PLqkbzXpp76uovwCsm7swVafd-A4_V3xoj&index=1

¿Te preocupa que tu perro tenga comportamientos agresivos? En Chamán Educación Canina, exploramos soluciones para ayudarte a gestionar las emociones de tu perro y resolver problemas de agresividad. Descubre cómo las flores de Bach pueden ayudar a tu perro a reducir la intolerancia y promover la calma, disminuyendo las respuestas desproporcionadas ante situaciones incómodas.

La agresividad en los perros a menudo se origina en una falta de socialización adecuada. Si no exponemos al perro de manera gradual a otros perros, personas y estímulos durante su desarrollo, pueden surgir problemas. Por lo tanto, es importante trabajar estructuradamente para restaurar la confianza del perro y reconducir su comportamiento.

En Chamán Educación Canina, destacamos la importancia de un trabajo estructurado para restaurar la confianza del perro y reconducir su comportamiento. Además, enfatizamos cómo el uso de las flores de Bach puede acelerar el proceso de corrección.

Si te preocupa la agresividad de tu perro, nuestro video es esencial. Asegúrate de seguir viendo para obtener más consejos sobre cómo aplicar las esencias de flores de Bach a diversas emociones caninas.
___________________________________________________________________________
Soy Elisabeth de Chaman Educación Canina y puedes contactar conmigo a través de mi web:

https://chamaneducacioncanina.com
https://www.facebook.com/chamaneducacioncanina
https://www.instagram.com/chamaneducacioncanina

No solo adiestramos a tu perro, sino que vamos un paso más allá para que te comuniques con él y entiendas su lenguaje.
El adiestramiento de perros no solo consiste en dar ordenes, es entendimiento, comprensión, convivencia... pero sobre todo, cariño hacia el animal que tienes a tu lado.
___________________________________________________________________________
#PerrosFelices #FloresDeBach #ConductasAgresivas #EducaciónCanina #AmoAMiPerro",es,False,False,,
EH-Y6L4ceWg,[],0,Flores de Bach,"Pseudocientífico
",404,404,1,Flores de bach: Las Flores de Bach versus Edward Bach. EL LIBRO DE JOSE SALMERON.,"http://www.centroedwardbach.com/ Novela de ficción histórica con base documental. Sin duda no sucedió exactamente así, pero es muy probable conozcas mucho mejor la humanidad de Edward Bach y sus flores de bach a través de su lectura... y su conflicto con la Medicina de su Epoca.
Centro Edward Bach: La rica sensibilidad de la Terapeuta Esencial Manuela Moreno, Maestra Esencial, nos adelanta unas lineas de este texto y nos enriquece su comprensión con su punto de vista.
Recordad 
Creo que tanto las flores de bach como Edward Bach estarían muy orgullosos de nosotros.
Dejo aquí constancia de mi agradecimiento. José Salmerón Pascual. Autor y Editor del Libro.",es,False,False,,
txTUrtWFno0,['hypochondria'],1,Flores de Bach,"Pseudocientífico
",18,18,0,FLORES DE BACH: Heather. Brezo,"http://www.centroedwardbach.com
Información sobre las flores de bach.
Flor de Bach: Heather (Brezo)
- Eficaz para reencontrarse con uno mismo y prescindir de la compañía de los demás. 
- Falta de escucha, hipocondría.
- Dolor de oídos, miedo a la soledad.

Más información en:
http://www.esenciasdebach.com",es,False,False,,
0KKIairvzxc,['alcohol'],1,Flores de Bach,"Pseudocientífico
",286,286,6,Este Floral vai ajudar quem sente muito nojo e tem mania de limpeza 🌸 Floral de Bach Crab Apple,"Este Floral vai ajudar quem sente muito nojo e tem mania de limpeza 🌸

Floral Crab Apple: A Essência Floral Para Pessoas Obsessivas com Limpeza

Você é uma daquelas pessoas que se preocupa constantemente com a limpeza e a higiene, e tem medo de contaminação?

Precisa estar sempre limpando tudo, lava as mãos frequentemente ou toma vários banho por dia, mas mesmo assim sente a ""impureza” dentro de si?

A Essência Floral Crab Apple é perfeita para ajudar nestas situações.

Ela é indicada para pessoas que têm aversão a sujeira, que sentem nojo de tudo e que precisam limpar tudo o tempo todo. Podem ter mania de limpeza, querer passar álcool ou outros produtos desinfetantes por tudo e limpar-se excessivamente.

Na verdade, são pessoas que sentem-se de alguma forma impuras internamente, tem alguma espécie de aversão a partes de si mesmo, e não conseguem aceitar a sujidade e as imperfeições do mundo físico.

E isto se reflete no nojo exagerado e na necessidade de limpeza constante, na perspectiva de se afastar do que está ""sujo ou contaminado"" e garantir a limpeza em seu mundo externo.

Mas não adianta limpar o externo se internamente a pessoa sente-se ""suja"". Estes sintomas vão ser realmente resolvidos quando a pessoa conseguir sentir a real limpeza e pureza dentro de si mesma, que é exatamente o que este Floral faz.

O Floral Crab Apple vai ajudar a pessoa sentir-se limpa e purificada internamente, para assim não sentir mais a necessidade de limpar compulsivamente o seu corpo e o ambiente que vive, e conseguir aceitar algumas situações que antes sentia um nojo extremo (como conseguir sentar em locais públicos, por exemplo).

O Crab Apple é um dos 38 Florais de Bach, uma terapia natural criada pelo médico inglês Edward Bach, na Inglaterra, na década de 30. Esta Terapia consiste em usar Essências Florais para equilibrar as emoções e os pensamentos, e assim conseguir retomar o equilíbrio interior e a qualidade de vida.

Se você se identificou com este Floral, pode encontrá-lo em farmácias de manipulação.

Mas para um melhor resultado, procure um Terapeuta Floral para avaliar o seu caso e te orientar no tratamento Floral mais indicado para você.

Ou ainda você mesmo pode aprender a Terapia Floral para fazer o seu autotratamento. 

Em nosso Curso de Formação você terá todas as informações e suporte que precisa para aplicar a Terapia Floral na sua vida ou começar uma nova profissão.

🌿 Clique aqui para conhecer o nosso curso completo
👉 https://cursoterapeutafloral.com.br/yt


Evolua, ame !

🌸 Inscreva-se no Canal e Ative as Notificações

📖 Baixe o eBook Gratuito Conhecendo os Florais de Bach: 
👉 https://evoluirnoamor.com.br/ebookflorais

🌷 Instagram: http://www.instagram.com/evoluirnoamor

 🙏 Gratidão por nos seguir 

💜 Aqui eu espalho o amor para te inspirar e fazer sua vida mais positiva e leve.
 
COMPARTILHE nossos vídeos e não deixe de dar um LIKE 

💜💜

🌷 Evolua, Ame !

Beijos da Fer",pt,False,False,,
sK0vqY7USU4,['elixirs'],1,Flores de Bach,"Pseudocientífico
",,,,,,,False,False,,
NTodLRYydok,"['Pine', 'mistakes', 'http://www.instagram.com/evoluirnoamor', 'guilt', 'distressing']",5,Flores de Bach,"Pseudocientífico
",136,136,6,O Floral para lidar com o sentimento de Culpa e Autoperdão 🌿 Floral de Bach Pine,"O Floral para lidar com o sentimento de Culpa e Autoperdão 🌿 Floral de Bach Pine

🌸 Inscreva-se no Canal e Ative as Notificações

📖 Baixe o eBook Gratuito Conhecendo os Florais de Bach: 
👉 https://cursoterapeutafloral.com.br/ebookflorais/

🌷 Instagram: http://www.instagram.com/evoluirnoamor

Este Floral ajuda a pessoa a lidar com o sentimento de culpa e a despertar o autoperdão
A culpa é um dos sentimentos mais angustiantes e devastadores que uma pessoa pode experimentar.

Como resultado, ela faz com que a pessoa sinta que deva ser punida e que não é merecedora de coisas boas.

Mas, felizmente, há diferentes formas de lidar com esse sentimento, e um deles é através do uso do Floral de Bach Pine.

Neste texto você vai aprender como o Floral Pine pode ajudar a pessoa a lidar com a culpa e encontrar dentro de si o autoperdão, para sentir-se novamente merecedora de todas as coisas boas da vida.

O que é o Floral Pine?

O Floral Pine é uma Essência Floral produzida com as flores do Pinheiro silvestre.

Ele é usado na Terapia Floral para ajudar as pessoas a lidarem com o sentimento de culpa, que pode envolver excesso de autocrítica, baixa autoestima e a sensação de merecer punição por ter feito algo de errado, fechando-se para o receber e para a abundância.

Como o Floral Pine pode ajudar a lidar com o sentimento de culpa?
O Floral Pine vai ajudar a pessoa a lidar com a culpa através do autoperdão e da autocompaixão.

A pessoa volta a sentir-se em paz com as suas ações e a aceitar os próprios erros, compreendendo que todos podem errar e nem por isso merecem ser castigados ou privados das coisas boas do mundo.

O Floral Pine pode ajudar a abrir-se para a abundância e o prazer
As pessoas que não tem prosperidade podem estar bloqueando o receber em suas vidas.

Elas mesmas podem acabar criando cenários desfavoráveis para se punirem ou por acreditarem que não merecem receber.

Isso pode acontecer também com pessoas que tem dificuldade em sentir prazer na vida, como se o prazer fosse algo errado.

Essa questão pode acontecer com frequência na relação sexual, onde a pessoa acredita que é errado relacionar-se desta forma e não se abre para esta manifestação afetiva, bloqueando o seu prazer.

Em resumo, Pine é um Floral que pode ajudar muitas pessoas a tirarem dos seus ombros o peso da culpa e a abrirem-se para a abundância e o prazer em suas vidas.

 🙏 Gratidão por nos seguir 

💜 Aqui eu espalho o amor para te inspirar e fazer sua vida mais positiva e leve.
 
COMPARTILHE nossos vídeos e não deixe de dar um LIKE 

💜💜

🌷 Evolua, Ame !

Beijos da Fer",pt,False,False,,
XaJIhBjyLbc,[],0,Flores de Bach,"Pseudocientífico
",157,157,5,O Floral para quem é carente e quer algo em troca🌷Floral de Bach Chicory,"Este é o Floral para aqueles que têm carência afetiva e procuram no outro o amor que lhes falta.

Assim, sempre que essas pessoas dão algo, esperam alguma coisa em troca.

Este Floral vai ajudá-las a SER o amor, ao invés de querer TER o amor.

Assista ao vídeo até o final para aprender mais sobre este Floral tão especial.

📖 Baixe o eBook Gratuito Conhecendo os Florais de Bach: 
👉 https://cursoterapeutafloral.com.br/ebookflorais-yt

❤️ Conheça nosso Curso de Terapeuta Floral de Bach
👉 https://cursoterapeutafloral.com.br/yt

🌷 Instagram: http://www.instagram.com/evoluirnoamor

🌸 Inscreva-se no Canal e Ative as Notificações

 🙏 Gratidão por nos seguir 

💜 COMPARTILHE nossos vídeos e não deixe de dar um LIKE 

🌷 Beijos da Fer",pt,False,False,,
SfvpNxWXq_E,['multiple sclerosis'],1,Flores de Bach,"Pseudocientífico
",39,39,0,FLORES DE BACH: Water Violet. Violeta de Agua,"Información sobre las flores de bach.
Flor de Bach: Water Violet (Violeta de Agua)
- Facilita la colaboración grupal cuando se tiene tendencia a aislarse. 
- Aislamiento social. 
- Pérdida visual o auditiva, esclerosis múltiple. 

Más información en:
http://www.esenciasdebach.com",es,False,False,,
TDQdYVN-dck,['death'],1,Flores de Bach,"Pseudocientífico
",150,150,9,"Floral para o MEDO e TIMIDEZ 🌷 Medo de falar em público, medos que nos prejudicam","📖 Baixe o eBook Gratuito Conhecendo os Florais de Bach: 
👉 https://cursoterapeutafloral.com.br/ebookflorais-yt

❤️ Conheça nosso Curso de Terapeuta Floral de Bach
👉 https://cursoterapeutafloral.com.br/yt

O Floral Mimulus pode ajudar a lidar com os medos mais comuns do dia a dia e melhorar sua qualidade de vida.

O Mimulus é um dos Florais de Bach mais vendidos e amplamente conhecidos por seu poder de tratar medos pontuais, aqueles que nos afetam de forma sutil, mas prejudicam nossa confiança e bem-estar. 

Seja medo de dirigir, medo de animais, medo do escuro, medo da morte ou qualquer outro medo que o assombre, o Mimulus pode ser seu aliado para superá-los.

Além disso, o Mimulus também é recomendado para pessoas tímidas que têm dificuldade em falar em público, expressar-se ou lidar com críticas. 

O floral Mimulus pode ajudá-lo a ganhar confiança e se sentir mais à vontade em situações sociais desafiadoras.

🌷 Instagram: http://www.instagram.com/evoluirnoamor

🌸 Inscreva-se no Canal e Ative as Notificações

 🙏 Gratidão por nos seguir 

💜 COMPARTILHE nossos vídeos e não deixe de dar um LIKE 

🌷 Beijos da Fer",pt,False,False,,
3QuzZDYR1Os,[],0,Flores de Bach,"Pseudocientífico
",178,178,9,O Floral para os Medos Desconhecidos 🌸 Floral de Bach Aspen,"O Floral para os Medos Desconhecidos 🌸 Floral de Bach Aspen

📖 Baixe o eBook Gratuito Conhecendo os Florais de Bach: 
👉 https://cursoterapeutafloral.com.br/ebookflorais-yt

❤️ Conheça nosso Curso de Terapeuta Floral de Bach
👉 https://cursoterapeutafloral.com.br/yt

🌷 Instagram: http://www.instagram.com/evoluirnoamor

🌸 Inscreva-se no Canal e Ative as Notificações

 🙏 Gratidão por nos seguir 

💜 COMPARTILHE nossos vídeos e não deixe de dar um LIKE 

🌷 Beijos da Fer",pt,False,False,,
4ZP0f_t2b4E,['pessoal'],1,Flores de Bach,"Pseudocientífico
",173,173,11,Floral para ajudar pessoas sem Entusiasmo e Motivação na Vida 🌿 Os Florais de Bach,"Floral para ajudar pessoas sem Entusiasmo e Motivação na Vida 🌿 Os Florais de Bach

📖 Baixe o eBook Gratuito Conhecendo os Florais de Bach: 
👉 https://cursoterapeutafloral.com.br/ebookflorais-yt

❤️ Conheça nosso Curso de Terapeuta Floral de Bach
👉 https://cursoterapeutafloral.com.br/yt

🌷 Instagram: http://www.instagram.com/evoluirnoamor

🌸 Inscreva-se no Canal e Ative as Notificações

 🙏 Gratidão por nos seguir 

💜 COMPARTILHE nossos vídeos e não deixe de dar um LIKE 

🌷 Beijos da Fer",pt,False,False,,
P_pjov8soBI,[],0,Flores de Bach,"Pseudocientífico
",596,596,20,"QUE SON Y PARA QUE SIRVEN LAS FLORES DE BACH, Bach flowers","QUE SON Y PARA QUE SIRVEN LAS FLORES DE BACH.











#bach#
#floresdebach#
#medicinanatural#",es,False,False,,
sE8qIVgjuT8,[],0,Flores de Bach,"Pseudocientífico
",145,145,0,FLORES DE BACH: www.esenciasdebach.com,http://www.centroedwardbach:com Presentación del Curso Online Nivel 2,es,False,False,,
x14BIXgIuYE,['antisocial'],1,Flores de Bach,"Pseudocientífico
",253,253,4,O Floral para quem  é ANTISSOCIAL e tem dificuldade de relacionar com os outros 🌺,"O Floral parra quem  é ANTISSOCIAL e tem dificuldade de relacionar com os outros 🌺

📖 Baixe o eBook Gratuito Conhecendo os Florais de Bach: 
👉 https://cursoterapeutafloral.com.br/ebookflorais-yt

❤️ Conheça nosso Curso de Terapeuta Floral de Bach
👉 https://cursoterapeutafloral.com.br/yt

🌷 Instagram: http://www.instagram.com/evoluirnoamor

🌸 Inscreva-se no Canal e Ative as Notificações

 🙏 Gratidão por nos seguir 

💜 COMPARTILHE nossos vídeos e não deixe de dar um LIKE 

🌷 Beijos da Fer",pt,False,False,,
RZMmnI8UEiM,"['terapias', 'diabetes']",2,Flores de Bach,"Pseudocientífico
",9,9,0,"#shorts Tranquilo, sereno, tu puedes, todo pasa, animo #shorts #cortos","Tranquilo, sereno, tu puedes, todo pasa, animo

Una Serie de videos para aprender diferentes temas relacionados con la salud desde diferentes terapias-
Contestaremos todas tu dudas

Programación Semanal del Canal

Lunes Agradecimientos
Martes Sonidos Terapéuticos
Miércoles Iridología
Jueves Flores de Bach
Viernes Terapias Alternativas
Sábado Movimiento Celular
Domingo Reflexiones 
Cualquier día podemos subir temas que los suscriptores solicitaron. como el diplomado de herbolaria con mas de 90 horas, aditivos alimentarios y mas.

CONTACTO
Whatsapp México +52  871121083
https://www.facebook.com/joseluis.del...
www.joseluisdelafuentelopez.com
Torreón, Coah. Méx.",es,False,False,,
yT-fVYEtA_Q,[],0,Flores de Bach,"Pseudocientífico
",181,181,6,Floral para quem está preso ao passado 🌸 Os Florais de Bach,"📖 Baixe o eBook Gratuito Conhecendo os Florais de Bach: 
👉 https://cursoterapeutafloral.com.br/ebookflorais-yt

❤️ Conheça nosso Curso de Terapeuta Floral de Bach
👉 https://cursoterapeutafloral.com.br/yt

🌷 Instagram: http://www.instagram.com/evoluirnoamor

🌸 Inscreva-se no Canal e Ative as Notificações

 🙏 Gratidão por nos seguir 

💜 COMPARTILHE nossos vídeos e não deixe de dar um LIKE 

🌷 Beijos da Fer",pt,False,False,,
6PxXEIgcYt0,['MXN'],1,Flores de Bach,"Pseudocientífico
",3020,3020,7,"Conferencia gratuita ""Memorias de las experiencias pasadas. Flores de Bach"" con Eduardo H. Grecco","Diplomado ""Terapia Floral"" iniciamos el sábado 20 de mayo en horario 9:00 a 15:00 hrs. 
$3,100 MXN / 170 USD mensualidad

Curso previo ""¿Qué pruebas enfrento?"" el día viernes 24 de marzo en horario 15:00 a 18:00 hrs. 
$300 MXN / 16 USD

Para más información favor de comunicarte al whatsapp +523311354818 o al correo lagofloral@gmail.com",es,False,False,,
OZc68i1WmoI,['terrors'],1,Flores de Bach,"Pseudocientífico
",12,12,0,FLORES DE BACH: Aspen. Alamo Tembon,"http://www.centroedwardbach.com
Información sobre las flores de bach.
Flor de Bach: Aspen (Alamo Tembon)
- Útil cuando se siente temores inexplicables, premoniciones. . 
- Pesadillas, terror nocturno, aprehensión,presagios.
- Hipocondría.

Más información en:
http://www.esenciasdebach.com",es,False,False,,
duNnzln8q-0,[],0,Flores de Bach,"Pseudocientífico
",163,163,7,O Floral para quem está sempre cansado e exausto 🌷 Como ter Vitalidade com os Florais de Bach,"Você atende pessoas que estão sempre cansadas?

Seja porque tem uma alta carga de trabalho, cuidam de filhos pequenos, se estressam demais no convívio com outras pessoas, ou alguma outra situação que exige muita energia?

O Floral que explico neste vídeo pode ser a solução para essas pessoas recuperarem a sua vitalidade.

📖 Baixe o eBook Gratuito Conhecendo os Florais de Bach: 
👉 https://cursoterapeutafloral.com.br/ebookflorais-yt

❤️ Conheça nosso Curso de Terapeuta Floral de Bach
👉 https://cursoterapeutafloral.com.br/yt

🌷 Instagram: http://www.instagram.com/evoluirnoamor

🌸 Inscreva-se no Canal e Ative as Notificações

 🙏 Gratidão por nos seguir 

💜 COMPARTILHE nossos vídeos e não deixe de dar um LIKE 

🌷 Beijos da Fer",pt,False,False,,
n6j_4B-Y3io,"['depression', 'irritable', 'Irritable']",3,Flores de Bach,"Pseudocientífico
",154,154,4,"O Floral para quem é Impaciente, Irritado, Explosivo 🌷 Floral de Bach Impatiens","O Floral para quem é Impaciente, Irritado, Explosivo 🌷 Floral de Bach Impatiens

📖 Baixe o eBook Gratuito Conhecendo os Florais de Bach: 
👉 https://cursoterapeutafloral.com.br/ebookflorais-yt

❤️ Conheça nosso Curso de Terapeuta Floral de Bach
👉 https://cursoterapeutafloral.com.br/yt

🌷 Instagram: http://www.instagram.com/evoluirnoamor

🌸 Inscreva-se no Canal e Ative as Notificações

 🙏 Gratidão por nos seguir 

💜 COMPARTILHE nossos vídeos e não deixe de dar um LIKE 

🌷 Beijos da Fer",pt,False,False,,
L3aAyYDfofQ,"['ADHD', 'weight loss']",2,Flores de Bach,"Pseudocientífico
",377,377,10,Rock water bach flower remedy Bach flower rock water! Strong mind bach flower bach@DrNosheenAli,"Rock water bach flower remedy 
Bach flower rock water 
Rock water uses 
drnosheen ali
flexible mind by Bach flower 
strong mind by Bach flower 

Mustard Bach flower 
Mustard flower remedy 
Bach flower Mustard 
Drnosheenali
Flower essence

Larch Bach flower remedy
larch flower remedy
Bach flower larch
flower remedy 
flower essence



Bach flower Playlist 👉https://youtube.com/playlist?list=PL-gDVAmaLE-XCQuWCgPWQ7FoGNvn72KeA


Agrimony bach flower 👉https://youtu.be/E3TtdRHAhSU


Aspen Bach flower 👉https://youtu.be/y5X1SI6U51Y


Beech bach flower 👉https://youtu.be/vmZzXEUZTnk


century Bach flower 👉https://youtu.be/6JRXtglBYNg


Cerato Bach flower 👉https://youtu.be/9DkhJRSgsmY


Cherry Plum Bach flower 👉https://youtu.be/VqZ-9whWwyA


Chest nut bud Bach flower 👉https://youtu.be/0kFgxPjINSg


Chicory Bach flower 👉https://youtu.be/vlXGicF1Cd8


Clematis 👉https://youtu.be/wsarLblF-wQ


Crab apple 👉https://youtu.be/2TCCpvCSe2U


Elm👉https://youtu.be/Ljk9E4fHYTQ


Gorse 👉https://youtu.be/ffNt5eQlgks

Gentian 👉https://youtu.be/KdyHmfuBUdI


Boost confidence by Bach flower https://youtu.be/0SSudqfeZFs


beautiful skin by Bach flower https://youtu.be/nNZH4SLIUYM


Bach flower for weight loss https://youtu.be/Qfr_Dw7jjvo


Bach flower medicine for corona https://youtu.be/W3schzeyIb8


holly bach flower https://youtu.be/qXVYUTAr8d0


ADHD Bach flower medicine https://youtu.be/-e1Oxon-52M


heather Bach flower https://youtu.be/Qw8EcDJ7H9E


honeysuckle bach flower https://youtu.be/3QASa5iRVjI



hornbeam Bach flower https://youtu.be/7LQe7OAnRqU


impatiens Bach flower https://youtu.be/u0SvE8Izxrc



Larch Bach flower https://youtu.be/ZP-m8xf_q78


Mimulus Bach flower https://youtu.be/z8_FipWS6yk
------------------------------------------------------------------------------------------------------------------------------------------

Copyright Disclaimer Under Section 107 of the Copyright Act 1976, allowance is made for ""fair use"" for purposes such as criticism, commenting, news reporting, teaching, scholarship, and research. Fair use is a use permitted by copyright statute that might otherwise be infringing. Non-profit, educational or personal use tips the balance in favour of fair use.

We make these videos with the intention of educating others in a motivational/inspirational form. We do not own the clips and music we use in most cases. Our understanding is that it is in correlation to Fair Right Use, however given that it is open to interpretation.



------------------------------------------------------------------------------------------------------------------------------------------

https://instagram.com/dr.nosheen.ali?utm_medium=copy_link

------------------------------------------------------------------------------------------------------------------------------------------


Thank you for watching please like share subscribe 

Take care enjoy happy and healthy life

Regards 
Dr.Nosheen
 for appointment-7987676467 (what's app only)fee-rs.500/-only

#bachflower#drnosheen#Rockwater
#hornbeambachflower#bachfloweruse
#bachflowerhornbeam#hornbeamuse
#holly#larch#agrimony#aspen#beech
#cerato#whatisbachflower#bfr#bach
#cherryplum#crabapple#elm#floweruse
#flowertherapy#flowermedicine#drbach
#drnosheenbachflower#flowertherapy
#oak#mustard#mimulus#olive#pine
#rescueremedy#walnut#whitechestnut
#sweetchestnut#scleranthus#wildoat
#impatience#bachflowerkonsimedicinehai
#mentaltonicbachflower#mindbachflower
#winterbachflower#skinbachflower#winter
#winterseasonbachflower#skin#olive
#winterskinproblembachflower",hi,False,False,,
q7HZrgqluew,"['flatulence', 'epilepsy', 'pneumonia', 'dizziness', 'panic']",5,Flores de Bach,"Pseudocientífico
",14,14,0,FLORES DE BACH: Rock Rose. Heliantemo,"http://www.centroedwardbach.com
Información sobre las flores de bach.
Flor de Bach: Rock Rose (Heliantemo)
- Da valor en momentos de pánico o descontrol. 
- Terror, pánico, mente en blanco, bloqueos en exámenes, pesadillas 
- Sudoración, piernas cansadas, mareos, epilepsia, flatulencia, irritación en pies, neumonía.

Más información en:
http://www.esenciasdebach.com",es,False,False,,
swPuVf1e1W8,[],0,Flores de Bach,"Pseudocientífico
",149,149,7,O Floral para quem se sente SOBRECARREGADO 🌸 Floral de Bach Elm,"📖 Baixe o eBook Gratuito Conhecendo os Florais de Bach: 
👉 https://cursoterapeutafloral.com.br/ebookflorais-yt

❤️ Conheça nosso Curso de Terapeuta Floral de Bach
👉 https://cursoterapeutafloral.com.br/yt

🌷 Instagram: http://www.instagram.com/evoluirnoamor

🌸 Inscreva-se no Canal e Ative as Notificações

 🙏 Gratidão por nos seguir 

💜 COMPARTILHE nossos vídeos e não deixe de dar um LIKE 

🌷 Beijos da Fer",pt,False,False,,
UhfJqxPhOLs,"['impotence', 'apathy']",2,Flores de Bach,"Pseudocientífico
",15,15,0,FLORES DE BACH: Wild Rose. Rosa Silvestre,"http://www.centroedwardbach.com
Información sobre las flores de bach.
Flor de Bach: Wild Rose (Rosa Silvestre)
- Imprescindible en época de apatía y desgana para recuperar las ilusiones.
- Inercia, apatía.
- Falta de reacción del organismo, músculos atrofiados, impotencia. 

Más información en:
http://www.esenciasdebach.com",es,False,False,,
EALU_-ahD-w,['http://www.instagram.com/evoluirnoamor'],1,Flores de Bach,"Pseudocientífico
",127,127,1,O Floral para quem tem dificuldade em dizer NÃO para os outros 🌸 Floral de Bach Centaury,"O Floral para quem tem dificuldade em dizer NÃO para os outros  

🌸 Floral de Bach Centaury

📖 Baixe o eBook Gratuito Conhecendo os Florais de Bach: 
👉 https://cursoterapeutafloral.com.br/ebookflorais-yt

❤️ Conheça nosso Curso de Terapeuta Floral de Bach
👉 https://cursoterapeutafloral.com.br/yt

🌷 Instagram: http://www.instagram.com/evoluirnoamor

🌸 Inscreva-se no Canal e Ative as Notificações

 🙏 Gratidão por nos seguir 

💜 COMPARTILHE nossos vídeos e não deixe de dar um LIKE 

🌷 Beijos da Fer",pt,False,False,,
MMogpTfzy5o,"['associative phobias', 'worry']",2,Flores de Bach,"Pseudocientífico
",446,446,14,🐶 Flores de Bach para PERROS Miedosos: Esencia de ASPEN,"👇👇👇👇👇👇👇👇👇👇👇👇👇
Hoy quiero hacerte un REGALO: https://chamaneducacioncanina.com/regalo-guia-flores-bach/
👆👆👆👆👆👆👆👆👆👆👆👆👆

Todos los videos de esta serie: https://www.youtube.com/watch?v=oP2TBpnJpbE&list=PLqkbzXpp76uovwCsm7swVafd-A4_V3xoj&index=1

Esencia de ASPEN es una de las Flores de Bach para Perros con miedo.
Cuando tenemos un perro que se siente inseguro en situaciones nuevas, entornos urbanos sobre todo en el que hay mil estímulos que le preocupan sin poder definir cual es el que le hace tener miedo.
Miedos generales no concretos ni asociados a nada.
Perros que no quieren salir a la calle porque anticipan que estarán en peligro.
El Aspen reequilibra emocionalmente y ayuda muchísimo en las terapias de habituación a situaciones nuevas , reconduciendo el problema con mayor rapidez, aunque el miedo es una emoción muy complicada de tratar y se tarda tiempo y paciencia, por lo que toda ayuda es poca.
___________________________________________________________________________
Soy Elisabeth de Chaman Educación Canina y puedes contactar conmigo a través de mi web:

https://chamaneducacioncanina.com
https://www.facebook.com/chamaneducacioncanina
https://www.instagram.com/chamaneducacioncanina

No solo adiestramos a tu perro, sino que vamos un paso más allá para que te comuniques con él y entiendas su lenguaje.
El adiestramiento de perros no solo consiste en dar ordenes, es entendimiento, comprensión, convivencia... pero sobre todo, cariño hacia el animal que tienes a tu lado.
__________________________________________________________________________
En este emocionante video, te adentrarás en el mundo de la terapia natural para perros con miedo, donde te revelaré el poder de las Flores de Bach, en particular, el Aspen. Soy Elisabeth de Chamán, Educación Canina, y estoy aquí para guiarte en el apoyo emocional de tu peludo amigo. Aprenderás cómo estas esencias florales pueden ser un complemento efectivo en la reconducción de conductas de perros que enfrentan miedos indefinibles, como el temor a lo desconocido, ruidos, personas y situaciones inesperadas.

Descubrirás que las Flores de Bach no son una solución mágica, sino una valiosa herramienta que, junto a un educador cualificado, te ayudará a identificar y tratar las emociones de tu perro. Verás cómo esta terapia puede acelerar el proceso de desensibilización, brindando tranquilidad tanto a tu perro como a ti.
Si estás interesado en conocer más sobre el mundo de las terapias naturales para perros, ¡suscríbete a nuestro canal! En futuros videos, exploraremos otros tipos de miedos caninos, como las fobias asociativas. No querrás perderte esta información que podría cambiar la vida de tu mascota.
#PerrosConMiedo #FloresDeBach #EducaciónCanina #TerapiasNaturales #MiedoIndefinible",es,False,False,,
m2HxZWBx390,"['embolism', 'cardiovascular accidents']",2,Flores de Bach,"Pseudocientífico
",31,31,0,FLORES DE BACH: Larch. Alerce,"Información sobre las flores de bach.
Flor de Bach: Larch (Alerce)
- Da impulso para enfrentarse a los obstáculos cotidianos que parecen insuperables por falta de confianza (primeros pasos de los niños, exámenes, entrevistas...). 
- Sentimiento de inferioridad, vergüenza.
- Impotencia, embolia, accidentes cardiovasculares.

Más información en:
http://www.esenciasdebach.com",es,False,False,,
w3OSlBNRBIY,"['pain', 'painful shoulder', 'otitis', 'inflammation', 'toothache', 'sciatica', 'herpes']",7,Flores de Bach,"Pseudocientífico
",22,22,0,FLORES DE BACH: Vine. Vid,"http://www.centroedwardbach.com 
Información sobre las flores de bach.
Flor de Bach: Vine (Vid)
- Nos posiciona en la perspectiva de la otra persona, aumentando así la flexibilidad de nuestra óptica. 
- Tirano, tendencia a dar órdenes . 
- Dolor de espalda (lumbar), pinzamientos cervicales o lumbares, ciática, hombro doloroso, inflamación aguda: otitis, herpes, muela. 

Más información en:
http://www.esenciasdebach.com",es,False,False,,
uTgM9WghnAw,"['homeopaths', 'fits']",2,Flores de Bach,"Pseudocientífico
",265,265,8,132º ANIVERSÁRIO DE EDWARD BACH,"Celebrando o nascimento do Dr. Edward Bach há 132 anos, neste vídeo, Olinda Guedes faz um breve relato da vida desse incansável médico e pesquisador, que “aos 43 anos de idade, era respeitado por alopatas e homeopatas de toda a Europa”. *

Um ser humano muito observador e sensível, que colocou seu talento a serviço da humanidade.

(*) Trecho extraído do livro “Os Remédios Florais do Dr. Bach – Incluindo Cura-te a Ti Mesmo, Uma Explicação sobre a Causa Real e Cura das Doenças e Os Doze Remédios”, Dr. Edward Bach, Ed. Pensamento, p. 11.


OLINDA GUEDES é mãe da Nina e Camila Maria, apaixonada pela vida, escreve com o coração o que cabe em palavras.  É mãe de mais outros cinco príncipes na terra, e quatro anjos no céu.

Ama celebrar aniversários e vê flores por tudo.

Conduz, no Instituto Anauê-Teiño, a Escola de Saberes Úteis. Uma iniciativa cujo objetivo é trocar saberes das diversas ciências com o propósito de uma vida mais feliz, próspera e saudável.


***

Curta minha FANPAGE no Facebook, onde produzo conteúdo sobre como podemos ter uma vida saudável, próspera e feliz e muito mais!

https://www.facebook.com/olindaguedesfanpage


**** 

Se inscreva no CANAL NO YOUTUBE e ative as notificações para saber sempre que tiver vídeo novo. 

https://youtube.com/c/OlindaGuedes


**** 

Siga-me no INSTAGRAM, onde realizo breves reflexões e inspirações para uma vida boa e feliz

https://www.instagram.com/olindaguedes


**** 

Ah! Quer conhecer mais sobre Florais de Bach, Constelações Sistêmicas? Cadastre-se em:

https://sabersistemico.com.br",pt,False,False,,
1mx9Fs9t6sk,[],0,Flores de Bach,"Pseudocientífico
",188,188,1,O Floral para ajudar com a Indecisão 🌿,"Evolua, ame !

🌸 Inscreva-se no Canal e Ative as Notificações

📖 Baixe o eBook Gratuito Conhecendo os Florais de Bach: 
👉 https://cursoterapeutafloral.com.br/ebookflorais/

🌷 Instagram: http://www.instagram.com/evoluirnoamor

 🙏 Gratidão por nos seguir 

💜 Aqui eu espalho o amor para te inspirar e fazer sua vida mais positiva e leve.
 
COMPARTILHE nossos vídeos e não deixe de dar um LIKE 

💜💜

🌷 Evolua, Ame !

Beijos da Fer",pt,False,False,,
LTvy946FaUc,[],0,Flores de Bach,"Pseudocientífico
",175,175,1,Remedio para evitar comerse las uñas,"Vídeo con varios remedios naturales para erradicar el hábito de comerse las uñas.
Con complementos naturales y flores de bach la mala costumbre desaparecerá.",es,False,False,,
zdCxJh9JoFY,[],0,Flores de Bach,"Pseudocientífico
",1166,1166,0,FLORES DE BACH. Entrevista a JOSE SALMERON,"Centro Edward Bach. Entrevista matizando puntos sobre la Terapia Esencial de interés formativo. Incluida entre las actividades del Primer Congreso de Terapeutas Esenciales de la Asociación Florestán.
Grabado por Carlos Gamella. Ponente. Terapeuta Esencial Nivel Maestría.",es,False,False,,
