,BC5CDR_Terms,BC5CDR_Count,Search_Term,Content_Classification,duration_seconds,duration_seconds,comment_count,video_title,video_description,detected_language,is_live_broadcast,is_archived_live,live_actual_start_time,live_actual_end_time
MgNLA-_09aM,[],0,Magnetoterapia,"Pseudocientífico
",373,373,1862,MITOS MAGNÉTICOS,"¿Qué efectos tienen los imanes en el cuerpo?¿Se puede curar con ellos? Aclaremos algunas ideas equivocadas en este nuevo video de mitos.

**********************************************************************
¡YA ESTÁ DISPONIBLE MI LIBRO EN MÉXICO!
Pueden empezar a precomprar el libro en la tienda online de Tienda Tech MX http://bit.ly/saborcosmicomx con varias formas de pago. Para cualquier duda en la compra pueden contactar a: 
Correo electronico: contacto@tiendatech.mx
Teléfono -sólo de 9am a 3pm y de 4pm a 6pm- : 01(55) 7090 1426
Chat online de la tienda: http://bit.ly/saborcosmicomx
Redes sociales oficiales:
https://www.facebook.com/tiendatechmx/
https://twitter.com/tiendatechmx_
Algunas preguntas frecuentes https://tiendatech.mx/preguntas-frecuentes

***********************************************************
Si quieres contribuir con el financiamiento de más videos como estos puedes hacerlo en nuestra cuenta de Patreon 

https://www.patreon.com/robotitus

o a través de Paypal a aldo.bartra003@gmail.com

**********************************************************************
El Robot de Platón

Facebook: https://www.facebook.com/ElRobotdePlaton?fref=nf
Twitter: https://twitter.com/Fantastiqvs
Instagram: https://instagram.com/aldouscaldous/
Para consultas empresariales escribir a: elrobotdeplaton@gmail.com

*********************************************************************
Fuentes y enlaces para saber más

¿Funciona la terapia magnética?
https://www.livescience.com/40174-magnetic-therapy.html

Estudios
https://www.ncbi.nlm.nih.gov/pubmed/11927062
https://www.ncbi.nlm.nih.gov/pubmed/19942103
https://www.ncbi.nlm.nih.gov/pubmed/25880388 (sobre curación en los huesos)

Magnetos
https://www.huffingtonpost.com/richard-c-senelick-md/magnetic-therapy-are-magnets-for-pain_b_801664.html

Usos de los imanes
https://science.howstuffworks.com/magnet4.htm

Historia del magnetismo
http://www.ucl.ac.uk/EarthSci/people/lidunka/GEOL2014/Geophysics9%20-Magnetism/Useful%20papers/Magnetism.htm
http://www.howmagnetswork.com/history.html",es,False,False,,
jfwoCS9yxP4,"['Muscle pain', 'herpes Zoster', 'muscle fibrosis', 'depression', 'accidents', 'neurological trophie paralysis', 'joints', 'strokes', 'fibromyalgia', ""Bell's palsy"", 'pain', 'neuropathies', 'paralysis', 'cancer', 'Myofascial pain', 'phobias', 'traumas', 'diabetes', 'muscle pain']",19,Magnetoterapia,"Pseudocientífico
",551,551,411,Sobre Magnetoterapia | Peter Liu,"🌿 Os suplementos que eu uso e recomendo: https://www.doctorspharmacy.com.br/formulas-exclusivas/dr--peter-liu Gostou do vídeo, aperta gosta. Se inscreve. Recebe mais novidades. Compartilhe o máximo com seus amigos. Se libertar da mente. Estamos presos pela nossa mente. 

Mais informações no site Medicina Oriental 
Https://m.facebook.com/saudezen 

Agente sua consulta: 
Medicina Oriental 
Rua Ferreira de Almeida 92
Jd Guanabara, Campinas, SP 

Telefone: (019) 3305-6000
WhatsApp (019)984106241

Dr. Peter Liu é o maior especialista de acupuntura e medicina Chinesa.  Trata as dores músculares, neuropatias, articulações, fibromialgia, dor de coluna, neuroplastia para paralisados. 
Doenças como diabetes, pressão alto, tireoides. intestinais. 
Doenças como fobias, traumas, depressão. 
Doenças graves como câncer, tem acompanhamento. 
Dr. Liu trata seu corpo, mente e alma.


Olá,

Eu sou Peter Liu, sou médico da medicina Chinesa. Tenho uma clínica de acupuntura em Campinas, interior de São Paulo de Medicina Oriental.

No Canal Peter Liu, temos mais de 1200 vídeos para você compartilhar com seus amigos e familiares para que tenham uma qualidade de vida e a saúde melhorada no seu dia-a-dia.

Eu tenho um curso de leitura facial On-Line que está disponível no site oficial do Dr. Peter Liu: https://www.peterliu.com.br, Para quem quiser fazer este curso, basta acessar o site ou entrar em contato usando o WhatsApp no número 019 984106241.

Praticar o Bem salva a vidas das pessoas! É a graça, é de graça! A maior recompensa do bem é o reconhecimento de que você é do bem. Os seus amigos vão agradecer você eternamente por ter salvado a vida deles! Dr. Peter Liu é um especialista de acupuntura e medicina Chinesa, trata as dores musculares, neuropatias, articulações, fibromialgia, dores na coluna. Doenças como diabetes, pressão alta, tireoides e problemas Intestinais. Doenças como fobias, traumas e depressão. Doenças graves como câncer, tem acompanhamento.

Dr. Peter Liu criou 4 modalidades de acupuntura diferenciadas:

1. Neuroplastia: que trata paralisias trofias neurológicos ou de sequelas AVC ou acidentes, paralisia de Bell, paralisia facial, paralisia facial causado por herpes Zoster, paraplégico.

2. Varizes: Usa agulha de acupuntura para curar as varizes sem cirurgia! Pioneiro do mundo.

3. Dores miofacial: Dores musculares com fibrose muscular.

4. Acupuntura na língua: Essa modalidade trata fibromialgia com muita facilidade. Você poderá sentir um alívio imediato com apenas uma sessão mesmo com 5 anos de fibromialgia!

Dr. Peter Liu trata seu corpo, mente e alma.

-------------------------------------------------------------------------------------------------------------
ESTRUTURA DIGITAL

💻 Site Oficial - https://www.peterliu.com.br

-------------------------------------------------------------------------------------------------------------
REDES SOCIAIS

▶️ Facebook: https://www.facebook.com/saudezen
▶️ Instagram: https://www.instagram.com/drpeterliu
-------------------------------------------------------------------------------------------------------------
TREINAMENTOS CRIADOS

✅ Leitura Facial – https://www.peterliu.com.br

__________________________________________________________________
CONTATO

D. Peter Liu
Medicina Chinesa
Telefone: (019) 3305-6000
WhatsApp: (019) 98410-6241",pt,False,False,,
pN5t6HYshSc,"['oxygen', 'pain', 'Magnetotherapy', 'polyneuropathy', 'diabetes', 'diabetic foot']",6,Magnetoterapia,"Pseudocientífico
",399,399,7,"MUDr. Peter Bednarčík, CSc. - Účinky 3D pulzní magnetoterapie Biomag na polyneuropatii, diabetes.","Nízkofrekvenční pulzní magnetoterapie Biomag zmírňuje a úplně odstraňuje zdravotní potíže pozitivním působením magnetického pole na nervovou tkáň. Magnetoterapie je podpůrnou léčbou u všech případů polyneuropatií. MUDr. Peter Bednarčík, Csc, doporučuje používat magnatoterapii dvakrát až třikrát denně na postižená místa, případně i na celou oblast páteře a hlavy. Například při diabetické noze je cílem aplikace tlumení bolesti a zlepšení cirkulačních poměrů ve tkáních. Podporou cévního průtoku – dilatací cév dosahujeme zvýšený přísun kyslíku a živin a vyplavujeme nahromaděné kyselé metabolity. Tím zvyšujeme šanci končetiny na záchranu a zmírňujeme druhotné důsledky diabetu na cévní systém. 

Více o využití magnetoterapie: https://www.biomag.cz/princip-magnetoterapie/",pl,False,False,,
Qaw4GwBRFT4,"['ischemia', 'disorders of the blood vessels of the upper and lower extremities']",2,Magnetoterapia,"Pseudocientífico
",664,664,4,"MUDr. Peter Bednarčík, CSc. - Účinky 3D pulzní magnetoterapie Biomag na ischemii, cévní soustavu.","Nízkofrekvenční pulzní magnetoterapie Biomag rozšiřuje cévy a zlepšuje prokrvení v aplikovaných oblastech. Má výrazný podíl na zlepšení průtoku okysličené krve a mikrocirkulace, což jsou základní podmínky pro hojení a regeneraci poškozených tkání. Soubory jevů, které aplikace pulzní magnetoterapie Biomag ovlivňuje, mají vliv na harmonizaci srdeční činnosti a krevního oběhu. MUDr. Peter Bednarčík, Csc, doporučuje nízkofrekvenční pulzní magnetoterapii jako součást komplexní péče například u pacientů s poruchami cév horních i dolních končetin. 

Více o využití při ischemii: https://www.biomag.cz/ischemicka-choroba-koncetin-ischemie/

Více o využití při léčbě bércových vředů: https://www.biomag.cz/bercovy-vred/",pl,False,False,,
2JvcS5fTgp8,['musculoskeletal pain'],1,Magnetoterapia,"Pseudocientífico
",354,354,0,Magnetoterapia pulsante Biomag - información general para los interesados,"La magnetoterapia pulsante Biomag está destinada a la prevención y el tratamiento de dolores del aparato locomotor y de otros problemas de salud. Se exporta directamente de la fábrica en la República Checa a más de 20 países del mundo y gracias a sus cualidades se ha ganado rápidamente el reconocimiento y popularidad entre los usuarios. Los dispositivos de electroterapia magnética Biomag los utilizan los fisioterapéutas en los centros de rehabilitación, en hospitales o balnearios y, gracias al uso sencillo, también han pasado a formar parte del cuidado particular.https://www.biomag.cz/",es,False,False,,
HxuR0tjwveo,"['depression', 'NeuroSpa TMA', 'Depression', 'ketamine']",4,Magnetoterapia,"Científico
",174,174,73,Depression treatment using magnetic stimulation,"A Bay Area psychiatrist is treating depression with alternatives to medication such as magnetic therapy. https://www.fox13news.com/news/treating-depression-anxiety-with-magnetic-stimulation

It's the best of Good Day Tampa Bay, all day! FOX 13 Tampa Bay brings you the important videos like breaking news, Tampa Bay weather, and local stories. But also plenty of fun stuff, like #WeLiveHere tips, the best of our archives, and all those 'only-in-Florida' stories.

Subscribe to FOX 13 News: https://www.youtube.com/FOX13TampaBay?sub_confirmation=1
More Good Day Tampa Bay videos: https://www.youtube.com/playlist?list=PLrUTXYgsKmP6Be4B9IDR4SDm9uWCv4uaP
More #WeLiveHere videos: https://www.youtube.com/playlist?list=PLrUTXYgsKmP6DRsG2bgFcaEU5L6k1c21w

Watch FOX 13 News live: https://fox13news.com/live
Watch more FOX 13 News stories: https://fox13news.com/

Download our app: https://fox13news.onelink.me/Sd7G?pid=social&c=youtube&af_web_dp=https%3A%2F%2Fwww.fox13news.com%2Fapps
Get our newsletter: https://www.fox13news.com/email",en,False,False,,
KSrEVqQM5rY,"['pain', 'neuropathy', 'injuries', 'weight loss', 'insomnia']",5,Magnetoterapia,"Pseudocientífico
",389,389,0,Almag 01 Introduction and Demonstration,"Dr. Pawluk explains how the Almag 01 works along with a short demonstration and Almag 01 review.
Subscribe for more on PEMF Devices: http://bit.ly/DrPawluk

The Almag 1 is a Russian designed PEMF system. The Russians have been working with PEMFs for over 40 years. They have the most clinical experience of any other country in this area, as part of the former USSR. This system uses their own unique ""traveling"" magnetic fields which allow for higher field intensities but also reduced adaptation or tolerance to the PEMF stimulation. With all these advantages, they are able to keep the cost of owning one to a very acceptable level, given the potential health benefit.

#PEMF #PainRelief #Holistic

▬▬ ABOUT DR. PAWLUK ▬▬ 

Dr. William Pawluk, MD, is considered the foremost authority on the use of Pulsed Electromagnetic Field therapy for pain in North America. He has been using PEMF Therapy in his personal medical practice for years and has helped hundreds of doctors and practitioners find the right PEMF devices for their practice. He’s constantly looking at different magnetic systems to complement the ones he already trusts. From years of working with static magnets and now PEMF therapy devices, he has treated or supported the treatment of thousands of individuals – himself, family members, neighbors, pets, patients and the curious.

Dr. Pawluk is a practical medically and holistically trained physician. He is a formerly Board-Certified family physician with a practice near Baltimore, Maryland. He has had academic appointments at Johns Hopkins and the University of Maryland as well as training in acupuncture, homeopathy, hypnosis, and bodywork. He specializes in pain management techniques without medication and has used PEMF therapy successfully to treat neuropathy, injuries, and over 50 other conditions.

▬▬ WHY PEMFs? ▬▬ 

PEMFs (compared to other alternative pain solutions such as laser, ultrasound, TENS, and even acupuncture) have the best value for the cost because magnetic therapy goes all way through the body, is very safe and is available for home use. PEMF Therapy is also beneficial to a much wider range of conditions including insomnia and weight loss. The availability for home use is critical. Many therapies, including Electromagnetic therapy, are most effective if you can perform treatments daily. However, it is not always possible to visit your doctor daily. Therefore, it’s much better for patients/individuals to own their own PEMF devices for daily home use. Proper instruction is an important part of individuals seeing success from doing their own home PEMF treatments.

▬▬ ☆ THE FUTURE OF PEMF THERAPY ☆ ▬▬ 

My goal is to bring the benefits of this extraordinary therapy to as many people as possible by sharing the research into the amazing results that PEMF Therapy can achieve across a wide spectrum of health conditions and physiologic functions. In order to be able to help the most people with alternative treatments for chronic pain, I work diligently to keep up-to-date and be the most informed on what research has been done and what works best and share these developments with the public and the medical community.

When a doctor or skeptic says there is no evidence to support the use of PEMFs or magnet therapy for pain, my hope is that this channel and my website will help to demonstrate that just because it’s not considered standard medical care doesn’t mean it’s not valuable.

▬▬ CONTACT DR. PAWLUK ▬▬ 

Visit his website: https://www.drpawluk.com/
Like his Facebook page: https://www.facebook.com/DrPawluk/
Follow him on Twitter: https://twitter.com/drpawluk/
Find the PEMF Buyer’s Guide HERE: https://www.drpawluk.com/buyers-guide/pemf-machines/",en,False,False,,
G3EtgtpdTig,"['fractures', 'injuries', 'carpal tunnel syndromes']",3,Magnetoterapia,"Pseudocientífico
",633,633,3,"MUDr. Peter Bednarčík, CSc. - Účinky 3D pulzní magnetoterapie Biomag na endoprotézy, úrazy.","Nízkofrekvenční pulzní magnetoterapie Biomag má pozitivní účinky například při rekonvalescenci po implantaci endoprotéz a obecně při pooperačních stavech. Využívá se také třeba při léčbě zlomenin, tenisového lokte či zmírňuje syndromy karpálního tunelu. Nízkofrekvenční pulzní magnetoterapie vytváří lepší podmínky prokrvení ve tkáních, zlepšuje proces hojení a napomáhá lepší pohyblivosti organismu. Průvodcem jejího využití v medicíně a rehabilitaci je odborník na magnetoterapii MUDr. Peter Bednarčík, Csc.

 Využití přístrojů Biomag po endoprotéze: https://www.biomag.cz/endoprotezy/",pl,False,False,,
ihDfRFhtoP8,"['bladder inflammation', 'shingles', 'mononucleosis', 'tick-borne encephalitis', 'infectious hepatitis', 'Mononucleosis', 'infertility', 'Lyme disease', 'inflammation', 'urinary tract infections']",10,Magnetoterapia,"Pseudocientífico
",436,436,2,"MUDr. Peter Bednarčík, CSc. - Účinky 3D pulzní magnetoterapie Biomag na virové, infekční onemocnění.","Nízkofrekvenční pulzní magnetoterapie Biomag bývá aplikována po závažných infekčních, bakteriálních nebo virových onemocněních pro odstranění či minimalizaci následků a urychlení regenerace poškozených tkání. Mezi nejčastější případy patří následná péče po mononukleóze, Lymské borelióze, infekční žloutence nebo pásovém oparu. Má pozitivní účinky i při léčbě zánětech močových cest či neplodnosti žen po prodělaných zánětech. Vyzkoušejte pulzní magnetoterapii Biomag nejen v období léčby zmiňovaných onemocnění, ale také jako prevenci jejich vzniku.",pl,False,False,,
3L9128FyExY,"[""'s syndrome"", 'hemorrhoids', 'disorders of the lower limb vessels, upper limb vessel disorders', 'leg ulcer', 'tinnitus', 'ischemia', 'sexual dysfunction']",7,Magnetoterapia,"Pseudocientífico
",664,664,0,"MUDr. Peter Bednarčík, CSc. - Effects of 3D pulse magnetotherapy Biomag on ischemia,vascular system.","​Low-Frequency Pulse Magnetotherapy Biomag expands blood vessels and improves blood circulation in applied areas. It has a significant share in improving oxygenated blood flow and microcirculation, which are the basic conditions for healing and regeneration of damaged tissues. The sets of phenomena that affect Biomag pulse magnetotherapy affect the harmonisation of cardiac activity and blood circulation. MUDr. Peter Bednarčík, Csc, recommends low-frequency pulse magnetotherapy as part of complex care, for example, in patients with upper and lower limb disorders.",en,False,False,,
2qDhoKAzPeI,"['oxygen', 'pain', 'Magnetotherapy', ""Raynaud's syndrome"", 'polyneuropathy', 'diabetes', 'diabetic foot']",7,Magnetoterapia,"Pseudocientífico
",399,399,1,"MUDr. Peter Bednarčík, CSc. - Effects of 3D pulse magnetotherapy Biomag on polyneuropathy, diabetes.","​Low-Frequency Pulse Magnetotherapy Biomag mitigates and completely removes health problems through the positive effect of the magnetic field on the nervous tissue. Magnetotherapy is a supportive treatment for all cases of polyneuropathies. MUDr. Peter Bednarčík, Csc, recommends using magnetotherapy twice to three times a day for affected areas, or even for the entire spine and head area. For example, in a diabetic foot, the purpose of the application is to reduce pain and improve circulation in tissues. Supporting vascular flow - Dilatation of blood vessels leads to an increased supply of oxygen and nutrients and eliminates accumulated acid metabolites. This increases the rescue limb and alleviates the secondary consequences of diabetes on the vascular system.",en,False,False,,
IvBoLqHeZa8,"['pain', 'headaches', 'renal colic', 'Pain', 'migraines']",5,Magnetoterapia,"Pseudocientífico
",360,360,1,"MUDr. Peter Bednarčík, CSc. - Účinky 3D pulzní magnetoterapie Biomag na bolest a bolestivé stavy.","Bolest, bez ohledu na její příčinu, omezuje pacienty a zhoršuje kvalitu života. Nízkofrekvenční pulzní magnetoterapii Biomag je možno aplikovat nejen při různých bolestivých stavech, bolestech hlavy či migrénách, ale i při bolestech po amputaci, fantomových bolestech nebo například při léčbě ledvinové koliky. Aplikace nízkofrekvenční pulzní magnetoterapie Biomag má prokazatelný analgetický efekt s výsledky doloženými řadou klinických studií a referencí. Vyzkoušejte léčebné programy magnetoterapie Biomag i vy. 👉 https://www.biomag.cz/",pl,False,False,,
gyAaoL_jWq0,"['Magnetotherapy - Osteoarthritis', 'osteoarthritis']",2,Magnetoterapia,"Pseudocientífico
",102,102,0,RENESANCE Magnetoterapia - tratamiento de artrosis,Muestra de tratamiento de artrosis en una residencia de tercera edad.,es,False,False,,
cUj7IKcWpb4,"['pain', 'injuries', 'arthritis', 'arthralgia', 'cervical spine pain', 'post-traumatic', 'osteochondrosis', 'joints', 'osteoporosis', 'arthrosis', 'thoracic spine pain', 'ankle pain', 'spinal arthrosis', 'ischaemia', 'joint pain', 'disability']",16,Magnetoterapia,"Pseudocientífico
",777,777,2,"MUDr. Peter Bednarčík, CSc. - The effects of Biomag 3D pulse magnetotherapy on degenerative states.","​Pulse magnetotherapy Biomag helps alleviate and completely relieve pain associated with diseases and injuries of joints and other parts. The most common diagnoses for its application include degenerative, inflammatory and post-traumatic conditions of the locomotor system, which are sources of pain, aggravated momentum, cause long periods of inability to work, or even lead to varying degrees of disability. Healing and regeneration programs for low-frequency pulse magnetotherapy Biomag help, for example, in arthrosis of joints, spinal arthrosis, osteoporosis, spinal pain, cartilage regeneration or, for example, nerve suppression. The use of Biomag devices is recommended by a specialist in magnetotherapy MUDr. Peter Bednarčík, Csc.",en,False,False,,
8oaMTZr4rzY,"['pain', 'osteoarthritis']",2,Magnetoterapia,"Pseudocientífico
",151,151,46,चुंबक चिकित्सा: प्रकार और उसके कार्य - मैग्नेट थेरेपी का जादुई विश्व | Magnet Therapy Explained,"#Chakramagnet
#byolmagnet
#clustermagnet
#barmagnet
#starmagnet
#magnettherapy 

Chapters:-
0:00 Introduction 
0:25 Types of Magnets 
0:26 End 


Magnet therapy, also known as magnetic therapy, is an alternative medical practice that involves the use of static magnetic fields for therapeutic purposes. Proponents of magnet therapy believe that exposure to these magnetic fields can have positive effects on various health conditions, including pain relief, improved circulation, and enhanced healing. While some studies suggest potential benefits for certain conditions, such as osteoarthritis and chronic pain, the overall scientific evidence supporting the effectiveness of magnet therapy is limited and inconclusive. Critics argue that any perceived benefits may be due to a placebo effect. Despite this, magnet therapy continues to be used by some individuals as a complementary or alternative treatment approach. It's essential for individuals considering magnet therapy to consult with a healthcare professional before use, particularly if they have underlying health conditions or are taking medications.

Disclaimer - The information contained on Engineer Of Human Body Channel is provided for general and educational purposes only and must never be considered a substitute for medical advice from a qualified medical professional. All viewers of this content, especially those taking prescription medicines, are advised to consult their doctors or qualified health professionals before beginning any nutrition or lifestyle programme. Engineer Of Human Body does not take responsibility for possible health consequences for any person following the information in the educational content.",en,False,False,,
gDZhq8g5jBc,"['arthritis', 'knee pain', 'Magnetotherapy - CAVO applicator and knee pain', 'rheumatoid arthritis', 'fractures', 'osteoporosis', 'swelling', 'inflammation', 'edema']",9,Magnetoterapia,"Pseudocientífico
",64,64,1,RENESANCE Magnetoterapia - aplicador CAVO  y dolores de rodilla,"Muestra de aplicación de magnetoterapia en el centro de rehalibitación del Hospital Universitario de Bohunice, concretamente el aplicador CAVO para tratamientos de dolores de rodilla.",es,False,False,,
e7dSJSXO--E,"['pain', 'cerebral palsy', 'swelling', 'edema', 'spasms']",5,Magnetoterapia,"Pseudocientífico
",211,211,1,RENESANCE Magnetoterapia - Niña con parálisis cerebral infantil.avi,Madre de una niña con parálisis infantil describe las mejoras con el tratamiento de magnetoterapia RENAISSANCE.,es,False,False,,
bgF1_iXNdpM,"['pain', 'neuropathy', 'injuries', 'weight loss', 'insomnia']",5,Magnetoterapia,"Pseudocientífico
",104,104,3,Almag-01 (Local PEMF Device),"The Almag is a local PEMF device. In this video, Dr. Pawluk explains when and why he suggests the Almag device for patients.
Subscribe for more on PEMF therapy devices: http://bit.ly/DrPawluk

The Almag 1 is a Russian designed PEMF system. The Russians have been working with PEMFs for over 40 years. They have the most clinical experience of any other country in this area, as part of the former USSR. This system uses their own unique ""traveling"" magnetic fields which allow for higher field intensities but also reduced adaptation or tolerance to the PEMF stimulation. With all these advantages, they are able to keep the cost of owning one to a very acceptable level, given the potential health benefit.

View the Almag-01 Here: https://www.drpawluk.com/product/almag-01/

Check out more of our favorite portable PEMF devices:
https://www.drpawluk.com/product-category/local-systems/

PEMF Therapy Devices — Buyer's Guide: https://youtu.be/3cM90cIzzJ0

#PEMF #PainRelief #MagneticTherapy

▬▬ ABOUT DR. PAWLUK ▬▬ 

Dr. William Pawluk, MD, is considered the foremost authority on the use of Pulsed Electromagnetic Field therapy for pain in North America. He has been using PEMF Therapy in his personal medical practice for years and has helped hundreds of doctors and practitioners find the right PEMF devices for their practice. He’s constantly looking at different magnetic systems to complement the ones he already trusts. From years of working with static magnets and now PEMF therapy devices, he has treated or supported the treatment of thousands of individuals – himself, family members, neighbors, pets, patients and the curious.

Dr. Pawluk is a practical medically and holistically trained physician. He is a formerly Board-Certified family physician with a practice near Baltimore, Maryland. He has had academic appointments at Johns Hopkins and the University of Maryland as well as training in acupuncture, homeopathy, hypnosis, and bodywork. He specializes in pain management techniques without medication and has used PEMF therapy successfully to treat neuropathy, injuries, and over 50 other conditions.

▬▬ WHY PEMFs? ▬▬ 

PEMFs (compared to other alternative pain solutions such as laser, ultrasound, TENS, and even acupuncture) have the best value for the cost because magnetic therapy goes all way through the body, is very safe and is available for home use. PEMF Therapy is also beneficial to a much wider range of conditions including insomnia and weight loss. The availability for home use is critical. Many therapies, including Electromagnetic therapy, are most effective if you can perform treatments daily. However, it is not always possible to visit your doctor daily. Therefore, it’s much better for patients/individuals to own their own PEMF devices for daily home use. Proper instruction is an important part of individuals seeing success from doing their own home PEMF treatments.

▬▬ ☆ THE FUTURE OF PEMF THERAPY ☆ ▬▬ 

My goal is to bring the benefits of this extraordinary therapy to as many people as possible by sharing the research into the amazing results that PEMF Therapy can achieve across a wide spectrum of health conditions and physiologic functions. In order to be able to help the most people with alternative treatments for chronic pain, I work diligently to keep up-to-date and be the most informed on what research has been done and what works best and share these developments with the public and the medical community.

When a doctor or skeptic says there is no evidence to support the use of PEMFs or magnet therapy for pain, my hope is that this channel and my website will help to demonstrate that just because it’s not considered standard medical care doesn’t mean it’s not valuable.

▬▬ CONTACT DR. PAWLUK ▬▬ 

Visit his website: https://www.drpawluk.com/
Like his Facebook page: https://www.facebook.com/DrPawluk/
Follow him on Twitter: https://twitter.com/drpawluk/
Find the PEMF Buyer’s Guide HERE: https://www.drpawluk.com/buyers-guide/pemf-machines/",en,False,False,,
uFu5-s2A2XM,"['headaches', 'pain', 'knee pain', 'Magnetotherapy']",4,Magnetoterapia,"Pseudocientífico
",319,319,3,Kiri: un apparecchio per magnetoterapia domiciliare,"http://www.kiri-me.it/magnetoterapia-piede-apparecchio-domiciliare-massaggiatore-ai-per-piedi-agopressione-riflessologia-plantare-relax-benessere-rimedio-come-combattere-lo-stress/

Magnetoterapia nel massaggiatore piedi Kiri, agopressione e riflessologia plantare in un unico apparecchio domiciliare per il tuo relax e benessere!

Massaggiatore piedi Kiri: comodamente a casa tua l'unica pedana con magnetoterapia per combattere stress, mal di schiena, dolori alle ginocchia, gambe gonfie, mal di testa, piedi e mani freddi con il potere della riflessologia plantare e agopressione concentrate in un piccolo grande efficace apparecchio domiciliare. 

Per maggiori informazioni:",it,False,False,,
DsVpT_TBrao,"['pain', 'Edema', 'rhinitis', 'gingivitis', 'sinusitis', 'allergies', 'allergic rhinitis', 'edema']",8,Magnetoterapia,"Pseudocientífico
",285,285,0,Tratamiento Edema – efecto antiedematoso Magnetoterapia Biomag,"Característica

La aceleración del metabolismo tras la aplicación de la magnetoterapia pulsátil de baja frecuencia Biomag permite una reabsorción más rápida de edemas y en la zona en concreto, al mismo tiempo, se produce una significativa actuación antiinflamatoria y antiedemática. Colocamos uno de los aplicadores del equipo Biomag® encima de la zona afectada (por ejemplo en el tobillo dislocado) y después de estimulaciones reiteradas de 30 a 45 minutos 3 veces al día se consiguen resultados considerables en el alivio de edemas y del dolor. Además, el efecto antiedemático y antiinflamatorio funciona bien en los catarros de las vías respiratorias superiores, sinusitis, gingivitis, rinitis alérgica, etc.

Modo de aplicación de la magnetoterapia

Alternar localmente aplicaciones analgésicas de 4-6 Hz con las vasodilatadoras de 10-25 Hz para estimular la microcirculación.",es,False,False,,
7RWeR6xDDSU,"['injuries', 'pain', 'degenerative joint disease', 'traumatic', 'trauma', 'Arthralgia']",6,Magnetoterapia,"Pseudocientífico
",777,777,1,Tratamiento Artralgia del hombro Magnetoterapia Biomag,"Características.

Es una enfermedad degenerativa de las articulaciones que afecta en primer lugar al cartílago articular y tras producir una lesión, los bordes de la articulación afectada reaccionan formando protrusiones osteofíticas.

En segundo lugar, puede ser perjudicar también el ligamento y los tejidos blandos circundantes de la articulación. La lesión produce deformación de la articulación, limitación de la movilidad y dolor.

En el desarrollo de la enfermedad pueden influir la edad, cambios congénitos en las articulaciones, cambios traumáticos, carga excesiva, influencias metabólicas, etc. El tratamiento es complejo: con medicación, quirúrgico, correctivo, rehabilitatorio y balneoterapia.",es,False,False,,
Qk2g2wSziUo,"['pain', 'calcium', 'phosphate', 'enamel disorders', 'bleeding', 'injury to the tooth nerve', 'chronic inflammatory disease of the ligaments and bone that support the teeth', 'Magnetotherapy\n\nPeriodontal disease', 'acute pain', 'redness', 'swelling', 'Toothache', 'tooth, caries', 'caries', 'inflammation', 'edema', 'tooth injury']",17,Magnetoterapia,"Pseudocientífico
",262,262,2,Tratamiento Periodontitis Magnetoterapia Biomag,"Característica

La inflamación del periodonto es una enfermedad inflamatoria crónica de los ligamentos y del hueso que sirven de soporte a los dientes. El primer síntoma más frecuente es la hinchazón y el enrojecimiento de las encías, derrame sanguíneo, dolor al cepillar los dientes, mal aliento de la boca. Además de la inflamación en las encías, otro problema puede ser el dolor causado por un diente dañado, caries, etc. 

Finalidad de la aplicación

Mediante la activación de los tejidos, tras aplicar el campo magnético pulsado de baja frecuencia, se produce un mejoramiento significativo del abastecimiento de sangre oxigenada y apoya los procesos de curación, eliminación de hinchazones, efectos antiinflamatorios e inhibición del dolor. Complementa de forma adecuada el tratamiento estomatológico.

Descripción y uso de la magnetoterapia

La enfermedad periodontal es un proceso inflamatorio crónico de las encías que ocasiona una lesión en los tejidos de los dientes. Las bacterias de la placa dental producen ácidos agresivos que disuelven la dura matriz de calcio y fosfato del esmalte dental. Al mismo tiempo se producen enzimas que desintegran los tejidos de los dientes y la encía reacciona inflamándose. Si no se trata empieza un gradual  retroceso de las encías, descubrimiento de los cuellos de los dientes, movimiento y aflojamiento de los dientes hasta su pérdida. El tratamiento básico consiste en la higiene bucal perfecta y cuidado dental profesional. 

La magnetoterapia pulsátil de baja frecuencia puede completar este tratamiento odontológico específico. La utilizamos, sobre todo, por su efecto antiinflamatorio, curativo, vasodilatador. Se reducen los cambios escleróticos y destructivos en el tejido óseo y se conservan los dientes.

El dolor de muelas es un problema muy frecuente a causa de una lesión del diente, caries, desprendimiento de un pedazo de diente, trastornos del esmalte, lesión del nervio del diente, inflamación o daño de los tejidos blandos alrededor del diente. El dolor se puede desplazar del lugar de la lesión a otras zonas de la cabeza y siempre es importante el tratamiento y cuidado odontológico profesional.

La magnetoterapia pulsátil de baja frecuencia Biomag ayuda en la fase aguda a aliviar el dolor y, después del tratamiento odontológico, a acelerar la absorción del edema y la inflamación, y a estimular la curación. No hay que aplicar en caso de sangrado (después de extracciones). De lo contrario, la magnetoterpia es perfectamente aplicable principalmente como tratamiento analgésico, curativo y regenerativo. Es adecuado el aplicador pequeño local (sobre todo para el dolor agudo) o solenoide.",es,False,False,,
v--dwuPne6w,['Magnetotherapy'],1,Magnetoterapia,"Pseudocientífico
",306,306,25,Desvendando a Magnetoterapia!,"Você sabe o que é a Magnetoterapia? Não? Então, se prepare para o vídeo. Aqui você aprenderá um pouco mais sobre do que se trata essa terapia, como ela funciona, se ela possui contraindicações e quais são, entre outras informações! 

E aí? Ficou curioso(a), então se prepare e confira o vídeo para desvendar mais sobre o assunto!

Você ainda não se inscreveu para o workshop que acontecerá dia 17 de Julho?! Então corre e garanta já sua vaga enquanto ainda pode, é só clicar no link abaixo para se inscrever.
Link para inscrição do curso de Stiperterapia e Magnetoterapia: https://forms.gle/PUpfM3iwS7yzY6gr8

--------------------------------------MINHAS REDES SOCIAIS---------------------------------------------
Instagram Consultoria: https://www.instagram.com/consultoriaemesteticaaju/
Instagram Studio M: https://www.instagram.com/studiomesteticaebeleza/
Facebook: https://www.facebook.com/studiomesteticaebelezaa",pt,False,False,,
gX-fElQ3gak,"['pain', 'osteopathy', 'knee pain', 'NFZ']",4,Magnetoterapia,"Pseudocientífico
",445,445,37,"Fizjoterapia na NFZ NIE DZIAŁA! - rehabilitacja państwowa, magnetronik, sollux, ultradźwięki, laser","Ultradźwięki na ból pleców

Skaner na ból kolana

Pole magnetyczne na ból biodra

Niestety wiele z tych rzeczy po prostu nie działa. 

Pomimo najszczerszych chęci ze strony fizjoterapeutów, to niestety rehabilitacja państwowa ma sobie wiele do zarzucenia. 

Problem jest jednak znacznie bardziej złożony niż się może wydawać i bardzo trudno jest ten problem naprawić. 

Ale co tak naprawde wymaga naprawy?

Zapraszam do filmu!

Odwiedź mnie też na 
🟪 Instagramie 
💻 www.szarskifizjoterapia.pl

Umówienie wizyty/współpraca: 
📞 607-961-275 
📧 szarskifizjoterapia@gmail.com",pl,False,False,,
hE_kSLUcmEg,"['pain', 'headaches', 'renal colic', 'Pain', 'nerve pain', 'migraines']",6,Magnetoterapia,"Pseudocientífico
",360,360,0,"MUDr. Peter Bednarčík, CSc -The effects of Biomag 3D pulse magnetotherapy on pain, pain conditions.​","Pain, irrespective of its cause, limits patients and aggravates the quality of life. Low-frequency pulse magnetotherapy Biomag can be applied not only to various pain conditions, headaches or migraines, but also to amputation pain, phantom pain or, for example, renal colic therapy. The application of low-frequency pulse magnetotherapy Biomag has a demonstrable analgesic effect with results documented by many​ clinical trials and references. Try Biomag magnet therapy programs too.",en,False,False,,
0U5tLzLKlSY,"['inflammation', 'pain', 'Phototherapy', 'insomnia']",4,Magnetoterapia,"Pseudocientífico
",236,236,8,"Fototerapia, infrarossi e magnetoterapia: scopri i benefici del materassino ALE&GIÒ","Il materassino ALE&GIÒ è la soluzione perfetta per chi soffre di problemi di insonnia, stress, dolori muscolari ed articolari e vive una vita sedentaria. 

Utilizzando una combinazione di 3 tecnologie avanzate, il materassino migliora notevolmente la vita delle persone. 

La tecnologia dei fotoni, utilizzata anche dalla NASA, penetra profondamente nel corpo umano generando un effetto biochimico nelle cellule che genera energia in tutto il corpo. 

I raggi infrarossi naturali, inoltre, trasmettono calore al corpo umano garantendo enormi benefici per la salute. 

Il materassino, inoltre, utilizza la magnetoterapia per contrastare patologie caratterizzate da dolore e infiammazione. 

Inoltre, i materiali utilizzati sono tutti ignifughi e resistenti al calore per garantire il massimo del comfort e della sicurezza. 

Il materassino ALE&GIÒ è la scelta ideale per chi vuole migliorare la qualità del proprio sonno e la propria salute in modo naturale.

Scopri di più sul materassino ALE&GIÒ su https://alegio.it/prodotti/materassino-magnetico-con-ametista/

Trova il negozio più vicino a te su https://alegio.it/negozi/",it,False,False,,
E_bELjKGH5I,"['injuries', 'pain', 'aloe vera']",3,Magnetoterapia,"Pseudocientífico
",85,85,2,Comprar Base Magnetica Terapeutica,"Compra la base magnetica terapeutica más efectiva del mercado actual.

http://escaparatedelhogar.es/base-magnetica-terapeutica-7-bandas-aloe-vera.html

Con esta gran base magnetica disfrutarás de una salud mucho mejor. Utiliza en tu hogar la magnetoterapia al mismo tiempo que usas la imanterapia.

Muchos deportistas de elite utilizan la imanterapia para recuperarse antes y mejor de cualquiera de sus lesiones.

Podrás encontrar en el mercado muchas bases magneticas terapeuticas pero ninguna a mejor precio que la que te presentamos en este vídeo multimedia interactivo para poder comprar directamente.

Gracias a nuestras ofertas en base magnética terapéutica podrás ahorrar al comprar, incluso 2 unidades te saldrán mejor en precio que cualquier base magnetica de 11 bandas o 9 bandas dobles.

Además si necesitas asesoramiento sobre bases magnéticas lo podrás encontrar en nuestro departamento de atención al cliente.

Consigue que tu cuerpo reaccione de mejor forma ante cualquier adversidad gracias a la imanterapia y magnetoterapia incluida en esta nueva base magnetica con aloe vera.

Después de muchas investigaciones se ha descubierto que la magnetoterapia funciona, es segura y además no es nada invasiva.

Podrás repolarizar tu cuerpo con nuestra base magnetica como explica la tesis de Hurtman, sobre las lineas de Hurtman. enlace: http://es.wikipedia.org/wiki/Cruces_de_Hartmann

Gran investigador en el cual se basa toda la imanterapia y magnetoterapia del mundo.

No puedes perderte el poder estar más sano, el poder recuperarte antes de tus lesiones y dolencias, sin sufrir dolor y siempre mientras duermes gracias a nuestra base magnetica terapeutica.",es,False,False,,
GSD1Kzp2HkA,['neurological diseases'],1,Magnetoterapia,"Pseudocientífico
",104,104,0,RENESANCE magnetoterapia - enfermedades neurológicas y el uso de los aparatos.avi,En un centro de cuidados para discapacitados físicos y mentales enseñamos el uso de nuestros aparatos de la magnetoterapia.,es,False,False,,
0vcr-yk6h3M,"['glaucoma', 'nerve edema', 'hypertension', 'Glaucoma', 'diabetes mellitus']",5,Magnetoterapia,"Pseudocientífico
",145,145,4,Tratamiento Glaucoma Magnetoterapia Biomag,"Característica

En el caso del glaucoma se produce una lesión en los axones de las células de la retina y un defecto del campo visual causando incluso la pérdida de la visión.

El factor principal de la lesión es el aumento de la presión intraocular, la disminución de la perfusión del globo ocular cuyo resultado es el trastorno de la circulación del fluido intraocular. Sin embargo, la lesión puede ocurrir también durante la normotonía. En todo caso, está dañado el flujo axoplasmático en los axones, llevando a un edema del nervio y deterioro. Otros factores de riesgo son hipertensión, diaberes mellitus, predisposición genética, miopía, enfermedades vasculares.

Uso de la magnetoterapia

La magnetoterapia pulsátil de baja frecuencia Biomag, gracias a sus cualidades, ayuda considerablemente a mejorar la microcirculación de los tejidos expuestos dilatando los precapilares y capilares. Al mismo tiempo estimula el suministro de sangre oxigenada y nutrientes, elimina los metabolitos y regula las condiciones circulatorias en la órbita. El efecto curativo, estimulante y antiinflamatorio y el aumento de la tasa metabólica moderan los daños en el nervio óptico e influyen positivamente en el deterioro de bastones de la retina.

Modo de aplicación

Empezamos a aplicar los programas vasodilatadores con frecuencias de 2-25 Hz y gradualmente pasamos a frecuencias de 36-44 Hz utilizando un solenoide.",es,False,False,,
yTxGNymrrvw,['muscle fatigue'],1,Magnetoterapia,"Pseudocientífico
",449,449,0,"MUDr. Peter Bednarčík, CSc. - Účinky 3D pulzní magnetoterapie Biomag relaxační, regenerující.","Programy nízkofrekvenční pulzní magnetoterapie Biomag jsou přínosem pro sportovce pro svou regenerační schopnost, svým vazodilatačním myorelaxačním a detoxikačním účinkem. Dochází k lepšímu přísunu okysličené krve a živin, odstranění například kyseliny mléčné a dalších kyselých metabolitů. Výsledkem je rychlejší proces obnovy a regenerace energetických zásob ve svalech. Odstraňují tak příznaky svalové únavy a vytvářejí optimální podmínky pro další výkon.👉 https://www.biomag.cz/",tr,False,False,,
uGgvRmFqLgE,"['prostatic hypertrophy', 'hyperplasia', 'hypertrophic prostate', 'malignant prostate disease', 'infections', 'alpha-blockers', 'urination in small', 'hydronephrosis', 'prostatitis', 'prostate', 'hematuria', 'swelling', 'prostatic hyperplasia', 'prostatic hyperplasia – and clinically manifests with voiding and urination disorders', 'hypertrophy', 'inflammation', 'sexual dysfunction', 'secondary infection']",18,Magnetoterapia,"Pseudocientífico
",133,133,0,Tratamiento Prostatitis Magnetoterapia Biomag,"Característica

Es un programa con predominio del efecto vasodilatador y curativo que reduce la inflamación y alivia las molestias resultantes de la próstata hipertrófica e inflamación. 

Finalidad de la aplicación

La magnetoterapia pulsátil de baja frecuencia Biomag, gracias a su efecto antiedematoso y antiinflamatorio, cura y ayuda a recuperar las funciones normales de la próstata. Al mismo tiempo, influye también en la disfunción sexual.

Uso de la magnetoterapia

La hipertrofia benigna de próstata y la prostatitis son enfermedades frecuentes en los hombres, cuya frecuencia aumenta con la edad empezando generalmente a partir de los 50 años. El incremento, hinchazón y los cambios inflamatorios llevan a la emisión dificultosa de la orina y así a una micción frecuente en pequeñas cantides. Se trata de una molestia considerable y supone además un gran riesgo de contraer una enfermedad maligna de próstata. La próstata agrandada como consecuencia de la hiperplasia prostática benigna se manifiesta con alteraciones de la micción - hablamos de los síntomas del tracto urinario inferior en base de la hiperplasia prostática benigna - y clínicamente se manifiesta con trastornos de vaciado y micción, retención urinaria, infecciones de las vías urinarias, hematuria hasta hidronefrosis e insuficiencia renal. El tratamiento es farmacológico: mayormente alfa reductasa, luego se administan alfabloqueantes, fitoterapéuticos y en casos necesarios la intervención quirúrgica.

La magnetoterapia pulsátil de baja frecuencia Biomag, gracias a su efecto antiedematoso y antiinflamatorio, estimula la curación de la prostatitis, regenera la musculatura lisa de otros tejidos, influyendo positivamente en una infección secundaria posible formada en la próstata y ayudando a recuperar las funciones normales. También puede influir muy positivamente en la disfunción sexual.",es,False,False,,
T6eRGtDO4vI,"['cerebral palsy', 'hyperactivity', 'tonsillitis', 'sinusitis', 'enuresis']",5,Magnetoterapia,"Pseudocientífico
",101,101,1,RENESANCE Magnetoterapia - aplicador CASSO y las enfermedades infantiles.avi,Muestra de tratamiento de magnetoterapia en el Instituto para Siscapacitados Físicos GEMINI - aplicador CASSO y las enfermedades infantiles.,es,False,False,,
w-aAci9YknM,"['lumbago', 'diabetes', 'disc herniation']",3,Magnetoterapia,"Pseudocientífico
",62,62,0,RENESANCE Magnetoterapia - aplicador PIANO y varices ulcerosas.avi,"Hospital de Hermanos Misericordiosos - residencia para enfermos terminales: muestra de la aplicación de magnetoterapia, concretamente de aplicador PIANO para mejorar el riego sanguíneo en las piernas.",es,False,False,,
w83zltKk9zI,"[""Parkinson's syndrome"", ""Alzheimer's disease"", 'cerebral palsy', 'multiple sclerosis', ""Alzheimer's dementia"", 'cerebral dysfunction']",6,Magnetoterapia,"Pseudocientífico
",391,391,1,"MUDr. Peter Bednarčík, CSc. - The Effects of Biomag 3D Pulse Magnetotherapy on CNS Disease.","MUDr. Peter Bednarčík, Csc recommends low-frequency pulse magnetotherapy Biomag, which positively affects microcirculation in the central nervous system, the head or the spine. This effect is used in rehabilitation care in children with mild cerebral dysfunction, childhood polio, and adults after cerebral vascular events. Magnetotherapy Biomag is also applied to a whole group of degenerative diseases of the central nervous system such as Alzheimer's disease, multiple sclerosis or Parkinson's syndrome.",en,False,False,,
FD9LZ-PL-MI,"['toothache', 'inflammation', 'colds', 'rhinitis']",4,Magnetoterapia,"Pseudocientífico
",262,262,0,"MUDr. Peter Bednarčík, CSc. - Effects of 3D pulse magnetotherapy Biomag on oral cavity inflammation.","Magnetotherapy Biomag is valued for oral cavity treatment, which has a healing effect in local diseases such as paradontosis and toothache. Biomag magnetotherapy therapy programs are also applied, for example, to cavities, colds or middle ear inflammations. Magnetotherapy acts anti-inflammatory, anti-inflammatory, stimulates healing and improves the efficiency​ of any antibiotic treatment.",en,False,False,,
UjnTE3KyHTY,"['pain', 'arthritis', 'synovitis', 'spondylitis', 'Magnetotherapy', 'intervertebral joints', 'ankylosis of the spine.', 'Arthritis', 'joints', 'dislocation', 'Morbus Bechterew', 'rheumatoid arthritis of the spine affecting the cervical spine', 'ankylosis']",13,Magnetoterapia,"Pseudocientífico
",545,545,0,Tratamiento Artritis de la columna vertebral Magnetoterapia Biomag,"Características

Este programa y el modo de aplicación se utiliza en pacientes con artritis que afecta principalmente la columna vertebral.

Finalidad de la aplicación

Aliviar los síntomas inflamatorios y el dolor, así como mejorar la movilidad. Influyendo en el sistema vascular, mejorando el suministro de sangre oxigenada y de nutrimentos y eliminando los metabolitos crear mejores condiciones para la cura y un funcionamiento normal.

Uso de la magnetoterapia

La artritis de la columna vertebral, sobre todo en el caso de la espondilitis anquilosante (Morbus Bechterew), es una enfermedad inflamatoria crónica que afecta principalmente a la articulación iliosacral y las articulaciones intervertebrales con endurecimiento gradual hasta llegar a la anquilosis de la columna vertebral.

Debido a la artritis reumatoide de la columna vertebral que afecta a la columna cervical surge sinovitis de las articulaciones intervertebrales con daños posteriores a la estructura del cartílago, hueso, ligamento hasta una dislocación de la articulación atlanto-axial.

El tratamiento de la artritis de la columna verebral consiste en la modificación del ambiente y estilo de vida, rehabilitación y balnearios, medicamentos con efectos analgésicos y antiinflamatorios.

Para el uso de la magnetoterapia pulsátil de baja frecuencia Biomag, la artritis de la columna verebrales una de las indicaciones básicas, gracias a su efecto analgésico, antiedemático, antiinflamatorio y curativo. En las afecciones crónicas, la magnetoterapia ayuda a mejorar la movilidad y a impedir lesiones mayores a las articulaciones, así como proporciona un alivio al dolor general.",es,False,False,,
OTNDMOtCUyU,"['pain', 'myocardial infarction', 'constipation', 'angina pectoris', 'ulcers', '- terminal illness']",6,Magnetoterapia,"Pseudocientífico
",53,53,0,RENESANCE Magnetoterapia - aplicador PIANO y dolores de espalda .avi,"Hospital Universitario - residencia de enfermos terminales: muestra de aplicación de magnetoterapia, concretamente aplicador PIANO para aliviar dolores de espalda.",es,False,False,,
p6xJ1eQZHJ4,"['vitamin deficiencies', 'vertigo', 'substances, disorders', 'rotational vertigo', 'Tinnitus', 'disorder of blood circulation and blood supply to the inner ear.', ""Meniere's Disease"", ""Meniere's disease"", 'tinnitus', 'Deafness', ""Meniere's syndrome"", 'deafness']",12,Magnetoterapia,"Pseudocientífico
",664,664,0,Tratamiento Enfermedad de Ménière Magnetoterapia Biomag,"Característica

Es un deterioro del oído interno y del mecanismo de equilibrio. Tiene tres síntomas básicos: tinnitus (zumbidos y silbidos), sordera y vértigo. Es causada por la disfunción del oído interno (o parte de él, saco endolinfático). El síntoma que predomina es la crisis de vértigo rotacional, es muy variable y normalmente le precede un aura. Alcanza la intensidad máxima en varios minutos y dura aproximadamente de 2 a 3 horas. Los otros dos síntomas, tinnitus y sordera, suelen manifestarse en un solo lado. El tinnitus puede ser o permanente o intermitente.

La sordera es progresiva y nunca se corrige. No se conoce ninguna terapia causal. En el estado agudo (crisis) se administran medicamentos que alivian el vértigo y ajustan la composición y cantidad de líquido endolinfático. Cuando fallan todos los remedios, se aconseja la cirugía. En el caso del síndrome de Ménière los síntomas son siempre los mismos pero las causas pueden variar (por ejemplo trastornos hormonales, trastornos del metabolismo del agua, carencia vitamínica, sustancias tóxicas, trastornos en la columna cervical, estados postaccidentales, etc.).

Los zumbidos pueden aparecer como parte de la enfermedad de Ménière o independientemente. En el fondo es siempre un trastorno de la circulación sanguínea y el suministro de sangre al oído interno. Por eso, también el tratamiento está dirigido a mejorar el suministro de sangre oxigenada y nutrientes. Si los cambios son a largo plazo y el daño permanente, la eficacia del tratamiento es mínima.

Uso de la magnetoterapia

Se recomiendan aplicaciones de la magnetoterapia pulsátil de baja frecuencia Biomag en ambos oídos más en el área de la columna cervical, lo antes posible tras el descubrimiento de los primeros síntomas. Mejora considerablemente tanto el flujo sanguíneo por las arterias menores y el lecho capilar como las condiciones para un funcionamiento y curación normales. Sabiendo el origen de la enfermedad, aplicar con el objetivo específico, por ejemplo en el área del hígado, cápsulas suprarrenales y páncreas.

Modo de aplicación

Las frecuencias de 8-20 Hz de efecto miorelajante (sobre todo en la columna cervical) y vasodilatador (oído interno) ayudan a mejorar la microcirculación de la sangre oxigenada y nutrientes. Es adecuado el solenoide en la cabeza y el aplicador plano en la columna vertebral.",es,False,False,,
eqJcpGGpha0,"['Tick-borne encephalitis', 'pernicious inflammation', 'shingles', 'cystitis', 'infections', 'Mononucleosis', 'infertility', 'infectious jaundice', 'Lyme borreliosis', 'inflammation', 'urinary tract infections']",11,Magnetoterapia,"Pseudocientífico
",436,436,1,"MUDr. Peter Bednarčík, CSc.-Effects of Biomag 3D pulse magnetotherapy on viral,infectious diseases.","Low-Frequency Pulse Magnetotherapy Biomag is applied after severe infections, bacterial or viral diseases to eliminate or minimise​ the consequences and accelerate the regeneration of damaged tissues. The most common cases include post-mononucleosis, Lyme borreliosis, infectious jaundice or shingles. It also has positive effects in the treatment of urinary tract infections or infertility of women after pernicious inflammation. Test pulse magnetotherapy Biomag not only during the treatment of the mentioned diseases but also to prevent their occurrence.",en,False,False,,
duGndU_hXRA,"['Heartburn', 'reflux disease', 'pyrosis', 'hernia', 'painful burning sensation', 'gastroesophageal reflux', 'cancer', 'heartburn', 'ulcer']",9,Magnetoterapia,"Pseudocientífico
",207,207,0,Tratamiento Acidez Estomacal Magnetoterapia Biomag,"Características.

La acidez estomacal o pirosis se debe al llamado reflujo gastroesofágico. Esta enfermedad se presenta en aproximadamente una décima parte de la población. El contenido gástrico ácido escapa libremente a la parte inferior del esófago y vuelve de nuevo al estómago. Los ácidos gástricos irritan la mucosa esofágica causando así la pirosis, es decir una sensación desagradable dolorosa de ardor detrás del esternón, que sube desde el estómago hasta el cuello.

Si la irritación de la mucosa esofágica por los ácidos gástricos dura mucho tiempo, se pueden causar daños graves en ella. Se produce una transformación del revestimiento interno de la parte del esófago irritada donde se puede desarrollar una úlcera o incluso cáncer. Una de las causas del fallo del mecanismo de cierre puede ser la hernia de hiato.

Los problemas repetidos requieren un tratamiento eficaz de la enfermedad de reflujo y controles gastroscópicos regulares. Un alivio puede aportar también la posición elevada de la parte superior del cuerpo durante el sueño o beber un vaso de agua tibia.",es,False,False,,
vtY2SJWqmWY,"['muscle fatigue', 'lactic acid']",2,Magnetoterapia,"Pseudocientífico
",449,449,0,"MUDr. Peter Bednarčík, CSc. - Effects of 3D pulse magnetotherapy Biomag relaxing, regenerating.","Biomag Low-Frequency Pulsed Magnetotherapy programs are beneficial to athletes for their regenerative ability, their vasodilatory myorelaxation and detoxification effects. There is an improved supply of oxygenated blood and nutrients, such as lactic acid and other acidic metabolites. The result is a faster process of recovery and regeneration of energy reserves in the muscles. This removes the symptoms of muscle fatigue and creates optimal conditions for further performance.",en,False,False,,
nFT_FzpRBio,"['pain', 'glaucoma', 'arthritis', 'conjunctivitis', 'inflammations', 'headaches', 'rheumatoid arthrosis', 'throat', 'tinnitus', 'Magnetotherapy - CAVO applicator and its use.avi\n\nRehabilitation Department of the Santa Anna University Hospital: demonstration of the application of magnetotherapy, specifically the CAVO applicator', 'migraines']",11,Magnetoterapia,"Pseudocientífico
",71,71,0,RENESANCE Magnetoterapia - aplicador CAVO y su uso.avi,"Departamento de rehabilitación del Hospital Universitario de Santa Anna: muestra de la aplicación de magnetoterapia, concretamente aplicador CAVO para tratamiento de la articulación de rodilla.",es,False,False,,
PEIWIcfoEU4,['MEDICA'],1,Magnetoterapia,"Pseudocientífico
",963,963,0,Magnetoterapia e Campi elettromagnetici pulsati,"Laura Perin, responsabile Ricerca e Sviluppo di Meglio in Salute, parla della tecnologia PEMF (acronimo per Pulsed Electromagnetic Field) alla base del funzionamento dei Materassini Bio-Magnetici Meglio in Salute.

PER APPROFONDIMENTI
https://meglioinsalute.com/news/materassino-bio-magnetico-meglio-in-salute

RIFERIMENTI BIBLIOGRAFICI
STI Scientific and technical information program – NASA
https://www.sti.nasa.gov/
-
Countermeasures to microgravity
https://ntrs.nasa.gov/search.jsp?R=19900004641&hterms=PEMF&qs=N%3D0%26Ntk%3DAll%26Ntt%3DPEMF%26Ntx%3Dmode%2520matchallpartial
-
Modifying the Genetic Regulation of Bone and Cartilage Cells and Associated Tissue by EMF Stimulation Fields and Uses Thereof
https://ntrs.nasa.gov/search.jsp?R=20150003336&hterms=PEMF&qs=N%3D0%26Ntk%3DAll%26Ntt%3DPEMF%26Ntx%3Dmode%2520matchallpartial
-
Bioelectromagnetic and Subtle Energy Medicine
https://www.taylorfrancis.com/books/9780429256219
-
Physiological and Molecular Genetic Effects of Time-Varying Electromagnetic Fields on Human Neuronal Cells
https://www.researchgate.net/publication/24303048_Physiological_and_Molecular_Genetic_Effects_of_Time-Varying_Electromagnetic_Fields_on_Human_Neuronal_Cells
-
Inventions from Space / Available on Earth – NASA
http://masmagnetics.com/wp-content/uploads/nasa_booklet_ipad.pdf
-
ACTA MEDICA SALINIANA Volume 39, Suppl 1 : 2010

#materassinoinfrarossi #magnetoterapia #pemf #magneti #lauraperin #meglioinsalute",it,False,False,,
264hLlYN5O4,"['glaucoma', 'atrophy', 'optic nerve damage', 'blindness']",4,Magnetoterapia,"Pseudocientífico
",145,145,0,"MUDr. Peter Bednarčík, CSc. - The Effects of Biomag 3D Pulse Magnetotherapy on Ophthalmic Disease.","​Magnetotherapy Biomag helps in the treatment of ophthalmic diseases such as optics atrophy, blindness and glaucoma (glaucoma). Application of Biomag treatment programs improves oxygenated blood supply and regulates circulatory conditions throughout the eye. In some cases, a remarkable vasodilation effect can be used as supplementary and maintenance therapy by applying low-frequency pulse magnetotherapy to pre-capillaries and capillaries, which improves oxygenated microcirculation of blood and improves nutrient intake. Healing, stimulating effect, increased metabolic turnover, and an anti-inflammatory effect, mild optic nerve damage and positively exerted even when the retinal barrier function fails.",en,False,False,,
DiWRQXQUPUY,"['collagenosis', ""Raynaud's Syndrome - Biomag Magnetotherapy\n\nCharacteristic\n\nIt is a local vasoneurosis"", ""Raynaud's syndrome"", 'pallor', 'compulsive vascular spasms', 'spasms', 'vasoneurosis', ""Raynaud's disease"", 'arterial disorders']",9,Magnetoterapia,"Pseudocientífico
",400,400,0,Tratamiento Síndrome de Raynaud Magnetoterapia Biomag,"Característica

Es una vasoneurosis local, es decir espasmos compulsivos vasculares de los dedos con una característica palidez (dedos blancos, muertos, digiti mortui) provocados por el frío, humedad, corriente de aire o esfuerzo excesivo. Se trata de un síntoma de trastornos arteriales, colagenosis o ciertos cambios patológicos en el área supraclavicular, etc. Hay que distinguirlo de la enfermedad de Raynaud, que es una vasoneurosis total, caracterizada por síntomas similares a los del síndrome de Raynaud. Esta enfermedad afecta en su mayoría a mujeres - fumadoras.

Uso de la magnetoterapia

En el síndrome de Raynaud, la magnetoterapia pulsátil de baja frecuencia Biomag se recomienda una vez determinado el diagnóstico y después de la eliminación de cualquier proceso maligno en el área supraclavicular, etc. Para mejorar la circulación sanguínea en toda la extremidad superior, en el síndrome de Raynaud es necesario aplicar la magnetoterapia tanto en los dedos afectados como en el área supraclavicular y en las vértebras cervicales.

Modo de aplicación

Se recomienda aplicar frecuencias espasmolíticas y vasodilatadoras de 2-25 Hz diariamente incluso en el período sin ataques.",es,False,False,,
kjhK8c_vsmc,"['dihydrotestosterone', 'Alopecia', 'hair loss']",3,Magnetoterapia,"Pseudocientífico
",85,85,0,Tratamiento Alopecia o caída del pelo Magnetoterapia Biomag,"Características.

La alopecia es la caída patológica del pelo en racimos hasta la pérdida de cabello total. La causa puede ser cambios hormonales, estrés, influencias tóxicas o mecánicas, y una enfermedad cutánea.

Además de cambiar los hábitos alimenticios, el tratamiento consiste en una inhibición de dihidrotestosterona y otros procedimientos que llevan a un mejor flujo sanguíneo del cuero cabelludo y desintoxicación del organismo general.

Para reforzar el efecto en general, se recomiendan aplicaciones en el área del hígado para estimular las funciones de desintoxicación y consumo del agua magnetizada que tiene una mayor capacidad de disolver y eliminar los metabolitos de los tejidos.",es,False,False,,
qr_rw_avRVo,"['oxygen', 'injuries', 'thromboembolic disease', 'musculoskeletal injuries', 'fractures', 'joints']",6,Magnetoterapia,"Pseudocientífico
",633,633,0,Tratamiento Estados postoperatorios Magnetoterapia Biomag,"Característica

Los estados postoperatorios requieren de una convalecencia intensiva y un aumento del cambio metabólico en los tejidos afectados para que el proceso de curación transcurra de manera rápida y sin complicaciones.

Finalidad de la aplicación

Aumentando el volumen de sangre que entra al lecho arterial, el campo magnético pulsátil de baja frecuencia suministra más sangre oxigenada, oxígeno y nutrientes imprescindibles para la curación. Al mismo tiempo expulsa los metabolitos y sustancias tóxicas que frenan el proceso de curación.

Uso de la magnetoterapia

El objetivo de la rehabilitación postaccidental y postoperatoria es, entre otros, recuperar el movimiento y la actividad muscular, acelerar la curación, prevenir la enfermedad tromboembólica, etc. La rehabilitación postaccidental y postoperatoria trata de forma natural las consecuencias de las lesiones del aparato locomotor (fracturas, lesiones en las articulaciones y músculos) y los estados tras la cirugía ortopédica, quirúrgica y neurológica. Es imprescindible la participación activa del paciente, como el ejercicio regular o la aplicación de métodos de fisioterapia adecuados en casa. Dentro de la terapia física hay una amplia gama de métodos que se pueden combinar entre sí o cambiar durante el tratamiento dependiendo del estado del paciente. Como parte del cuidado se utilizan también los métodos de rehabilitación electroterapéuticos, por ejemplo la electroterapia, magnetoterapia, etc.

La magnetoterapia pulsátil de baja frecuencia Biomag se ha utilizado con mucho éxito desde hace decenas de años en centros de rehabilitación, pero también como método de rehabilitación individual en casa. Un mínimo de contraindicaciones y el manejo sencillo (agradable incluso para usuarios mayores) la hace ideal para el uso particular, pero también se puede utilizar como postratamiento, prevención y mantenimiento del estado. Se aplican principalmente las fracuencias miorrelajantes y vasodilatadoras en las zonas del cuerpo afectadas.",es,False,False,,
S2y4IUGH108,"['oxygen', 'acetylcholine', 'neurodegenerative disease', 'Dementia', 'dementia', 'atrophy', 'inflammation']",7,Magnetoterapia,"Pseudocientífico
",391,391,0,Tratamiento Demencia de Alzheimer Magnetoterapia Biomag,"Característica

Es una enfermedad neurodegenerativa del cerebro que conduce a la demencia progresiva. La enfermedad provoca la desintegración de fibras nerviosas, células nerviosas y el cambio metabólico del cerebro debido al almacenamiento de proteínas patológicas. El resultado es la atrofia cerebral, la formación de beta amiloide, la creación de placa, la pérdida de acetilcolina, la inflamación estéril y la desaparición de neuronas con la actuación de los radicales libres de oxígeno. En la actualidad, el tratamiento sirve más bien para frenar el progreso de la enfermedad y está enfocado a mejorar el metabolismo del cerebro, en la terapia hormonal, la inhibición de la acetilcolinesterasa y en los medicamentos con efecto antiinflamatorio y antioxidante.

Uso de la magnetoterapia

Como terapia complementaria se recomienda la rehabilitación, utilizando también la magnetoterapia que, gracias a su efecto vasodilatador y antiinflamatorio, mejora el suministro de oxígeno y nutrientes en el sistema nervioso central y ayuda a frenar el avance de la enfermedad y a estabilizar la salud. Las frecuancias elevadas estimulan directamente las actividades nerviosas.

Modo de aplicación

Cada día programas con frecuencias de 2-25 y 50-81 Hz con efecto vasodilatador y estimulante. Es adecuado colocar el solenoide en la cabeza y el aplicador plano en el área de la columna vertebral.",es,False,False,,
23DUm9-4OZ0,"['pain', 'vertebrobasilar syndrome', 'spasms']",3,Magnetoterapia,"Pseudocientífico
",80,80,1,RENESANCE magnetoterapia - fisioterapeuta de GEMINI.avi,La fisioterapeuta del Instituto para discapacitados GEMINI habla sobre la aplicación de la magnetoterapia.,es,False,False,,
sYxQ1A9CD_8,"['pain', 'copper - carbon', 'arthritis', 'neck pain', 'insomnia', 'osteoarthritis', 'carbon', 'sprains', 'osteoporosis', 'silver', 'copper', 'bone-joint pain', 'sciatica', 'Silver']",14,Magnetoterapia,"Pseudocientífico
",19,19,0,STUOIA COPRIMATERASSO MAGNETOTERAPICA,"Stuoia magnetoterapica con bande magnetiche, consente di portare il “NORD ARTIFICIALE”, cioè di dormire con la testa rivolta a nord.
Secondo le teorie Feng Shui dormire con la testa rivolta a nord rende il sonno più profondo e riposante, ideale per chi soffre d’insonnia e migliora il microcircolo.
Con fili di rame, carbonio e silver antibatterici e antistatici naturali scaricano attraverso un’antenna l’elettricità statica accumulata.
Predisposta di attacco per macchine magnetoterapiche, consente la magnetoterapia durante il sonno. Con un lato lana merinos e cachemire per beneficiare delle proprietà naturali della lana merinos termoregolatrice naturale e antireumatica. Si può utilizzare sia dal lato con lana merinos e cachemire sia dall’altro.

Usata da millenni la MAGNETOTERAPIA combatte in modo NATURALE il dolore e la fragilità ossea, ha un effetto antinfiammatorio e antidolorifico per chi soffre di cervicalgia, distorsioni, artrosi e altre patologie.

Il coprimaterasso STUOIA MAGNETOTERAPICA emette un CAMPO MAGNETICO di determinata frequenza e intensità, che ripristina i corretti processi biochimici delle cellule.


Il massimo del beneficio è rimanere a contatto con i MAGNETI più tempo possibile per questo è indicata la STUOIA MAGNETOTERAPICA da applicare sopra il vostro letto e DORMIRCI PER TUTTA LA NOTTE.

COM’È COMPOSTA
• dispositivo medico
• dotata di 7 bande magnetiche
• fili di silver- rame – carbonio
• filo con antenna scarica l’elettricità elettrostatica
• pulsante per collegare le macchine della magnetoterapia e poter fare la terapia durante la notte
• un lato lana merinos
• un lato tessuto silver

PROPRIETÀ
• elimina i campi magnetici dal tuo letto
• barriera contro i campi magnetici
• polarizza il nord artificiale ( è come dormire con la testa a nord)
• sonno più profondo e rilassante
• aumenta l’ossigenazione del sangue così da ristabilire un perfetto metabolismo delle cellule tissutali
• azione anti-invecchiamento
• anti-dolorifica (artriti, artrosi, reumatismi, cervi algia, lombalgia, sciatalgia, torsioni)
• riduzione dei dolori ossei – articolari ( rigenerazione ossea ideale per chi soffre di osteoporosi)
• anti-infiammatoria grazie all’azione magnetica sul sistema immunitario",it,False,False,,
OscZNp_L9uM,['Dolorelax Magnetotherapy 2018\n\nMagnetotherapy'],1,Magnetoterapia,"Pseudocientífico
",64,64,0,Dolorelax Magnetoterapia 2018,"La magnetoterapia è una terapia che utilizza campi magnetici con effetti benefici sulla salute. L’obiettivo del campo magnetico è quello di ricaricare, rigenerare e normalizzare le cellule prive di forza vitale. Cerotti per magnetoterapia, grazie alla sua tecnologia basata sui campi magnetici generati da un magnete permanente a base di Ferrite, aiuta a ridurre le tensioni e gli irrigidimenti muscolari, migliorando la circolazione del sangue.",it,False,False,,
o2R_rYnmjBA,"['Cellulite', 'microcirculation disorder', 'cellulite', 'constipation', 'loss of skin elasticity']",5,Magnetoterapia,"Pseudocientífico
",275,275,0,Tratamiento Celulitis Magnetoterapia Biomag,"Característica

La celulitis provoca un trastorno de las fibras elásticas y colágenas, y una pérdida de elasticidad y calidad de la piel. Se produce un almacenamiento de grasa subcutánea y reduce la microcirculación de la sangre oxigenada. El resultado son cambios degenerativos del tejido conectivo, cambios fibróticos y un aspecto de piel de naranja. El trastorno de la microcirculación lleva al posterior almacenamiento de metabolitos y al trastorno gradual del flujo linfático. Tienen una mayor tendencia a la celulitis las mujeres que sufren de estreñimiento, de trastornos del funcionamiento del hígado y de los riñones, trastornos de circulación sanguínea y linfática. Se ha demostrado una relación entre la aparición de las varices y la celulitis. El tratamiento de las varices debería prevenir el de la celulitis. En las mujeres con esta enfermedad influyen, además de los malos hábitos alimentarios y falta de ejercicio, cambios hormonales y también el tabaquismo.

Uso de la magnetoterapia

Estimulando la microcirculación de sangre oxigenada, la magnetoterapia pulsátil de baja frecuencia suministra la sangre oxigenada en el área expuesta y, gracias a su efecto desintoxicante, ayuda a eliminar los metabolitos de la piel y del subcutáneo. El resultado es una piel más firme y elástica. Este efecto se utiliza para combatir no sólo la celulitis, sino también las arrugas. Se recomiendan los programas vasodilatadores y curativos, es decir los estimulantes. El tratamiento se puede complementar con el consumo de agua magnetizada y con aplicaciones en la zona del hígado para estimular la desintoxicación de todo el organismo.

Modo de aplicación

Aplicar frecuencias vasodilatadoras y estimulantes (50-81 Hz) utilizando aplicadores planos o solenoides en las zonas de la piel afectadas y el hígado. Es posible alternar con frecuencias de 26-44 Hz.",es,False,False,,
16-bDUfGofA,"['pain', 'infantile cerebral palsy', 'spasms']",3,Magnetoterapia,"Pseudocientífico
",84,84,0,RENESANCE Magnetoterapia - muestra de aplicación en casa,Muestra de aplicación de magnetoterapia en un hogar particular,es,False,False,,
X5qm7oo2_ZE,"[""Bechterew's disease"", 'scars', 'psoriasis', 'spondylitis', 'joints', 'iritis', 'inflammation', 'electroacupuncture']",8,Magnetoterapia,"Pseudocientífico
",348,348,0,RENESANCE Magnetoterapia - cuidados veterinarios,Una diplomada especialista en rehabilitación comenta su experiencia del uso de la magnetoterapia para ayudar a las mascotas.,es,False,False,,
N-qx5geysXE,"['hyperreactivity', 'oxygen', 'congestion', 'breathlessness', 'obstruction of airflow (narrowing', 'obstruction', 'asthma', 'blood congestion', 'edema', 'spasms']",10,Magnetoterapia,"Pseudocientífico
",209,209,0,Tratamiento Asma Magnetoterapia Biomag,"Característica

El asma bronquial se caracteriza por ataques de ahogo a causa de una obstrucción del flujo aéreo (estrechamiento, cierre) en las vías respiratorias. El mecanismo principal de tal obstrucción son los espasmos de la musculatura lisa de los bronquios de todos los tamaños, congestión sanguínea y edema de la mucosa, así como una secreción excesiva de mucosidad viscosa.

La causa del asma es la hiperreactividad bronquial ante numerosos estímulos. Puede ser o un fenómeno inmunológico o no inmunológico, o a menudo combinado. Parte del tratamiento complejo es una rehabilitación, actividades deportivas, fortalecimiento, balneoterapia climática, etc.

Uso de la magnetoterapia

La magnetoterapia pulsátil de baja frecuencia, por su efecto espasmolítico y antiedematoso, ensancha las vías aéreas y por su efecto vasodilatador, importante para los precapilares y capilares, estimula la microcirculación de la sangre oxigenada en los tejidos pulmonares, la saturación de la sangre con el oxígeno. Otro efecto positivo también es el antiedemático.

Modo de aplicación

Al principio se aplican frecuencias bajas y medianas de 2-25 Hz y en la época de prevención de ataques recurrentes la aplicación se puede alternar con el programa de regeneración (nº 28).",es,False,False,,
58oYpsebTJ4,"['toxic tissue injury', 'mononucleosis', 'infections', 'hepatitis', 'CMP', 'eczema', 'diabetes', 'allergies', 'gout']",9,Magnetoterapia,"Pseudocientífico
",349,349,0,Tratamiento Desintoxicación del organismo Magnetoterapia Biomag,"Característica

Las aplicaciones de la magnetoterapia pulsátil de baja frecuencia producen un efecto desintoxicante (depurativo) e influyen en la intensidad del metabolismo. El CMP de baja frecuencia penetra de manera uniforme en el tejido expuesto, es decir en cada célula, e impulsa corrientes eléctricas débiles. De esta forma se producen cambios de los potenciales superficiales de las células, cambios en la permeabilidad de las membranas celulares, incremento del riego sanguíneo, oxigenación, abastecimiento de nutrientes y mejora la eliminación de desechos metabólicos de los tejidos expuestos, lo cual es la condición fundamental de cada proceso de curación.
Un metabolismo más intenso, la eliminación y desintoxicación de desechos son el comienzo de los procesos curativos y regenerativos. Por ejemplo, la actuación de uno de los equipos Biomag® sobre la zona del hígado estimula su actividad y así acelera y realza los procesos de la desintoxicación en todo el organismo.

Uso de la magnetoterapia

Los efectos locales los logramos al acercar el aplicador a la zona afectada – músculo, articulación, columna, etc. Usando un aplicador pequeño alcanzamos un efecto local más fuerte gracias a una inducción mayor, en cambio si usamos un aplicador con una superficie de aplicación mayor, aunque la inducción es más baja, alcanzamos un efecto estimulante metabólico positivo más extenso. Este efecto se manifiesta en toda una serie de enfermedades y estados. Por ejemplo, en las enfermedades metabólicas como diabetes y gota, en la regeneración de los tejidos tras infecciones – hepatitis, mononucleosis, lesión tóxica en los tejidos, pero también en eccemas y otras alergias. Para conseguir el efecto desintoxicante deseado es necesario un adecuado régimen de consumo de agua. El efecto depurativo se puede estimular con el agua magnetizada que tiene una capacidad aumentada de disolver las sustancias y eliminar los metabolitos de los tejidos.

Modo de aplicación

Aplicaciones diarias en el área del vientre e hígado con frecuencias de 65-81 Hz más la magnetización del agua mediante el programa nº 31.",es,False,False,,
87AKRzPSiI0,"['cerebral palsy', 'hyperactive', 'muscle contractures', 'autistic', 'spasms']",5,Magnetoterapia,"Pseudocientífico
",178,178,0,RENESANCE Magnetoterapia - Centro de Rehabilitación Infantil.avi,El fisioterapeuta del Centro de Rehabilitación Infantil VLASTOVKA describe cómo incluyen la magnetoterapia en los tratamientos de rehabilitación.,es,False,False,,
gDFSmeYDrIU,[],0,Magnetoterapia,"Pseudocientífico
",162,162,1,CURSO DE PAR BIOMAGNÉTICO ONLINE - O MELHOR - O verdadeiro biomagnetismo / biomagnetismo,"CURSO DE PAR BIOMAGNÉTICO ONLINE - O MELHOR - O verdadeiro biomagnetismo / biomagnetismo

#cursodebiomagnetismo #cursodebiomagnetismoonline #magnetoterapia 
Clique no link e comece ainda hoje a fazer seu curso:
✅ https://pay.hotmart.com/R17048515T

Aprenda a fazer terapia com ímãs. Meu curso de PAR BIOMAGNÉTICO é clássico sem invencionismo que não possui comprovações científicas.
Aprenda também os princípios da magnetoterapia.
Forneço todo material didático necessário para você iniciar com toda segurança seu trabalho. Você terá todo suporte necessário durante e após o curso, para melhor desempenho de sua função.

Conheça todo conteúdo acessando o link abaixo:
✅ https://go.hotmart.com/R17048515T

curso de biomagnetismo, biomagentismo, tratamento com biomagentismo, fazer biomagentismo, terapia com biomagentismo, biomagnetismo online, bioenergetica, tratamento com bioeneergetica, biomagentismo funciona

#cursodebiomagnetismo #cursodebiomagnetismoonline #magnetoterapia #biomagnetismo #magnetoterapia #parbiomagnético #iman",pt,False,False,,
jYtFGu2Z3ww,"['chilblains', 'paralysis', 'cerebral edema']",3,Magnetoterapia,"Pseudocientífico
",191,191,1,RENESANCE Magnetoterapia - cuidando no sólo a los animales.avi,"La portavoz del Instituto de Cuidados Sociales para Jóvenes Discapacitados comenta la experiencia de su centro con la magnetoterapia: niños, personal, caballos, gatos...",es,False,False,,
6fmdcRILBUg,"['quadriplegia', 'Cerebral Palsy', 'infantile cerebral palsy', 'spasms']",4,Magnetoterapia,"Pseudocientífico
",190,190,0,"RENESANCE Magnetoterapia - uso en casa, parálisis cerebral",La madre de Andrés describe cómo la magnetoterapia mejoró la vida de su hijo.,es,False,False,,
6aBpsdpidLU,"['Renal colic', 'hydronephrosis', 'acute painful syndrome', 'kidney failure', 'renal colic', 'obstruction', 'Renal Colic', 'Acute renal colic']",8,Magnetoterapia,"Pseudocientífico
",360,360,0,Tratamiento Cólico renal Magnetoterapia Biomag,"Característica

El cólico renal es un síndrome agudo doloroso causado por un repentino fallo del flujo de orina a través del uréter. La causa más común es el concremento y su movimiento en las vías del tracto urinario. Surge en estado de plena salud. El diagnóstico se confirma mediante radiografía o ultrasonido. El cólico renal agudo que no se empieza a curar a tiempo puede provocar una acumulación de orina, hidronefrosis y fallo renal. El tratamiento (conservador o quirúrgico) del cólico renal consiste en la eliminación de la piedra u otro obstáculo (coágulo de sangre, pus) de las vías urinarias. El tratamiento conservador consiste en la administración de medicamentos analgésicos y espasmolíticos, en el consumo aumentado de líquidos o en terapia inatravenosa para estimular la expulsión espontánea de las piedras.

Uso de la magnetoterapia

La magnetoterapia pulsátil de baja frecuencia Biomag se puede utilizar para complementar el tratamiento conservador analgésico o espasmolítico y tras la desaparición del concremento para estimular la curación de la mucosa dañada.

Modo de aplicación

Se recomienda aplicar localmente encima del riñón y las vías del uréter con frecuencias analgéticas de 4-6 Hz, posteriormente es recomendable utilizar frecuencias espasmolíticas de 8-14 Hz a largo plazo hasta que desaparezca el concremento. Como postratamiento y prevención es posible utilizar frecuencias de 2-25 Hz.",es,False,False,,
KRL11vYVozc,[],0,Magnetoterapia,"Pseudocientífico
",173,173,0,"RENESANCE Magnetoterapia - Colegio especial, Blansko.avi",Una fisioterapeuta del Colegio Especial comenta su experiencia con la magnetoterapia.,it,False,False,,
chOzzhG8eU0,"['pain', 'osteoporosis', 'rheumatoid arthritis']",3,Magnetoterapia,"Pseudocientífico
",115,115,0,RENESANCE  Magnetoterapia - aplicador VIERA,Muestra de aplicación  de magnetoterapia en un centro infantil de rehabilitación,pt,False,False,,
AuR-neDFwa0,['pain'],1,Magnetoterapia,"Pseudocientífico
",208,208,0,RENESANCE Magnetoterapia - Centro de Rehabilitación Infantil,"Muestra de sesiones de magnetoterapia con distintos aplicadores, grabada en un centro de rehabilitación infantil.",es,False,False,,
8dTEj-SF0m0,"['Magnetotherapy - Mentally Disabled\n\n', 'hyperactivity']",2,Magnetoterapia,"Pseudocientífico
",82,82,0,RENESANCE Magnetoterapia - discapacitados mentales,Muestra de aplicación de la magnetoterapia en una escuela para discapacitados.,es,False,False,,
048axBtAmmU,"['Nocturnal enuresis', 'infections', 'sleep disorders', 'Enuresis', 'enuresis']",5,Magnetoterapia,"Pseudocientífico
",222,222,0,Tratamiento Enuresis infantil Magnetoterapia Biomag,"Característica

La vejiga urinaria y el sueño de la mayoría de niños con enuresis son normales, pero no se despiertan cuando la vejiga se llena y entonces se produce la micción. Existen cuatro factores con respecto a la patofisiología básica de la enuresis: función de la vejiga urinaria, desórdenes del sueño, producción de la orina y el factor genético.

La enuresis es más común en niños que en niñas. Un tratamiento antidiurético ayuda a disminuir la producción de orina durante la noche y puede solucionar el problema. La enuresis nocturna puede ser la causa de numerosos problemas psicológicos.

Uso de la magnetoterapia

La magnetoterapia pulsátil de baja frecuencia Biomag está indicada como un tratamiento complementario (efecto antiinflamatorio y miorelajante), sin embargo, no puede cubrir todos los factores (trastornos psicológicos, el factor genético, etc.). Se recomienda aplicar durante el día en la zona lumbar y en la vejiga urinaria diariamente y a largo plazo. También prevenir infecciones, seguir un consumo de líquidos adecuado, respetar un régimen de sueño así como las recomendaciones del pediatra.

Modo de aplicación

Aplicamos frecuencias de 21-25 Hz y de 2-25 Hz en la zona lumbar y en la vejiga urinaria.",es,False,False,,
d_Lk2DALHW0,[],0,Magnetoterapia,"Pseudocientífico
",262,262,0,"RENESANCE Magnetoterapia - Hospital Universitario Santa Anna, Brno.avi",La directora del hospital explica el uso que dan a los aparatos de magnetoterapia de la gama RENAISSANCE,es,False,False,,
3RnCj0xWXks,[],0,Magnetoterapia,"Pseudocientífico
",162,162,0,"RENESANCE Magnetoterapia - Programas de sanación Vía Alba, Brno.avi",El director de la Asociación de shiatsu elogia la magnetoterapia y habla de sus efectos positivos en los pacientes.,es,False,False,,
toy-mnAy8kg,"['disabilities', 'spastic', 'spasms']",3,Magnetoterapia,"Pseudocientífico
",53,53,0,RENESANCE Magnetoterapia - Centro para Niños Discapacitados,La fisioterapeuta del Centro para Niños Discapacitados describe el uso de la magnetoterapia en la escuela donde trabaja.,es,False,False,,
HZRXFGx64b4,"['accidents', 'infantile cerebral palsy', 'locomotor dysfunctions', 'cord injuries', 'spasms']",5,Magnetoterapia,"Pseudocientífico
",127,127,1,RENESANCE Magnetoterapia - muestra de aplicación,El uso de magnetoterapia con distintos aplicadores en un centro de tratamientos locomotores - especial niños.,es,False,False,,
ag87b7jQ16w,[],0,Magnetoterapia,"Pseudocientífico
",107,107,0,RENESANCE Magnetoterapia - Hospital Universitario Brno Bohunice.avi,La directora del hospital comenta el uso de la magnetoterapia y sus contraindicaciones.,es,False,False,,
fRo7Tf7KCTw,"['pain', 'hypothermia', 'Cystitis', 'Inflammation of the urinary bladder', 'Magnetotherapy', 'cystitis', 'inflammation', 'spasms']",8,Magnetoterapia,"Pseudocientífico
",436,436,0,Tratamiento Cistitis Magnetoterapia Biomag,"Característica

La inflamación de la vejiga urinaria (cystitis acuta) se manifiesta como un dolor desagradable en la parte inferior de vientre bajo con ganas de orinar y temperatura aumentada. El dolor empeora al principio y al final de la micción. A veces en la orina aparece sangre.

Afecta principalmente a las mujeres jóvenes, a menudo repetidas veces. Una mayor incidencia en las mujeres se debe a una anatomía diferente del tracto urinario femenino respecto al masculino. La causa es la debilitación del organismo, agotamiento o hipotermia. Tras curar la inflamación aguda es necesario otro cuidado para prevenir la recaída: reposo, consumo adecuado de líquidos, apoyo de las funciones inmunológicas, evitar enfriamiento, etc. En el tratamiento se utilizan antibióticos o quimioterapéuticos, según la sensibilidad del agente infeccioso detectado. Es recomendable una estimulación de la inmunidad global (también como parte de la prevención).

Uso de la magnetoterapia

Las aplicaciones de la magnetoterapia pulsátil de baja frecuencia Biomag se utilizan junto con el tratamiento específico incluido el antibiótico. La magnetoterapia alivia los dolores y libera los espasmos, estimula la curación, mejora el efecto del tratamiento antibiótico y se puede utilizar también como prevención.

Modo de aplicación

Aplicaciones en posición sentada encima del aplicador plano y en el área pélvica con frecuencias analgésicas y espasmolíticas de 4-6 Hz. Una vez mitigados los problemas agudos, frecuencias de 10-14 Hz, complementando el consumo diario de líquidos con agua magnetizada.",es,False,False,,
Kc5f1hcqKE8,"['mental disability', 'pain', 'mental disabilities', 'osteoporosis', 'asthma', 'spasms']",6,Magnetoterapia,"Pseudocientífico
",133,133,2,RENESANCE Magnetoterapia - uso de distintos aplicadores,"RENESANCE Magnetoterapia, salud, rehabilitación, magnetoterapia pulsante de baja frecuencia, fisioterapia, discapacidad mental, tendones, espasmos, asma, osteoporosis, regeneración, dolores, peristaltismo, sistema inmunológico, efecto antiinflamatorio, varices ulcerosas",es,False,False,,
6o5w1cSXzss,"[""Bechterew's disease"", 'pain', 'infantile cerebral palsy', 'psoriasis', 'fractures', 'osteoarthritis']",6,Magnetoterapia,"Pseudocientífico
",585,585,0,RENESANCE MAGNETOTERAPIA - la enfermedad de Bechterev,La presidenta del Club de Bechterev describe cómo utiliza los aparatos de magnetoterapia.,es,False,False,,
0rPIlRu9jAE,"['rheumatoid arthritis', 'joints']",2,Magnetoterapia,"Pseudocientífico
",81,81,0,RENESANCE Magnetoterapia - residencia de tercera edad,El médico de la residencia de tercera edad comenta el uso de la magnetoterapia.,es,False,False,,
Xu9nM-Khoy4,"['pain', 'injuries', 'arthritis', 'malignant tumors', 'fractures', 'carpal tunnel syndrome', 'hemorrhages', 'osteoporosis', 'acute infections', 'fibromyalgia', 'osteonecrosis']",11,Magnetoterapia,"Pseudocientífico
",112,112,0,Magnetoterapia: Soluzioni di Vendita e Noleggio in Tutta Italia da Azione Salute - Scopri i Benefici,"Scopri i benefici della Magnetoterapia con Azione Salute, disponibile per la vendita e il noleggio in tutta Italia. Un trattamento non invasivo che utilizza campi magnetici per affrontare una serie di condizioni, migliorando la tua qualità di vita senza l'uso di farmaci.

Benefici della Magnetoterapia:
Tratta efficacemente condizioni come osteoporosi, fratture, osteonecrosi, varie forme di artrite, sindrome del tunnel carpale, e molti altri disturbi.
Offre sollievo da reumatismi, dolori articolari, fibromialgia, e lesioni cutanee.
Supporta il recupero da lesioni della cartilagine e favorisce il consolidamento di protesi articolari.
Utilizzare la magnetoterapia a casa è semplice con i dispositivi disponibili su Azione Salute. Scegli il modello che fa per te, applica gli applicatori sulle zone da trattare e segui le indicazioni per impostare durata e intensità.

Punti Chiave:
Sicurezza e Non Invasività: Una terapia sicura per la maggior parte delle persone, ma con alcune controindicazioni specifiche.
Controindicazioni: È importante essere consapevoli delle controindicazioni, come portatori di pacemaker, gravidanza, presenza di tumori maligni, infezioni acute, o emorragie.

Consigli Importanti:
Consulta sempre il tuo medico prima di iniziare trattamenti di magnetoterapia per assicurarti che sia sicuro e adatto alle tue esigenze personali.

Per scoprire di più sulla nostra offerta di dispositivi per magnetoterapia e per trovare il prodotto giusto per te, visita il sito Azione Salute a questo link https://www.azionesalute.it/collections/magnetoterapia
Troverai soluzioni per ogni esigenza, sia per l'acquisto che per il noleggio, con l'opportunità di migliorare significativamente la tua salute e benessere.

Ricorda, la magnetoterapia può essere un prezioso alleato per il tuo benessere. Non esitare a esplorare come può aiutarti a vivere una vita più sana e confortevole.",it,False,False,,
frUzeW56cq8,"['pain', 'infantile cerebral palsy', 'paraplegia', 'trauma', 'spasms']",5,Magnetoterapia,"Pseudocientífico
",294,294,0,RENESANCE Magnetoterapia - ventajas del uso en casa,"Madre de un hijo parapléjico, con parálisis cerebral infantil, ofrece su testimonio del uso de la magnetoterapia en en su hogar.",es,False,False,,
O5Bt8dJrMeQ,"['pain', 'neurological diseases', 'infantile cerebral palsy', 'joints']",4,Magnetoterapia,"Pseudocientífico
",70,70,0,RENESANCE Magnetoterapia - Centro Infantil para Discapacitados,La fisioterapeuta del Centro Infantil para Discapacitados describe para qué patologías utiliza la magnetoterapia.,es,False,False,,
f0dUa--nm8g,"['eczema', 'Hydrogen', 'anomaly', 'burns', 'anomalies']",5,Magnetoterapia,"Pseudocientífico
",362,362,0,Tratamiento Magnetización de agua Magnetoterapia Biomag,"Característica

El campo magnético pulsante de baja frecuencia es aplicable en agua potable, así como en comidas con alto contenido de agua (fruta, verdura, etc.). La magnetización de alimentos se utiliza para estimular los procesos metabólicos y de desintoxicación en el organismo. 

Finalidad de la aplicación

Influyendo en la estructura interior del agua y en los enlaces entre las moléculas del agua se activa la capacidad de ésta de crear enlaces, es decir la eficiencia del agua como disolvente aumenta, influyendo así en todos los procesos metabólicos en el organismo.

Descripción de la magnetización de agua

Al activar el agua y alimentos con alto contenido de agua mediante el campo magnético pulsado, se producen en el agua ciertos cambios en las propiedades físicas del agua que llevan a cambios en la actividad biológica. Estos cambios se pueden aprovechar para apoyar el tratamiento complementándolo con el consumo de agua magnetizada.

El uso del agua magnetizada con propósitos curativos se conoce desde hace miles de años. Pero tan sólo en los últimos años ha aparecido la primera información seria y científicamente respaldada soble la actividad biológica del agua magnetizada. El agua en el cuerpo humano y animal es un entorno universal en el cual ocurren procesos vitales complejos. Representa el vehículo básico que influye en el estado de salud y funcionamiento del organismo. Por lo tanto, „Sine aqua deest vita"" – no hay vida sin agua.

Es disolvente de muchas sustancias e influye significativamente en el metabolismo a todos los niveles, es portadora de minerales, oligoelementos, sirve como líquido refrigerante y evita el sobrecalentamiento del organismo. Otra función del agua es eliminar los residuos debidos a los procesos metabólicos en forma de orina.

Desde el punto de vista físico y químico, entre otras composiciones conocidas, no hay ninguna que se parezca al agua. Manifiesta anomalías en todas sus propiedades físico-químicas sin excepción. Si el agua se comportara igual que las demás composiciones similares, no existiría la vida en la Tierra, o no en la forma como la conocemos hoy (M. Štěpánek et al.).

Los enlaces de hidrógeno explican también otras anomalías del agua, como por ejemplo el aumento de volumen durante la conversión a estado sólido. Al convertirse en estado sólido, el volumen de agua aumenta aproximadamente un diez por ciento y el hielo formado flota, porque su densidad es menor que la del agua.
Otra anomalía es la expansión térmica del agua – la densidad del agua máxima es con 4 grados Celsius. Esta anomalía tiene importancia en los ecosistemas acuáticos por ejemplo para la supervivencia de organismos en el invierno.

El carácter polar del agua hace que el agua se adapte al campo eléctrico mucho mejor que otros líquidos. Las cadenas de moléculas, que llevan en sus extremos cargas eléctricas, son capaces de disolver los compuestos iónicos y causan la solvatación de iones.

El agua es inelástica, incomprimible y eso es importante para mantener la forma de los organismos.

Uso de la magnetoterapia

La magnetoterapia pulsátil de baja frecuencia Biomag® posibilita una preparación muy sencilla del agua magnetizada en casa, introduciendo por ejemplo una botella con agua o fruta dentro de un solenoide. Este agua tiene muy buenos efectos desintoxicantes y ayuda en general a mantener y a mejorar el metabolismo. Es adecuada también para el cuidado de la piel con eczemas, etc.

El agua magnetizada en combinación con otra terapia estimula considerablemente la curación. Es adecuada no sólo para uso interno, sino también para el lavado de ojos, heridas o quemaduras. En la medicina humana y veterinaria en combinación con la magnetoterapia pulsátil de baja frecuencia se puede aplicar o añadir a cualquier tratamiento o método terapéutico.",es,False,False,,
2DcTcDiwkxo,"['pain', 'infantile cerebral palsy', 'locomotor disorders', 'epilepsy', 'spasms']",5,Magnetoterapia,"Pseudocientífico
",321,321,0,RENESANCE Magnetoterapia - Centro Terapéutico Infantil de Trastornos Locomotores,La Directora del centro explica qué uso dan a la magnetoterapia para ayudar a los niños enfermos.,es,False,False,,
7gmeLd8F1Qw,['pain'],1,Magnetoterapia,"Pseudocientífico
",185,185,0,"RENESANCE Magnetoterapia - Hospital Hermanos Misericordiosos, Brno.avi",La directora del hospital describe su experiencia con la magnetoterapia,es,False,False,,
dMXQBBmhBhk,"['quadriplegia', 'diplegia', 'cerebral palsy']",3,Magnetoterapia,"Pseudocientífico
",129,129,0,RENESANCE Magnetoterapia - Asociación de Padres y Amigos de Niños Discapacitados,"Una de las fisioterapuetas de la Asociación describe cómo la magnetoterapia a niños con parálisis cerebral, cuadruplejía, diplejía, efecto analgésico, efecto regenerativo y curativo, efecto antiedémico, rehabilitación,",es,False,False,,
c1-HhvLQpTU,[],0,Magnetoterapia,"Pseudocientífico
",89,89,0,Noleggio Magnetoterapia - .it,"Come noleggiare la magnetoterapia cemp direttamente a casa tua. Questo video spiega in breve come e perché noleggiare la magnetoterapia  per usarla a casa. Inoltre spiega tutte le principali caratteristiche del servizio di noleggio magnetoterapia pulsata.

per avere maggiori info di noleggio visita il nostro sito web: www.noleggiomagnetoterapia.it

#magnetoterapia #noleggiomagnetoterapia",it,False,False,,
YsX_adVzIrA,"['cerebral palsy', 'fractures', 'Down syndrome', 'arthrosis', 'lumbar pain']",5,Magnetoterapia,"Pseudocientífico
",86,86,0,RENESANCE Magnetoterapia - entrevista con fisioterapeuta,La fisioterapueta de un Instituto de Cuidados Sociales describe su experiencia con la magnetoterapia,es,False,False,,
Xa5wSqbJRho,['pain'],1,Magnetoterapia,"Pseudocientífico
",65,65,0,RENESANCE Magnetoterapia - Instituto para alumnos discapacitados Gemini.avi,Entrevista a una alumna de Instituto con cuidados especiales Gemini.,pt,False,False,,
-LYd5MtqbVw,"['pain', 'Magnetotherapy', 'fibromyalgia pain', 'fatigue', 'fibromyalgia', '️MAGNETOTHERAPY']",6,Magnetoterapia,"Pseudocientífico
",53,53,2,🔵MAGNETOTERAPIA Revelada: La Clave para ALIVIAR la FIBROMIALGIA,"Sígueme en Instagram para aprender más de cómo cuidar de tu salud
➡️👉 https://www.instagram.com/aprendiendodesalud_consol/

Únete a Tik Tok para estar en contacto
➡️👉 https://www.tiktok.com/@aprendamosdesalud

Sígueme en Facebook para estar al día 
➡️👉https://www.facebook.com/aprendiendodesaludconsoledad/

Bienvenidos a 'Aprendamos de Salud'. Aquí encontrarás información valiosa sobre diversas enfermedades y consejos para mejorar tu calidad de vida. Mi misión es informar y empoderarte para que puedas cuidar mejor de tu salud. Únete a mí en este viaje hacia el bienestar. ¡Aprender es el primer paso hacia una vida más saludable!

👉MAGNETOTERAPIA Revelada: La Clave para ALIVIAR la FIBROMIALGIA

En este vídeo, te revelaré el secreto mejor guardado para aliviar el dolor de la fibromialgia: la magnetoterapia. Estoy aquí para brindarte información valiosa sobre cómo esta técnica innovadora puede cambiar tu vida si luchas contra la fibromialgia.

La fibromialgia es una enfermedad crónica que afecta a millones de personas en todo el mundo. Uno de los síntomas más debilitantes es el dolor muscular y articular constante. Pero, ¿cómo puede la magnetoterapia ayudar a las personas que sufren de esta afección? A lo largo de este resumen, exploraremos los beneficios de la magnetoterapia en el manejo de la fibromialgia.

La magnetoterapia es una técnica que utiliza campos magnéticos para estimular el cuerpo y promover la curación. Es un enfoque no invasivo y seguro que ha demostrado ser efectivo en el alivio del dolor y la mejora de la calidad de vida de las personas con fibromialgia. Los estudios científicos sugieren que la magnetoterapia puede ser una solución efectiva para reducir el dolor muscular y articular, lo que es un alivio significativo para quienes padecen esta afección.

Además del alivio del dolor, muchos pacientes con fibromialgia han informado mejoras en la calidad de su sueño después de utilizar la magnetoterapia de manera regular. El sueño reparador es crucial para la salud general y el bienestar, y la falta de sueño de calidad es un problema común entre las personas con fibromialgia. La magnetoterapia puede ayudar a restaurar patrones de sueño saludables, lo que a su vez contribuye a una mayor calidad de vida.

Otro beneficio importante es la reducción de la fatiga. La fatiga crónica es una característica común de la fibromialgia y puede ser debilitante. La magnetoterapia ha demostrado ayudar a combatir la fatiga, lo que permite a las personas con fibromialgia tener más energía y llevar a cabo sus actividades diarias de manera más efectiva.

Si has llegado hasta aquí y encuentras útil esta información, te animo a que le des ""me gusta"" a este video y te suscribas a mi canal. No olvides activar las notificaciones para no perderte futuros videos que te ayudarán a mejorar tu calidad de vida.

➡️MAGNETOTERAPIA Revelada: La Clave para ALIVIAR la FIBROMIALGIA
➡️fibromialgia sintomas causas y tratamiento
➡️fibromialgia el dolor del silencio
➡️fibromialgia que es
➡️fibromialgia sintomas
➡️fibromialgia tratamientos
➡️fibromialgia ejercicios
➡️fibromialgia fisioterapia
➡️fibromialgia ejercicios para prevenir y aliviar los dolores
➡️fibromialgia medicina interna
➡️¿Qué es la fibromialgia?
➡️FIBROMIALGIA | QUÉ ES? SIGNOS Y SÍNTOMAS Y TRATAMIENTO
➡️¿Qué es La Fibromialgia? Causas, síntomas, tratamiento
➡️¿Qué es la fibromialgia? ¿Cómo se produce?
➡️Fibromialgia y dolor crónico: definición, causas y tratamientos
➡️¿Qué es la fibromialgia?
➡️salud
➡️bienestar
➡️fibromialgia
➡️que es fibromialgia
➡️causas de fibromialgia
➡️sintomas fibromialgia
➡️tratamiento fibromialgia
➡️calidad de vida
➡️cosas que podrian dañar tu salud
➡️estilo de vida saludable
➡️hábitos que dañan tu salud y no lo sabías
➡️dolor generalizado
➡️puntos sensibles
➡️ejercicio
➡️terapia
➡️dieta saludable
➡️apoyo en línea
➡️comunidad
➡️manejo de la fibromialgia",es,False,False,,
UlRaxHmCJNY,['muscle spasms'],1,Magnetoterapia,"Pseudocientífico
",449,449,0,Tratamiento Antes del masaje Magnetoterapia Biomag,"Características

El programa consiste en una preparación de 20 minutos antes de aplicar las diferentes técnicas de masaje.

Finalidad de la aplicación

Estimular la circulación sanguínea en los tejidos, eliminar los metabolitos, liberar los espamos musculares y contracturas y proporcionar una preparación óptima previa al masaje para aumentar y reforzar significativamente el efecto general.",es,False,False,,
sJd8tSXigyY,[],0,Magnetoterapia,"Pseudocientífico
",300,300,1,Bendiciendo los alimentos con los estudiantes del curso magnetoterapia. por la Dra. Maritza Zelaya,"Bendicendo los alimentos con los estudiantes del curso de magnetoterapia. por la Dra. Maritza Zelaya 
No tengo derecho a la musica...",es,False,False,,
wwSknqWVdo4,"['pain', 'cerebral palsy', 'fractures', 'joints', 'spasms']",5,Magnetoterapia,"Pseudocientífico
",66,66,0,RENESANCE Magnetoterapia - ventajas de la portabilidad de los aparatos,La fisioterapueta de la Asociación PIAFA valora la portabilidad de los aparatos magnetoterapéuticos,es,False,False,,
neufX5CWaYE,"['fractures', 'pain']",2,Magnetoterapia,"Pseudocientífico
",58,58,0,RENESANCE Magnetoterapia - Instituto de Cuidados Sociales,Muestra de aplicación de magnetoterapia en un instituto de cuidados sociales.,es,False,False,,
4gjt9ore-iU,"['pain', 'inflammation', 'diabetes']",3,Magnetoterapia,"Pseudocientífico
",185,185,0,Tratamiento Medical program Magnetoterapia Biomag,"Característica
Programa universal que cambia automáticamente de frecuencias, desde aplicaciones que reducen el dolor hasta las curativas y estimulantes.

Finalidad de la aplicación

El programa Medical es adecuado para aplicaciones en enfermedades crónicas de larga duración donde es necesario tanto aliviar el dolor como estimular la curación y regeneración. Se recomienda en tratamientos de larga duración después de reducir los síntomas agudos de la enfermedad. Por ejemplo, en enfermedades degenerativas e inflamatorias de las articulaciones, para mejorar el metabolismo en los tejidos de pacientes con diabetes, inflamaciones crónicas de los tejidos y órganos.

Uso de la magnetoterapia

Es un programa universal que incluye las frecuencias analgéticas, espasmolíticas y vasodilatadoras. Es aplicable en la mayoría de diagnósticos de la magnetoterapia pulsátil de baja frecuencia y puede hacer seguimiento de las aplicaciones analgésicas del programa anterior (Estados dolorosos). Es recomendable también para aplicaciones a largo plazo en enfermedades crónicas en el período de remisión y como prevención de la exacerbación de la enfermedad.

Lo utilizamos a menudo en pacientes poli mórbidos cuando el programa analgésico aplicado al principio de la terapia minimaliza la posibilidad de reacción de adaptación más fuerte.",es,False,False,,
PL4qtWDzlmg,[],0,Magnetoterapia,"Pseudocientífico
",36,36,0,Physio Magneto,Plused Electromagnetic Field Super Transduction,en,False,False,,
Z1pkifVe-24,"['gonarthrosis', 'tendinitis', 'chondropathy', 'inflammation', 'knee pain']",5,Magnetoterapia,"Pseudocientífico
",215,215,0,"Magnetoterapia per il Ginocchio: Come Funziona, Benefici e Controindicazioni","In questo video ti spieghiamo in modo chiaro e semplice come la magnetoterapia può aiutarti a ridurre dolore e infiammazione al ginocchio. Se soffri di problemi come gonartrosi, condropatia, infiammazioni tendinee o post-intervento al ginocchio, la magnetoterapia può essere un valido supporto per accelerare il recupero e migliorare la qualità della tua vita.

Scoprirai: 
✅ Come funziona la magnetoterapia
✅ I benefici per il ginocchio
✅ Quando è indicata e quando è sconsigliata
✅ Come fare la terapia comodamente a casa

💡 Vuoi provare la magnetoterapia a casa tua?
Rivolgiti a Magnetopro, il servizio specializzato nel noleggio di apparecchi professionali per magnetoterapia domiciliare in tutta Italia, a prezzi accessibili.

🌐 Scopri di più sul nostro sito → https://www.magnetopro.it

📌 Capitoli Video: 00:00 – Introduzione
01:05 – Cos’è la magnetoterapia
02:20 – Benefici per il ginocchio
04:10 – Controindicazioni
05:30 – Come iniziare il trattamento a casa
06:50 – Info noleggio Magnetopro

🚀 Contatta Magnetopro per informazioni e noleggio:
📲 https://www.magnetopro.it

Disclaimer: E' importante sempre parlare di qualsiasi terapia con il proprio medico di riferimento.

🔖 Hashtag consigliati: #Magnetoterapia #DoloreGinocchio #MagnetoterapiaGinocchio #Gonartrosi #Condropatia #TerapiaFisica #SaluteGinocchio #NoleggioMagnetoterapia #Magnetopro #TerapiaDomiciliare #Fisioterapia #Benessere
#Magnetoterapia #DoloreGinocchio #MagnetoterapiaGinocchio #Gonartrosi #Condropatia #TerapiaFisica #SaluteGinocchio #NoleggioMagnetoterapia #Magnetopro #TerapiaDomiciliare #Fisioterapia #Benessere",it,False,False,,
kXAXx7UmSRs,"['osteoarthritis', 'lameness', 'heart disease']",3,Magnetoterapia,"Pseudocientífico
",363,363,0,Magnetoterapia caso | Pippo - cane meticcio maschio,"Testimonianza della dott.ssa veterinaria Federica Bubini Regini sul percorso terapeutico di Pippo, un cane meticcio maschio di 11 anni.

Pippo, è un cane anziano cardiopatico, che a inizio anno ha subito due grossi interventi a carico del cavo orale e che soffre di osteoartrosi.

Arriva all'attenzione della dottoressa Bubini Regini per trattare una zoppia acuta, apparsa dopo una passeggiata in montagna, a causa di una rottura dei legamenti crociati.

Non potendo intervenire subito chirurgicamente, si decide un percorso terapeutico composto da FANS, laserterapia e magnetoterapia.

Ecco la testimonianza della dottoressa veterinaria mentre tratta Pippo con Kora.",it,False,False,,
t4WCYhHDy1Q,"['injuries', 'inflammation', 'osteoarthritis']",3,Magnetoterapia,"Pseudocientífico
",180,180,0,Magnetoterapia per Ricostruire la Cartilagine del Ginocchio: Funziona Davvero?,"La magnetoterapia per la ricostruzione della cartilagine del ginocchio è una tecnica naturale sempre più utilizzata per contrastare artrosi, lesioni e infiammazioni articolari. In questo video scopriamo insieme come funziona, quali benefici può offrire e se può davvero aiutare a rigenerare la cartilagine del ginocchio.

👉 Parleremo anche dei dispositivi più usati, della differenza tra magnetoterapia a bassa e alta frequenza e delle esperienze reali dei pazienti.

Per approfondire l'argomento leggi il nostro articolo qui: 
https://magnetopro.it/blog/magnetoterapia-ricostruzione-cartilagine-ginocchio/

📩 Scrivici nei commenti per domande o esperienze personali!
💬 Seguici per altri contenuti sulla salute delle articolazioni!

Per noleggi apparecchi di magnetoterapia visita il nostro sito: https://magnetopro.it

Disclaimer: consultare sempre il proprio curante per iniziare qualsiasi terapia.",it,False,False,,
rJXR5OnQ6sY,"['pain', 'Epicondylitis', 'Magnetotherapy', 'epicondylitis', 'inflammation']",5,Magnetoterapia,"Pseudocientífico
",145,145,0,Magnetoterapia per Epicondilite: Come Funziona e Quando Usarla | Noleggio a Domicilio,"In questo video ti spieghiamo come la magnetoterapia può essere un valido alleato nel trattamento dell’epicondilite, conosciuta anche come ""gomito del tennista"". Scoprirai quali benefici porta, come funziona e in quanto tempo si possono ottenere risultati reali direttamente a casa tua.

Se stai cercando un trattamento efficace, sicuro e non invasivo, la magnetoterapia è una soluzione ideale per ridurre dolore e infiammazione.

👉 Scopri il servizio di noleggio di apparecchi per magnetoterapia domiciliare in tutta Italia su https://www.magnetopro.it

📌 Contenuti del video: 00:00 – Introduzione 01:10 – Cos'è l'epicondilite e quali sono i sintomi 02:30 – Come funziona la magnetoterapia 04:15 – Benefici specifici per l'epicondilite 05:40 – Tempi e modalità del trattamento 07:00 – Dove noleggiare la magnetoterapia a casa tua

Disclaimer: E' importante sempre parlare di qualsiasi terapia con il proprio medico di riferimento.",it,False,False,,
p2HYL68xEGw,"['knee injury', 'pain', 'inflammation']",3,Magnetoterapia,"Pseudocientífico
",151,151,0,Magnetoterapia caso | Arizona - Border Collins femmina,"Testimonianza della dott.ssa Veterinaria Ilaria Arena sul percorso terapeutico di Arizona, cane Border Collins. Arizona è una cane sportivo che fa agility da diverso tempo e durante un allenamento ha avuto un infortunio al ginocchio causato da una botta contro l'ostacolo. Il suo percorso terapeutico ha previsto l'utilizzo della magnetoterapia Kora per agevolare la guarigione del legamento tibio-rotuleo e ridurre il dolore e l'infiammazione.",it,False,False,,
Hu7GRGwN69g,"['fasciitis', 'pain', 'neuropathy', 'arthritis', 'Metatarsalgia', 'Diabetic foot', 'fractures', 'Tendinitis', 'Arthritis', ""Haglund's disease"", 'arthrosis', 'inflammation', 'Muscle injuries']",13,Magnetoterapia,"Pseudocientífico
",283,283,1,"Magnetoterapia per Piedi: Benefici, Come Funziona e Quando Usarla","Scopri tutto quello che c’è da sapere sulla magnetoterapia per i piedi: come funziona, a cosa serve e in quali casi può aiutare ad alleviare dolore e infiammazione. In questo video ti spieghiamo in modo semplice e pratico i benefici della terapia magnetica applicata a piedi gonfi, doloranti o affetti da patologie come fascite plantare, neuropatia, artrite o dolori post-operatori.

Le patologie a cui si applica sono:

Fratture e microfratture ai piedi
Alluce valgo e dita a martello 
Artrite e artrosi
Fascite plantare
Metatarsalgia
Morbo di Haglund
Tallonite
Tendinite
Traumi muscolari
Vene varicose
Piede del diabetico

Se stai cercando un rimedio naturale e non invasivo per migliorare la salute dei tuoi piedi, questo video ti darà tutte le informazioni necessarie per scegliere consapevolmente.
Puoi anche leggere il nostro articolo a questo link: https://magnetopro.it/blog/magnetoterapia-per-piedi/

Se questo video ti è stato utile, ti invito a lasciare un like e iscriverti al canale per non perdere i prossimi contenuti.
E se stai pensando di avvicinarti alla magnetoterapia per trattare la tua problematica, puoi trovare tutte le informazioni e la possibilità di noleggiare un dispositivo di ultima generazione, in modo semplice e accessibile, su https://www.magnetopro.it.

🔔 Iscriviti al canale per altri video su salute, benessere e terapie alternative.",it,False,False,,
iKDcGVXF9wA,"['pain', 'hand osteoarthritis', 'osteoarthritis', 'hand pain', 'TerapieNonFarmacologiche', 'inflammation', 'Hand Osteoarthritis | Benefits, Frequencies, and How It Works\n\nDo']",7,Magnetoterapia,"Pseudocientífico
",239,239,1,"Magnetoterapia per Artrosi alle Mani | Benefici, Frequenze e Come Funziona","Soffri di artrosi alle mani e cerchi un rimedio naturale per alleviare il dolore e migliorare la mobilità? In questo video ti spiego come funziona la magnetoterapia, quali benefici può darti e quali sono le frequenze consigliate per trattare l'artrosi alle mani in modo sicuro e senza farmaci.

🌐 Per informazioni sui dispositivi e noleggio: https://magnetopro.it

#Magnetoterapia #ArtrosiMani #DoloreMani #RimediNaturali #TerapieNonFarmacologiche #Magnetopro",it,False,False,,
nn1g99qVaok,"['pain', 'Edema', 'bone edema', 'inflammation', 'edema']",5,Magnetoterapia,"Pseudocientífico
",196,196,0,Edema Osseo Curarlo con la Magnetoterapia: Ecco cosa Fare!,"✅ Scopri come la magnetoterapia può aiutarti a ridurre l’edema osseo e velocizzare i tempi di recupero!
In questo video ti spiegherò in modo semplice e chiaro:

Cos’è l’edema osseo e perché compare

Come funziona la magnetoterapia

I benefici scientifici e i tempi di applicazione

A chi è consigliata e quando evitare

👉 L’edema osseo è una condizione che causa dolore, infiammazione e limitazione del movimento. La magnetoterapia, utilizzata in ambito fisioterapico e ortopedico, è una delle terapie non invasive più efficaci per favorire il riassorbimento dell’edema e la rigenerazione ossea.

💡 Vuoi provare la magnetoterapia a casa tua?
Rivolgiti a Magnetopro, il servizio specializzato nel noleggio di apparecchi professionali per magnetoterapia domiciliare in tutta Italia, a prezzi accessibili.

🌐 Scopri di più sul nostro sito → https://www.magnetopro.it

#Magnetoterapia #EdemaOsseo #Fisioterapia #RecuperoOsseo #TerapiaFisica #Riabilitazione #Salute #Benessere #DoloreOsseo

Disclaimer: E' importante sempre parlare di qualsiasi terapia con il proprio medico di riferimento.",it,False,False,,
