,BC5CDR_Terms,BC5CDR_Count,Search_Term,Content_Classification,duration_seconds,duration_seconds,comment_count,video_title,video_description,detected_language,is_live_broadcast,is_archived_live,live_actual_start_time,live_actual_end_time
Z49imcAdenI,"['insomnia', 'anxiety']",2,Reiki,"Pseudocientífico
",25860,25860,6635,Música Para Dormir Profundamente En Menos De 5 Minutos; Musica Relajante Para Dormir #10,"Música Para Dormir Profundamente En Menos De 5 Minutos; Musica Relajante Para Dormir #10

🌞 Suscríbete para estar al día de todas nuestras publicaciones: 
https://bit.ly/3iWB34Z

🌿Música para relajarse, meditar, estudiar, leer, masajes, spa o dormir. Esta música es perfecta para combatir la ansiedad, el stress o el insomnio ya que facilita la relajación y nos ayuda a eliminar las malas vibraciones. También pueden utilizar esta música como fondo para clases de meditaciones guiadas o relajaciones para dormir.

🌿Bienvenidos a un nuevo directo de música relajante en el canal de Helios Piano. Pueden dejar el vídeo a poco volumen y empezar a realizar cualquier tarea como estudiar, trabajar, leer.. o simplemente relajarse o dormir profundamente.

🌿Si les gustó el directo y quieren más contenido de música relajante, no olviden darle a me gusta.
Namaste

Música para:
Relajación y Meditación. 
Meditaciones guiadas.
Relajaciones para dormir.
Calmar y controlar la ansiedad.
Conciliar el sueño y dormir mejor. 
Estudiar.
Sesiones de yoga, reiki, spa, masajes..
Realizar tareas.
Bienestar.
_______________________________________________________________________

🌞 Suscríbete para estar al día de todas nuestras publicaciones: https://bit.ly/3iWB34Z

🌙 Siga Helios Record para un nuevo lanzamiento cada semana:
➤ Spotify: https://spoti.fi/2OgiA6M
➤ SoundCloud: https://bit.ly/1V3lGKg
➤Youtube: https://bit.ly/2BQ5Y3D
➤ Instagram: https://bit.ly/2Zjztnc
➤ Facebook: https://bit.ly/2ZhUKgV

--------------------------------------------------------------------------------------
¿Que puedes encontrar en nuestro canal?
🌿En nuestro canal podrás encontrar música relajante para: dormir, meditación, yoga, zen, spa, masajes, estudiar y concentrarse...

🌿Para mejorar la relajación y la concentración nuestra música cuenta con ondas cerebrales como: ondas alfa, ondas beta, ondas delta y ondas theta. 

🌿También podrás trasladarte a otras culturas, ya que contamos con  música chamánica, música india, música china, música tibetana con cuencos tibetanos,....

No olvides suscribirte para estar al día de nuevas publicaciones.

🌞 Para contactar y enviar música :(relax@wondermusic.us or channel@wondermusic.us)

©️ Todos los derechos pertenecen a Helios Piano.

#MusicaParaDormir#MusicaRelajante#Musicapiano#RelajaciónyMeditación",es,False,False,,
xDZglyqYzlg,"['migraine', 'anxiety disorders', 'insomnia', 'depression']",4,Reiki,"Pseudocientífico
",7916,7916,10555,LA FRECUENCIA MÁS PODEROSA DEL UNIVERSO - SENTIRAS A DIOS DENTRO DE TI SANANDO TODA TU VIDA #17,"LA FRECUENCIA MÁS PODEROSA DEL UNIVERSO - SENTIRAS A DIOS DENTRO DE TI SANANDO TODA TU VIDA 999 Hz #17

Este canal se trata de curar su mente, alma, cuerpo, trastornos de ansiedad, problema del sueño, depresión, insomnio, enfoque, migraña, estrés, agricultura y muchos más. Si desea encontrar los secretos del universo, piense en términos de energía, frecuencia y vibración. Del mismo modo, en este canal estamos aquí para ayudarlo con energía positiva, curación de frecuencias y vibra a través de la ayuda de la música. En nuestra música generalmente usamos ritmos binaurales, tonos isocrónicos, afirmaciones subliminales y biokinesis para inspirar a las personas al despertar de la vida, el iluminación y mucho más. (Lucid Dreaming Music) también incluye música para dormir, música de relajación, música de meditación, música tibetana, música para tazón, música chamánica, música curativa, música de estudio, música de reiki, música zen, música de spa/masaje y música de yoga.

Recuerde suscribirse si desea mostrarle amor y apoyarnos. Creemos que Chan encuentra una gran cantidad de valor aquí 🙏💖

Todos los videos y audios son originales exclusivos de Lucid Dreaming Music

(Cualquier reproducción de este audio y video está estrictamente prohibida).

-------------------------------------------------- -----------------------------------

📧 Para contactar y enviar música: piano@heliosrecord.com 


963 HZ,963hz,963,LA FRECUENCIA DE DIOS,ATRAER ABUNDANCIA,PROSPERIDAD,BENDICIONES DE LA MADRE CÓSMICA,meditation music,meditation,ivan Donalson,ley de atracción,numerología,el secreto,hipnosis,decreto,decretos,Cuarzo,cuarzos,amatista,moldavita,lapizlazuli,extraterrestres,ovnis,kundalini,magia,portal estelar,glandula pineal,tercer ojo,meditación,meditaciones,maestros ascendidos,saint germain,llama violeta,frecuencia binaural,audio subliminal,Lucide Dreaming Music",es,True,True,2024-02-06T10:59:44Z,2024-02-06T13:11:51Z
Ontdnj54wnI,"['insomnia', 'depression', 'COME', 'migraine', 'anxiety disorders']",5,Reiki,"Pseudocientífico
",11276,11276,11736,"SI ESTE VIDEO APARECE EN TU VIDA, TODA LA BENDICIÓN DEL UNIVERSO LLEGARÁ A TI - AMOR, SALUD #13","SI ESTE VIDEO APARECE EN TU VIDA, TODA LA BENDICIÓN DEL UNIVERSO LLEGARÁ A TI - AMOR, SALUD #13
Este canal se trata de curar su mente, alma, cuerpo, trastornos de ansiedad, problema del sueño, depresión, insomnio, enfoque, migraña, estrés, agricultura y muchos más. Si desea encontrar los secretos del universo, piense en términos de energía, frecuencia y vibración. Del mismo modo, en este canal estamos aquí para ayudarlo con energía positiva, curación de frecuencias y vibra a través de la ayuda de la música. En nuestra música generalmente usamos ritmos binaurales, tonos isocrónicos, afirmaciones subliminales y biokinesis para inspirar a las personas al despertar de la vida, el iluminación y mucho más. (Lucid Dreaming Music) también incluye música para dormir, música de relajación, música de meditación, música tibetana, música para tazón, música chamánica, música curativa, música de estudio, música de reiki, música zen, música de spa/masaje y música de yoga.

Recuerde suscribirse si desea mostrarle amor y apoyarnos. Creemos que Chan encuentra una gran cantidad de valor aquí 🙏💖

Todos los videos y audios son originales exclusivos de Lucid Dreaming Music

(Cualquier reproducción de este audio y video está estrictamente prohibida).

-------------------------------------------------- -----------------------------------

📧 Para contactar y enviar música: piano@heliosrecord.com",es,True,True,2024-01-09T11:00:06Z,2024-01-09T14:08:08Z
gEqD0TvugzY,[],0,Reiki,"Pseudocientífico
",991,991,4387,"Doña Rosa spiritual cleansing ASMR Massage (limpia espiritual, ohorai, 精神淨化 , おはらい, التطهير الروحي)","Welcome to our channel 👋
In this video, Alejandra receives a ""limpia espiritual"" (spiritual cleansing) with a head massage, back massage, and neck massage from Doña Rosa. Traditional healers like Doña Rosalia do spiritual cleansings and massages to cleanse the body of negative energy, relieve stress, and promote good health. I hope you enjoy this natural ASMR trigger

We use the fragrant smoke from the sacred Palo Santo tree to set the stage for our videos, as well as to cleanse our own home. Palo Santo is available on Amazon if you would like to give it a try 👉 https://amzn.to/36vpyNg 

If you like what you see, please join us on social media, we'd love to get to know you better!
► Patreon 👉  https://www.patreon.com/ecuadorlive  
► Facebook (@ecualive) 👉  https://www.facebook.com/ecualive/
► Instagram (@ecuador.live) 👉  https://www.instagram.com/ecuador.live/

Would you like to support any of our team members directly? You can make a donation here (he/she will send a personalized acknowledgement): https://www.paypal.me/EcuadorLive

More ASMR massage and spiritual cleansing (limpia) videos with Doña Rosa: 👉 https://www.youtube.com/playlist?list=PLPps__5u3mYHbnsHFc1oBpPy6UL8n-2kZ

Note: we do participate in the Amazon affiliate program as a means of supporting our channel, so we may receive a small percentage of any purchases made after clicking these links (at no extra cost to you) We do appreciate any support and we share any revenue our channel makes with all of our team members 😊

#limpia #asmr #massage  #DoñaRosa #spiritualcleansing #neckmassage #neckcracking #आध्यात्मिक सफाई #영적정화 #pembersihan #ohorai #音フェチ",en,False,False,,
bbzef52HNM0,[],0,Reiki,"Pseudocientífico
",4564,4564,1267,"Musica Para Dormir | Las Ondas Alfa Curan Todo El Cuerpo, Física, Mental y Curación Espiritual","#sleepmusic #meditationmusic #TranquilSerenity
Musica Para Dormir | Las Ondas Alfa Curan Todo El Cuerpo, Física, Mental y Curación Espiritual
¡Bienvenido a nuestro canal de YouTube! Ofrecemos música de relajación y meditación de alta calidad para ayudar a reducir el estrés y mejorar su estado de ánimo. Con una combinación de melodías relajantes y sonidos de la naturaleza, lo ayudaremos a relajarse y descansar.

Utilizamos diferentes estilos de música, como música clásica, oceánica y tranquila para crear música relajante y meditativa única. Ya sea que necesite un poco de relajación después de un día estresante en el trabajo o desee concentrarse más mientras estudia o trabaja, esperamos que nuestro canal de YouTube lo ayude a lograr sus objetivos.

🌿 Música de Helios Records:
https://linktr.ee/heliosrecords

-------------------------------------------------- - -----------

►Todos los derechos reservados.
✔ Este video tiene una licencia especial directamente del artista y titular de los derechos de autor"".🌱🌞💕💗",es,True,True,2024-06-22T16:31:04Z,2024-06-22T17:47:08Z
WN89dOx_KVo,['Melatonin'],1,Reiki,"Pseudocientífico
",7079,7079,508,"Música Reiki | Elimina Estrés, Liberación De Melatonina Y Toxina | Calmar La Mente Y Alma #10","Música Reiki | Elimina Estrés, Liberación De Melatonina Y Toxina | Calmar La Mente Y Alma #10

Esta es una meditación que puedes hacer en cualquier momento. Cada frecuencia en esta  meditación corresponde a un chakra diferente. El objetivo de esta meditación es limpiar tu aura, olvidar los pensamientos negativos y sanar los siete chakras utilizando el sonido como herramienta de sanación.

#músicareiki
#reduceelestrés
#músicademeditación
-------------------------------------------------- ----------------
  🌿Bienvenidos a nueva música relajante en vivo en el canal Healing Your Mind
Puedes ajustar el volumen del vídeo y empezar a hacer lo que quieras como estudiar, trabajar, leer... o simplemente relajarte o dormir bien.

🌿 Si te encanta el programa y quieres escuchar música más relajante, no olvides darle me gusta.
🎬 Software de edición de video: Adobe Premiere Pro CC.
🎬 Software de edición de video: Adobe After Effects Pro CC
📷 Software de edición de fotos: Photoshop CC

🎶 ¿Qué puedes encontrar en nuestro canal?

En nuestro canal puedes encontrar música relajante para: dormir, meditar, yoga, zen, spa, masajes, estudiar y concentrarte…

👉 Si te gusta la música de este video, dale me gusta, suscríbete y comparte con más amigos.

Muchas gracias por escuchar. ¡Disfruta de música relajante, para dormir, para meditar y que tengas un día o una noche maravillosos!

¡No olvides suscribirte, darle me gusta y compartir mis videos si te gusta! ¡Que tenga un lindo día!
-------------------------------------------------- -----
►Todos los derechos pertenecen a sus respectivos dueños.
✔ Este video recibió una licencia especial directamente de los artistas y los titulares de losderechos.",es,True,True,2024-05-18T15:01:38Z,2024-05-18T16:59:42Z
nlUktkF6Dyk,"['anxiety', 'Melatonin']",2,Reiki,"Pseudocientífico
",6659,6659,1235,"432hz - El sonido zen tibetano cura todo el cuerpo, curación emocional, mental y espiritual #14","432hz - El sonido zen tibetano cura todo el cuerpo, curación emocional, mental y espiritual #14

Bienvenidos a una nueva transmisión en vivo de música relajante en el canal Healing Your Mind. Puedes dejar el vídeo a bajo volumen y empezar a realizar cualquier tarea como estudiar, trabajar, leer... o simplemente relajarte o dormir tranquilamente.

Si te gustó el show en vivo y quieres contenido musical más relajante no olvides darle me gusta.
#curandotumente #chakra #energía
-------------------------------------------------- ----------------
    🌿Bienvenidos a nueva música relajante en vivo en el canal Healing Your Mind
Podrás ajustar el volumen del vídeo y empezar a hacer lo que quieras como estudiar, trabajar, leer... o simplemente relajarte o dormir bien.

🎼 MISIÓN 🎵
Relajación y Meditación.
Meditaciones guiadas.
Relajaciones para dormir.
Calmar y controlar la ansiedad.
Conciliar el sueño y dormir mejor.
Para estudiar.
Sesiones de yoga, reiki, spa, masajes...
Haz las tareas.
Bienestar.

🌿 Si te encanta el programa y quieres escuchar música más relajante, no olvides darle me gusta.
🎬 Software de edición de vídeo: Adobe Premiere Pro CC.
🎬 Software de edición de vídeo: Adobe After Effects Pro CC
📷 Software de edición de fotografías: Photoshop CC
🎶 ¿Qué puedes encontrar en nuestro canal?

En nuestro canal podrás encontrar música relajante para: dormir, meditar, yoga, zen, spa, masajes, estudiar y concentrarse...

👉 Si te gusta la música de este vídeo, dale me gusta, suscríbete y compártelo con más amigos.

Muchas gracias por escuchar. ¡Disfruta de la música para relajarte, dormir, meditar y que tengas un día o una noche maravillosos!

¡No olvides suscribirte, darle me gusta y compartir mis videos si te gustan! ¡Que tenga un lindo día!
-------------------------------------------------- -----
►Todos los derechos pertenecen a sus respectivos dueños.
✔ Este video recibió una licencia especial directamente de los artistas y titulares de derechos.",es,True,True,2024-06-08T15:02:50Z,2024-06-08T16:53:49Z
8sOojxlfqxk,[],0,Reiki,"Pseudocientífico
",1600,1600,2715,"MARTHA ♥ PANGOL, ASMR Neck & Shoulder massage, Spiritual cleansing, Pembersihan Reiki","Become a channel member and receive exclusive benefits:
https://www.youtube.com/channel/UCc0M5n4tT_uwAiXeCoxC0jg/join

  Instagram Alfredo Uno:         ungerhoferalfred             

Hi I am a model for Alfredo Uno and I loved my experience in las limpias! I was very comfortable and all the women were super kind to me. Afterwards, I felt revitalized and came out a brand new person! Overall, fantastic experience and I would recommend to anyone who is interested! Love the video too❤

Limpia espiritual y masaje antiestrés con montes y huevo para sacar las malas energías y relajar el cuerpo y la mente.
SUSCRÍBANSE A MI CANAL PARA QUE NO SE PIERDAN MIS PRÓXIMOS VÍDEOS. 
Info: alfred_susana@yahoo.com",en,False,False,,
JV4JbYK-TIg,"['migraine', 'anxiety disorders', 'insomnia', 'depression']",4,Reiki,"Pseudocientífico
",12777,12777,1302,1111Hz Conéctate con el universo - Recibe guía del universo - Atrae energías mágicas y curativas #2,"1111Hz Conéctate con el universo - Recibe guía del universo - Atrae energías mágicas y curativas #2

Este canal se trata de curar su mente, alma, cuerpo, trastornos de ansiedad, problema del sueño, depresión, insomnio, enfoque, migraña, estrés, agricultura y muchos más. Si desea encontrar los secretos del universo, piense en términos de energía, frecuencia y vibración. Del mismo modo, en este canal estamos aquí para ayudarlo con energía positiva, curación de frecuencias y vibra a través de la ayuda de la música. En nuestra música generalmente usamos ritmos binaurales, tonos isocrónicos, afirmaciones subliminales y biokinesis para inspirar a las personas al despertar de la vida, el iluminación y mucho más. (Lucid Dreaming Music) también incluye música para dormir, música de relajación, música de meditación, música tibetana, música para tazón, música chamánica, música curativa, música de estudio, música de reiki, música zen, música de spa/masaje y música de yoga.

Recuerde suscribirse si desea mostrarle amor y apoyarnos. Creemos que Chan encuentra una gran cantidad de valor aquí 🙏💖

Todos los videos y audios son originales exclusivos de Lucid Dreaming Music

(Cualquier reproducción de este audio y video está estrictamente prohibida).

-------------------------------------------------- -----------------------------------

📧 Para contactar y enviar música: piano@heliosrecord.com",es,True,True,2024-01-31T10:59:36Z,2024-01-31T14:32:37Z
6dNv4QQV-2U,"['selenite', 'Selenite', 'Smoke', 'smoke']",4,Reiki,"Pseudocientífico
",3356,3356,1336,"ASMR Reiki: Release the Ego Mind + Negative Thoughts (Hand Movements, Singing Bowl, Rain Sounds)","0:00 Smoke Cleanse
5:55 Selenite Body Scan + Massage 
15:50 Hand Movements 
22:45 Tarot Reading
34:14 Singing Bowl 

In this reiki session, I will cleanse your energetic field with a smoke cleanse, followed by a relaxing selenite massage and body scan. We will then pull some cards and contemplate about the idea that perhaps we are more than just our minds and thoughts, all with the intention to detach from negative thoughts and return to calm awareness. Afterwards, you will be guided into sleep with a singing bowl. Hope you enjoy! Much love, Ediya 💛

*Wear Headphones*

Work with me → https://ediyasmr.com
‣ Learn shadow work, release repressed energy and work with the subconscious

Join my Patreon → https://patreon.com/ediyasmr 

Email → hello@ediyasmr.com
Instagram → https://www.instagram.com/ediyasmr/

Facebook → https://www.facebook.com/the.intuitiv...
Insight Timer → https://insighttimer.com/ediya.daulet
TikTok → https://www.tiktok.com/@ediya.daulet?...

Donations → https://www.paypal.com/cgi-bin/webscr...

DISCLAIMERS
**Medical Disclaimer: I am not a healthcare professional. This video is created for relaxation, entertainment and ASMR/tingles inducing purposes only. For more information about ASMR phenomenon please click here: 
https://en.wikipedia.org/wiki/Autonom...

This video cannot replace any medication or professional treatment. If you have any health conditions please consult your health-care provider.",en,False,False,,
Ju8Czbcc-iw,"['insomnia', 'anxiety']",2,Reiki,"Pseudocientífico
",,,,,,,False,False,,
iF-hJ28EJJQ,[],0,Reiki,"Pseudocientífico
",7444,7444,1221,"PODEROSA FRECUENCIA ESPIRITUAL 11:11 – AMOR, SANACIÓN, MILAGROS Y BENDICIONES SIN LÍMITES","PODEROSA FRECUENCIA ESPIRITUAL 11:11 – AMOR, SANACIÓN, MILAGROS Y BENDICIONES SIN LÍMITES

Liberando el poder del 11:11: amor, sanación, milagros y bendiciones sin límite

En el ámbito de la espiritualidad y la numerología, la secuencia 11:11 tiene un profundo significado y a menudo se considera un poderoso portal de energía y manifestación divina. Se cree que esta secuencia sagrada está imbuida del potencial de desbloquear amor, sanación, milagros y bendiciones sin límite. Profundicemos en la profundidad del significado detrás del 11:11 y exploremos cómo puede influir en nuestras vidas.

Comprendiendo la Esencia de 11:11:

Sincronicidad Divina:

11:11 se interpreta comúnmente como un signo de sincronicidad divina, que simboliza la alineación de las energías espirituales y las fuerzas cósmicas. Se cree que encontrar esta secuencia es un suave empujón del universo, que nos recuerda nuestra interconexión y nos guía a lo largo de nuestro camino espiritual.
Puerta de entrada al despertar espiritual:

Muchas tradiciones espirituales consideran el 11:11 como una puerta de entrada a una conciencia superior y al despertar espiritual. Significa una oportunidad para una profunda transformación y crecimiento interior, invitándonos a expandir nuestra conciencia y conectarnos con las verdades más profundas de la existencia.
Manifestación y Abundancia:

La aparición repetida del 11:11 a menudo se interpreta como un mensaje del universo para centrar nuestros pensamientos e intenciones en lo que deseamos manifestar. Nos anima a alinearnos con la frecuencia de la abundancia y confiar en las infinitas posibilidades disponibles para nosotros.
Abrazando los regalos de 11:11:

Amor y conexión:

En esencia, 11:11 simboliza el amor y la unidad, recordándonos el poder del amor para sanar y transformar. Cuando nos sintonizamos con la energía del 11:11, abrimos nuestro corazón para recibir y dar amor incondicional, fomentando conexiones más profundas con nosotros mismos y con los demás.
Sanación y Plenitud:

La energía del 11:11 a menudo se asocia con la curación en todos los niveles: físico, emocional, mental y espiritual. Sirve como catalizador para una profunda curación y restauración interior, permitiéndonos liberar heridas del pasado y abrazar un estado de plenitud y bienestar.
Milagros y Bendiciones:

11:11 se considera un presagio de milagros y bendiciones, lo que significa la presencia de la gracia divina y la intervención en nuestras vidas. Cuando nos alineamos con la frecuencia del 11:11, nos abrimos a recibir bendiciones inesperadas y oportunidades milagrosas, sabiendo que contamos con el apoyo del amoroso abrazo del universo.

En esencia, 11:11 representa un potente recordatorio de nuestra conexión inherente con lo divino y el potencial ilimitado que reside dentro de nosotros. Al abrazar la energía del 11:11 y alinear nuestra conciencia con su frecuencia, podemos desbloquear el poder del amor, la sanación, los milagros y las bendiciones sin límite. A medida que avanzamos, que permanezcamos abiertos a la magia del 11:11 y permitamos que su energía transformadora ilumine nuestro camino hacia un mayor amor, sanación y plenitud espiritual.",es,True,True,2024-02-22T11:01:24Z,2024-02-22T13:05:33Z
3yX5Ztq1qkY,['Selenite'],1,Reiki,"Pseudocientífico
",2196,2196,952,"ASMR Reiki for Negative Energy Removal (Plucking, Raking, Scratching, Hand Flutters) Reiki for Sleep","0:00 Intro 
1:27 Selenite Cleansing Body Scan
7:00 Wiping + Plucking + Flutters
14:55 Raking + Scratching
21:30 Guided Visualization for Sleep

This reiki session will help you release negative thoughts, emotions and energy so that you can open up your energetic system to allow life energy to flow through. It will take you into sleep with ocean sounds and a guided visualization as well. Hope you enjoy! Much love, Ediya 💛

*Wear Headphones*

Work with me → https://ediyasmr.com
‣ Learn shadow work, release repressed energy and work with the subconscious

Join my Patreon → https://patreon.com/ediyasmr 

Email → hello@ediyasmr.com
Instagram → https://www.instagram.com/ediyasmr/

Facebook → https://www.facebook.com/the.intuitiv...
Insight Timer → https://insighttimer.com/ediya.daulet
TikTok → https://www.tiktok.com/@ediya.daulet?...

Donations → https://www.paypal.com/cgi-bin/webscr...

DISCLAIMERS
**Medical Disclaimer: I am not a healthcare professional. This video is created for relaxation, entertainment and ASMR/tingles inducing purposes only. For more information about ASMR phenomenon please click here: 
https://en.wikipedia.org/wiki/Autonom...

This video cannot replace any medication or professional treatment. If you have any health conditions please consult your health-care provider.",en,False,False,,
Zdy-NVFpSUI,"['LAM', 'https://bit.ly/3nDtCn6']",2,Reiki,"Pseudocientífico
",891,891,1755,7 Chakras 15 Min very intense exercise daily Mantra Chanting Meditation LAM VAM RAM YAM HAM OM AUM,"7 Chakras 15 Min very intense exercise daily Mantra Chanting Meditation LAM VAM RAM YAM HAM OM AUM  (short version)

For best results complete all 7 Chakras 🙏🕉️🙏
                    

We have seven chakras, each chakra resonates with a particular sound frequency and each chakra has its own seed mantra, reciting that seed mantra in the musical note that resonates with the chakra's vibrational frequency is the most effective way to balance and open the chakra through meditation.

🕉️


We recommend the use of earphones or headphones 🎧

We regularly publish new videos for relaxation, meditation, yoga, study, stress relief, and restful sleep. Remember to subscribe to channel updates so you do not miss new videos. 👍🏽
Subscribe: https://www.youtube.com/channel/UC87-YJPkbDKyf0hWIblO4wA 🙏​​

✨

Help this channel to be the best! Just write your ideas and suggestions in the comments!  ✍🏼🤩


Music by Itai Perelman Nasich 🎧


Buy the album 7 Chakras Mantra Chanting Meditation: https://bit.ly/3eXq1xq ✨❤️ 🎧

Help support the channel: https://bit.ly/3nDtCn6 🙏

✨

You can find a guided meditation for each chakra with Mantras recited 108 times here:

🧘‍♀️
LAM Seed Mantra {muladhara}  https://youtu.be/3Lz_Hj_IQOY
VAM Chanting Meditation Mantra {Sacral} https://youtu.be/L1nl97ar7tM
RAM Chanting Meditation Mantra { Solar Plexus } https://youtu.be/XtaFDjetdCE
YAM Chanting Meditation Mantra { anahata chakra } https://youtu.be/Sd6EaE8y-o0
HAM Chanting Meditation Throat Chakra { vishuddhi } https://youtu.be/G-racnQ2yl8
OM Chanting Meditation Third Eye Chakra { Ajna } https://youtu.be/foNMH9Wg4wY
AUM Chanting Meditation Crown Chakra { Sahasrara } https://youtu.be/4Qqk-ZY2HtQ
🧘‍♀️

➤ MAKE SURE TO RING THE BELL FOR NEW VIDEO UPDATES!  🔔🔔
↤↤ ✿ ↦↦↦↦↦↤↤↤↤↤ ✿ ↦↦↦↦↦↤↤↤↤↤ ✿ ↦↦↦↦↦↤↤↤↤↤ ✿ ↦↦
ALL 7 CHAKRAS HEALING CHANTS | Chakra Seed Mantras Meditation Music
Quick 7 Chakra Cleansing | Seed Mantra Chanting Meditation | Root to Crown
15 Minutes to Unblock ALL 7 CHAKRAS • Aura Cleansing • Chakra Balancing and Healing
Chakra Meditation Balancing & Healing

#chakrameditation​​​ #Healingmusic​​ #meditationmus​ic​ #chakrahealing #LAM #VAM #RAM #YAM #HAM #OM #AUM #mantra #muladharachakra #svadisthanachakra #manipurachakra #anahatachakra #visuddhachakra #ajnachakra #sahasrarachakra #медитация #Чакра #396Hz #417Hz #528Hz #639Hz #741Hz #852Hz #963Hz #285Hz #174Hz #AntiAnxietyCleanse #cleansing #chants #seedmantra #chakrahealingmusic #chakras #7chakras
 @Cozy Cycles  #cozycycles",en,False,False,,
f2YW3YKHcoA,"['anxiety', 'Melatonin']",2,Reiki,"Pseudocientífico
",14006,14006,729,"432hz - El sonido zen tibetano cura todo el cuerpo, curación emocional, mental y espiritual #18","432hz - El sonido zen tibetano cura todo el cuerpo, curación emocional, mental y espiritual #18

Bienvenidos a una nueva transmisión en vivo de música relajante en el canal Healing Your Mind. Puedes dejar el vídeo a bajo volumen y empezar a realizar cualquier tarea como estudiar, trabajar, leer... o simplemente relajarte o dormir tranquilamente.

Si te gustó el show en vivo y quieres contenido musical más relajante no olvides darle me gusta.
#curandotumente #chakra #energía
-------------------------------------------------- ----------------
    🌿Bienvenidos a nueva música relajante en vivo en el canal Healing Your Mind
Podrás ajustar el volumen del vídeo y empezar a hacer lo que quieras como estudiar, trabajar, leer... o simplemente relajarte o dormir bien.

🎼 MISIÓN 🎵
Relajación y Meditación.
Meditaciones guiadas.
Relajaciones para dormir.
Calmar y controlar la ansiedad.
Conciliar el sueño y dormir mejor.
Para estudiar.
Sesiones de yoga, reiki, spa, masajes...
Haz las tareas.
Bienestar.

🌿 Si te encanta el programa y quieres escuchar música más relajante, no olvides darle me gusta.
🎬 Software de edición de vídeo: Adobe Premiere Pro CC.
🎬 Software de edición de vídeo: Adobe After Effects Pro CC
📷 Software de edición de fotografías: Photoshop CC
🎶 ¿Qué puedes encontrar en nuestro canal?

En nuestro canal podrás encontrar música relajante para: dormir, meditar, yoga, zen, spa, masajes, estudiar y concentrarse...

👉 Si te gusta la música de este vídeo, dale me gusta, suscríbete y compártelo con más amigos.

Muchas gracias por escuchar. ¡Disfruta de la música para relajarte, dormir, meditar y que tengas un día o una noche maravillosos!

¡No olvides suscribirte, darle me gusta y compartir mis videos si te gustan! ¡Que tenga un lindo día!
-------------------------------------------------- -----
►Todos los derechos pertenecen a sus respectivos dueños.
✔ Este video recibió una licencia especial directamente de los artistas y titulares de derechos.",es,False,False,,
6WfxK2WM02I,['asmr reiki aura'],1,Reiki,"Pseudocientífico
",1955,1955,1234,"ASMR Reiki | Energy Pulling + Cord Cutting, Negative Energy Removal, Release Emotional Attachments","Hey friends! If you have enjoyed my ""energy cleansing"" type videos in the past, you'll really like this one. I'll be pulling energy cords and using a pair of scissors to cut them. This will act as a visual representation of what is happening energetically when you choose to release resistance and attachments to people, places, things and beliefs that are draining you. 

Work with me → https://ediyasmr.com
‣ Learn shadow work, release repressed energy and work with the subconscious

Join my Patreon → https://patreon.com/ediyasmr 

Email → hello@ediyasmr.com
Instagram → https://www.instagram.com/ediyasmr/

Facebook → https://www.facebook.com/the.intuitiv...
Insight Timer → https://insighttimer.com/ediya.daulet
TikTok → https://www.tiktok.com/@ediya.daulet?...

Donations → https://www.paypal.com/cgi-bin/webscr...

DISCLAIMERS
**Medical Disclaimer: I am not a healthcare professional. This video is created for relaxation, entertainment and ASMR/tingles inducing purposes only. For more information about ASMR phenomenon please click here: 
https://en.wikipedia.org/wiki/Autonom...

This video cannot replace any medication or professional treatment. If you have any health conditions please consult your health-care provider.",en,False,False,,
iiTgqOUsF5s,['Smoke'],1,Reiki,"Pseudocientífico
",2687,2687,637,"ASMR Reiki w/ Hypnosis for Complete Deep Relaxation (Yoga Nidra, Singing Bowl, Candle Crackling)","Work with me: https://ediyasmr.com
→ Learn shadow work, release repressed energy and deepen self-awareness

Join my Patreon community: https://patreon.com/ediyasmr 

For the coconut wax candles mentioned in the video, use the discount code: EDIYASMR for 10% off at https://www.thehumanexperience-co.com thank you Melissa! 

0:00 Intro
2:47 Smoke Cleanse
6:40 Lighting a Human Experience Candle
8:37 Hypnosis + Reiki (candle cracking starts)
26:32 Singing bowl starts

If you want to support me 
https://www.paypal.com/cgi-bin/webscr...

Instagram: https://www.instagram.com/ediyasmr/
Facebook: https://www.facebook.com/the.intuitiv...
Insight Timer: https://insighttimer.com/ediya.daulet
TikTok: https://www.tiktok.com/@ediya.daulet?...
Email: hello@ediyasmr.com

DISCLAIMERS
**Medical Disclaimer: I am not a healthcare professional. This video is created for relaxation, entertainment and ASMR/tingles inducing purposes only. For more information about ASMR phenomenon please click here: 
https://en.wikipedia.org/wiki/Autonom...

This video cannot replace any medication or professional treatment. If you have any health conditions please consult your health-care provider.",en,False,False,,
ErzPHtns2bM,"['https://bit.ly/2ZhUKgV', 'sanación']",2,Reiki,"Pseudocientífico
",42896,42896,627,528 Hz - Whole Body Regeneration - Full Body Healing | Emotional & Physical Healing #1,"528 Hz - Whole Body Regeneration - Full Body Healing | Emotional & Physical Healing #1
The frequency of 528Hz helps to restore and transform our DNA, heal our DNA and increase our life energy level, help us to clear our mind, increase our awareness, create and open us to experience. deeper spiritual experience. When using this frequency with clear intention such as relaxation, meditation, concentration work, study, etc., this frequency can bring about miracles.

Solfeggio 528Hz frequency, also known as love frequency, magic tune, DNA repair frequency, transform frequency is known for its powerful transformative effect on human body as it helps to give back Human DNA is in its original, perfect state, and that is the benefit of an energy boost.
#sleepmusic #deepsleep #528Hz
🌙 Follow Helios Record for a new release every week:
➤ Spotify: https://spoti.fi/2OgiA6M
➤ SoundCloud: https://bit.ly/1V3lGKg
➤Youtube: https://bit.ly/2BQ5Y3D
➤ Instagram: https://bit.ly/2Zjztnc
➤ Facebook: https://bit.ly/2ZhUKgV

🌿 For long hours, beautiful relaxation music, piano music for meditation, piano music for stress relief, check out our Youtube playlist:
https://www.youtube.com/playlist?list...
-------------------------------------------------- -----

►All rights belong to their respective owners.
✔ This video was given a special license directly from the artists and the right holders.""
♡ 🌞 For contact and submit music: relax@wondermusic.us",en,True,True,2022-11-21T15:01:26Z,2022-11-22T04:01:02Z
qMB1ze_yssE,"['pine', 'triangle stone']",2,Reiki,"Pseudocientífico
",3409,3409,1277,"ASMR Reiki, Heart Chakra Balancing, Spiritual Energy Cleansing, Plucking Negative Energy","How about a very detailed ASMR reiki and sleep treatment? Get ready for a great night with many relaxing and sleep-inducing triggers and layered sounds! This time I tried to make the Reiki session much more effective and relaxing for you. See below for details on timestamps and video content:

00:00 Preview
00:50 Beginning of the Reiki session
01:45 Aura checking
04:53 Delta waves with triangle stone
08:38 Heart chakra balancing
12:13 Checking the chakra points
14:30 Heart chakra healing and Reiki
24:20 Face massage
25:55 Reiki and Delta waves
33:19 Healing water spray
42:00 Pine cone treatment
46:00 Brushing the negative energy away
48:07 Sleep treatment

Reiki for spiritual energy cleansing ; Our soul needs treatment because of negative energies. At this point, Reiki techniques come to our aid. I will perform this session very effectively, especially with its healing effects, hand movements, writing reiki symbols and repetitions of healing words.

Heart chakra balancing ; I will try many techniques for you in this video to heal and fix the heart chakra. The characteristic of the heart chakra is that it symbolizes love, self-confidence and passion within us. That's why I think this point is very important for us to improve ourselves, especially about love.

Little pretty pine cones ; I wanted to use them to have a visual trigger in this video. Especially when I shake them in my palm, the sounds were very calming.

Water spraying ; With some special mixtures, I sprayed healing waters to completely clear the negative energies in your body. Especially to the chakra points!

ASMR for sleep ; After so many reiki techniques and bad energy cleansing, your soul will definitely need a restful sleep treatment. That's why I prepared the last part of the video as a sleep session for you.

Instagram: https://www.instagram.com/tabuhanasmr/
Patreon (To support me): https://www.patreon.com/tabuhan

#asmr #reiki #sleep",en,False,False,,
51Kjn6exDro,"['insomnia', 'Smoke', 'hypnosis']",3,Reiki,"Pseudocientífico
",1793,1793,498,"ASMR Reiki for Sleep 🌛Body Scan & Hypnosis to Fall Asleep Fast (Hand Movements, Finger Flutters)","0:00 Intro
1:20 Smoke Cleanse
4:00 Drawing Reiki Symbol 
5:35 Body Scan + Hypnotic Suggestions
23:39 Sleep Countdown

Work with me → https://ediyasmr.com
‣ Learn shadow work, release repressed energy and work with the subconscious

Join my Patreon → https://patreon.com/ediyasmr 

Email → hello@ediyasmr.com
Instagram → https://www.instagram.com/ediyasmr/

Facebook → https://www.facebook.com/the.intuitiv...
Insight Timer → https://insighttimer.com/ediya.daulet
TikTok → https://www.tiktok.com/@ediya.daulet?...

Donations → https://www.paypal.com/cgi-bin/webscr...

DISCLAIMERS
**Medical Disclaimer: I am not a healthcare professional. This video is created for relaxation, entertainment and ASMR/tingles inducing purposes only. For more information about ASMR phenomenon please click here: 
https://en.wikipedia.org/wiki/Autonom...

This video cannot replace any medication or professional treatment. If you have any health conditions please consult your health-care provider.",en,False,False,,
A6kkZmv_x7U,[],0,Reiki,"Pseudocientífico
",1763,1763,905,"ASMR Reiki for Sleep (Singing Bowl, Tarot Reading, Body Scan, Hand Movements, Energy Plucking)","In this video, we explore a reiki session with a variety of different sounds and spiritual elements. Hope you enjoy! Much love, Ediya ❤️

Work with me → https://ediyasmr.com
‣ Learn shadow work, release repressed energy and work with the subconscious

Join my Patreon → https://patreon.com/ediyasmr 

Email → hello@ediyasmr.com
Instagram → https://www.instagram.com/ediyasmr/

Facebook → https://www.facebook.com/the.intuitiv...
Insight Timer → https://insighttimer.com/ediya.daulet
TikTok → https://www.tiktok.com/@ediya.daulet?...

Donations → https://www.paypal.com/cgi-bin/webscr...

DISCLAIMERS
**Medical Disclaimer: I am not a healthcare professional. This video is created for relaxation, entertainment and ASMR/tingles inducing purposes only. For more information about ASMR phenomenon please click here: 
https://en.wikipedia.org/wiki/Autonom...

This video cannot replace any medication or professional treatment. If you have any health conditions please consult your health-care provider.",en,False,False,,
sHbaPiN9QX4,"['damages', 'tingles', 'Anxiety']",3,Reiki,"Pseudocientífico
",2255,2255,1870,Reiki ASMR Healing Session -  Reiki Master Energy Healer Calming Anxiety Relief Sleep - CC Subtitles,"► Neil's Reiki Website https://www.neilcoopers.com 

► FREE Reiki 1 & 2 + Violet Flame YouTube Video Courses + Attunements Certification Manuals Playlist ►► https://www.youtube.com/watch?v=fzBubEovDXI&list=PLAba0fUtTs56ksDB9VfaJscTnzBmODijW  

Social Media 
► Instagram @neil_cooper_reiki https://www.instagram.com/neil_cooper_reiki/@neil_cooper_reiki   

► Facebook Reiki https://www.facebook.com/neilcooper.reiki

Neil's Teachings Magazine & YouTube Channel 
► Website: https://www.mark-neil.com/ 
► YouTube: https://www.youtube.com/@neilcoops 

My Online Magazine
► Spirit Earth Online Magazine https://www.spiritearthmag.mark-neil.com

Disclaimer & Hold Harmless
The videos and healing courses are created for relaxation and entertainment. By engaging with them, you agree to hold Neil Cooper harmless. This means you won't hold him liable for any harm, loss, or damage you or others might experience from watching or sharing content from his YouTube channel. If you take his Reiki or Violet Flame courses, you do so at your own liability and risk, and you're subject to the previously mentioned Terms & Conditions https://neil.mark-neil.com/terms-conditions/

Important Medical Disclaimer
It's crucial to understand that none of the treatments or information provided on Neil Cooper's website, training lessons, or manuals are a substitute for professional medical diagnosis, treatment, or care from your GP. He doesn't diagnose conditions, prescribe medication, or interfere with a GP's treatment.

If you are currently on medication, do not stop taking it without your GP's advice. For any concerns about your medical condition, always speak with your GP first. Neil Cooper does not accept responsibility if you self-treat using information from his website or training manuals, nor does he take responsibility for any loss or damages resulting from the use or misuse of any information in his Reiki course, including audio, videos, recommendations, and manuals.",en,False,False,,
-8yeD_Zx1B8,['Smoke'],1,Reiki,"Pseudocientífico
",3249,3249,579,"ASMR Reiki | Energy Healing for Confidence (Affirmations, Crystal Healing,  Hand Movements)","0:00 Intro
1:48 Smoke Cleanse + Breathwork + Body Scan
9:17 Crystals (Tigers Eye, Citrine, Clear Quartz)
15:57 Reiki Symbols + Reiki Transmission + Light Visualization
21:55 Hand Movements + Affirmations
22:56 “I am” Affirmations

Work with me → https://ediyasmr.com
‣ Learn shadow work, release repressed energy and work with the subconscious

Join my Patreon → https://patreon.com/ediyasmr 

Email → hello@ediyasmr.com
Instagram → https://www.instagram.com/ediyasmr/

Facebook → https://www.facebook.com/the.intuitiv...
Insight Timer → https://insighttimer.com/ediya.daulet
TikTok → https://www.tiktok.com/@ediya.daulet?...

Donations → https://www.paypal.com/cgi-bin/webscr...

DISCLAIMERS
**Medical Disclaimer: I am not a healthcare professional. This video is created for relaxation, entertainment and ASMR/tingles inducing purposes only. For more information about ASMR phenomenon please click here: 
https://en.wikipedia.org/wiki/Autonom...

This video cannot replace any medication or professional treatment. If you have any health conditions please consult your health-care provider.",en,False,False,,
ug4eBbMsftk,"['06:53', 'anxiety']",2,Reiki,"Pseudocientífico
",3287,3287,954,ASMR Tweezing Your Negative Energy Away [Reiki & Layered Sounds],"Welcome to this special ASMR reiki and spiritual cleansing video. Have you had negative energy cleansing session with tweezers before? I am sure this will be a very interesting and relaxing experience for you. Let's take a look at the details:

00:00 Preview
00:46 Beginning of the session
03:11 Healing water therapy
06:53 Healing herb therapy
10:30 Energy pulling with tweezers
25:57 Reiki symbols & Hand movements
30:40 Energy cleansing with tweezers
47:20 Sleep therapy

First of all, I will start the session by cleaning your face with healing water. I have to do this to increase the effectiveness of my techniques. Then I will use special leafy branches to dry your face. And so you will be fully prepared for this special negative energy clearing session.

You will hear some sounds when I start pulling the bad energies from your face with tweezers. Cause I added some of these as ASMR trigger sounds, which we call layered sounds. This will be an important detail that will make you much more comfortable and prepare you for sleep in a short time.

In the middle of the session, I will try relaxing hand movements and writing some reiki symbols to take a break. Thus, we will not tire your mind too much.

In the last part, I will turn off the light above and give you a very special sleep therapy. And I am sure you will fall asleep easily with your cleared and refreshed mind.

https://www.instagram.com/tabuhanasmr/

#asmr #energycleansing #sleep",en,False,False,,
-uvqkcxRH34,"['insomnia', 'SOUL', 'depression', 'COME', 'migraine', 'GOD', 'anxiety disorders']",7,Reiki,"Pseudocientífico
",42896,42896,799,"FRECUENCIA DE DIOS 963 Hz | ATRAER MILAGROS, BENDICIONES Y GRAN TRANQUILIDAD EN TODA TU VIDA #6","FRECUENCIA DE DIOS 963 Hz | ATRAER MILAGROS, BENDICIONES Y GRAN TRANQUILIDAD EN TODA TU VIDA #6

Este canal se trata de curar su mente, alma, cuerpo, trastornos de ansiedad, problema del sueño, depresión, insomnio, enfoque, migraña, estrés, agricultura y muchos más. Si desea encontrar los secretos del universo, piense en términos de energía, frecuencia y vibración. Del mismo modo, en este canal estamos aquí para ayudarlo con energía positiva, curación de frecuencias y vibra a través de la ayuda de la música. En nuestra música generalmente usamos ritmos binaurales, tonos isocrónicos, afirmaciones subliminales y biokinesis para inspirar a las personas al despertar de la vida, el iluminación y mucho más. (Lucid Dreaming Music) también incluye música para dormir, música de relajación, música de meditación, música tibetana, música para tazón, música chamánica, música curativa, música de estudio, música de reiki, música zen, música de spa/masaje y música de yoga.

Recuerde suscribirse si desea mostrarle amor y apoyarnos. Creemos que Chan encuentra una gran cantidad de valor aquí 🙏💖

Todos los videos y audios son originales exclusivos de Lucid Dreaming Music

(Cualquier reproducción de este audio y video está estrictamente prohibida).

-------------------------------------------------- -----------------------------------

📧 Para contactar y enviar música: piano@heliosrecord.com",es,True,True,2024-01-16T11:00:04Z,2024-01-17T01:59:42Z
P4GgyYzElHs,[],0,Reiki,"Pseudocientífico
",4272,4272,631,asmr affirmations ✨ for manifesting while you sleep ✨ w/reiki hand movements & soundscape,"The first 100 people to download Endel by clicking the link or scanning the QR code will get a free week of audio experiences! https://bit.ly/ediyasmr

0:00 sponsored message
2:22 hypnotic body scan 
7:34 ""you are"" affirmations 
10:32 ""i am"" affirmations

☯︎ work with me: https://ediyasmr.com 
☺︎ support my work:  https://www.patreon.com/ediyasmr

💌 contact me:
instagram: https://www.instagram.com/ediyasmr
tiktok: https://www.tiktok.com/@ediyasmr
email: hello@ediyasmr.com (for business inquiries only)

💌 faq:
what are you wearing? probably Indigo Luna. get 10% off by using the link https://indigoluna.store/?ref=hyujccli 
what deck are you using?
ethereal alchemy tarot & divine initiation oracle: https://valchemyart.com/?ref=scsbvtns
four noble tarot: use EDIYA20 for 20% off: https://francesnaude.com/shop/p/four-noble-tarot-cards-guidebook

DISCLAIMERS
**Medical Disclaimer: I am not a healthcare professional. This video is created for relaxation, entertainment and ASMR/tingles inducing purposes only. For more information about ASMR phenomenon please click here: 
https://en.wikipedia.org/wiki/Autonom...

This video cannot replace any medication or professional treatment. If you have any health conditions please consult your health-care provider.",en,True,True,2023-09-07T21:00:09Z,2023-09-07T22:13:17Z
_SMUi7gziDg,['insomnia'],1,Reiki,"Pseudocientífico
",839,839,1780,ASMR | Nona Delia te hace Reiki a distancia para ayudarte en momentos difíciles - SUBTITULOS,"link to Nona Delia's newest video:
https://youtu.be/Fj0ST57YiL0

Buenas noches a todos!!!!!!! 
Este video no necesita mucha descripción. volvió nuestra nonita a pedido del público y a nuestro parecer, hizo uno de los videos más hermosos del canal. 
Que opinas???? 
.
.
.
 Los queremos escuchar! comenten abajo que leemos todo!!!

INDAH",es,False,False,,
fomWX1pnHmo,[],0,Reiki,"Pseudocientífico
",40,40,2558,पैसे की जब तुरंत जरूरत हो Angel Number For URGENT MONEY।#youtubeshortvideos#youtubevirals#shorts,"Angel Number For URGENT MONEY।धन की जब तुरंत जरूरत हो#youtubeshortvideos#youtubevirals#money#shorts
In this video i gave method if u want money urgent.if u need loan urgently.if u need 50,000 loan urgently. urgent personal loan required?
i gave solution for all problems.

Hi friends,
We 'SHALINI VARMA & ANUJJ KUMAR MAHTO' 
Certified Reiki Healer Couple
(""Usui/ Holy Fire ® III Reiki Master Teacher"" - Certified By 'International Centre for Reiki Training') welcomes you all to my YouTube Channel 'Lotus Reiki & Spiritual Healer'

COURSES AVAILABLE (Online/ Offline): -
1. USUI/ TIBETAN REIKI Course:- (Study Materials in English & Hindi)
2. KARUNA REIKI Master Course:- (Study Materials in English & Hindi) 
3. USUI/ HOLY FIRE® III REIKI:- Level 1 - 2 & Masters (Study Materials in English)
4. Holy Fire® III Karuna Reiki® Master Course (Study Materials in English)
5. ANGEL Healing Course (Study Materials in English)
6. BACH FLOWER REMEDY Course (Study Materials in English & Hindi Available)
7. SWITCHWORD & ANGELIC HEALING NUMBER Course (Study Materials in English)
8. CRYSTAL THERAPY Course (Study Materials in English)
9. SIGIL Course (Study Materials in English)
10. MONEY Reiki Course (Study Materials in English)
11. SACRED GREEN MONEY CIRCLE Reiki Course (Study Materials in English)
12. SOULMATE Reiki Course (Study Materials in English)

{Call for Course Related Queries only}
Message on WhatsApp Only @ 7000808192
Call Timings: 10:00 Am - 6:00 Pm

Queries solved in this video?
1.need personal loan urgently
2.i need some cash urgently
3.i want some money urgently in interest
4.cash required urgently
5.angel number for urgent money
6.instant loan urgent

http://facebook.com/lotusreiki
 
#lotusreikiandspiritualhealer
#reiki
#onlinereikiinindia 
#holyfirereikiinindia
#reikicourse",en,False,False,,
DkLn5RoypG0,"['Patreon - https://patreon.com/chilibasmr', 'carbon']",2,Reiki,"Pseudocientífico
",1840,1840,495,[ASMR] Relaxing Reiki Session for Uplifting Energy on @ali.asmr.sleep. (roleplay),"It was so nice getting to meet Ali recently during a trip to her area. She was such a lovely person and I adored getting to give her this restful and rejuvenating reiki roleplay session. She also filmed a video on me, go watch it! https://youtu.be/ezyT2lFU7iM?si=iRqH7oA9hqWZOCqp Click more for a fun fact about us! 

Fun Fact #48 — We spent over 15 hours on an airplane this weekend 🫠sorry carbon footprint but at least we splurged and got the cheese plate  

____________~~~~~____________~~~~~____________~~~~~____________
Get in touch! 
Business inquiries: chilib@algebramedia.com
Personal inquiries - chilibasmr@gmail.com

Ways to support the channel —
Patreon - https://patreon.com/chilibasmr

Brand links we love (and affiliate for): 
What we sleep with: Manta Mask - https://bit.ly/3B8HivZ

Want to start your own channel? Here's the equipment we use:
Microphone - https://amzn.to/2Vu8WnZ
Point and shoot camera - https://amzn.to/3zmF2BB
i-phone (camera) - https://amzn.to/3mRcATs
Lights - https://amzn.to/3FSEhTw
I-phone tripod - https://amzn.to/3qIjEmr
Camera tripod - https://amzn.to/3JBv0S2

*Disclaimer: We are not professional doctors, security or any other role we play in these videos. This video is for relaxation purposes only. Do not take any medical advice from this content.",en,False,False,,
uwuvc6tCXV0,"['Cancer', 'Headache', 'PCOS', 'PCOD', 'Pain', 'Depression', 'UPI', 'Migraine']",8,Reiki,"Pseudocientífico
",2389,2389,2798,Free Online Reiki Healing Session / Heal yourself watching this video only,"Just sit and watch this video and follow the easy instructions, especially the prayer and you will get the benefits of an actual Reiki Healing Session for free at your own place and convenient time.

Please follow the prayer and instructions given by me carefully, to get connected with this energy healing system, as only watching and hearing this video may not give you much benefit.

If you are having any old or Chronic Problems, please take a minimum of one session a day for at least 40 days continuously.

I am sure that you will start feeling better gradually. This healing has no side effects and will give you only good effects as it is divine in nature.

Enjoy the bliss.

Join My Mission of Healing & Spreading Happiness, and get DIVINE HEALING:

https://www.youtube.com/channel/UCtdJkpR_3NP6fO4OmErssJQ/join

_____________________________________________________________________________________________

Healing with Divine Prayers: https://bit.ly/36noZpm

https://www.patreon.com/DivineCare 

https://www.paypal.me/divinecure1 

Paytm: +91 9899527778 

Google Pay: +91 9899527778 

UPI Link: divinecure@idfcbank
_____________________________________________________________________________________________

Personalized Reiki Healing for *Indians*: 
https://www.facebook.com/onlinedivinecare/ 

Personalized Reiki Healing for the *rest of the world*: https://www.facebook.com/divinecareonline/ 

https://www.facebook.com/FreeDivineCare

_____________________________________________________________________________________________

If you have any questions, please feel free to write to us and we will revert back to you soon.

Please Subscribe, like, and share this video as much as possible.

Website: www.divinecare.online

Whatsapp: +919899527778

Email:   divinecareonline@gmail.com

Join My Mission: https://bit.ly/36noZpm

Thanks & God bless
Namaste",en,False,False,,
8Odu9ODC2oc,"['meditación', 'energias', '963HZ']",3,Reiki,"Pseudocientífico
",,,,,,,False,False,,
Ug7I9Z3x2ok,[],0,Reiki,"Pseudocientífico
",4366,4366,449,"Musica Para Dormir, 528Hz Regeneración de todo el cuerpo, LIBERA El Estrés, El Pensamiento Excesivo","#sleepmusic #meditationmusic #TranquilSerenity
Musica Para Dormir, 528Hz Regeneración de todo el cuerpo, LIBERA El Estrés, El Pensamiento Excesivo
¡Bienvenido a nuestro canal de YouTube! Ofrecemos música de relajación y meditación de alta calidad para ayudar a reducir el estrés y mejorar su estado de ánimo. Con una combinación de melodías relajantes y sonidos de la naturaleza, lo ayudaremos a relajarse y descansar.

Utilizamos diferentes estilos de música, como música clásica, oceánica y tranquila para crear música relajante y meditativa única. Ya sea que necesite un poco de relajación después de un día estresante en el trabajo o desee concentrarse más mientras estudia o trabaja, esperamos que nuestro canal de YouTube lo ayude a lograr sus objetivos.

🌿 Música de Helios Records:
https://linktr.ee/heliosrecords

-------------------------------------------------- - -----------

►Todos los derechos reservados.
✔ Este video tiene una licencia especial directamente del artista y titular de los derechos de autor"".🌱🌞💕💗",es,True,True,2024-10-24T16:31:15Z,2024-10-24T17:44:05Z
EV2qm8qo7zg,[],0,Reiki,"Pseudocientífico
",0,0,0,"777Hz + 888Hz + 999Hz OPEN THE GATES OF ABUNDANCE, MIRACLES & WEALTH • MIRACLE FREQUENCIES","777Hz + 888Hz + 999Hz OPEN THE GATES OF ABUNDANCE, MIRACLES & WEALTH • MIRACLE FREQUENCIES

Hello! Welcome to our channel of Reiki and Meditation Music: Star Way Healing.

This immersive meditation soundscape weaves the uplifting frequencies of 777Hz, 888Hz, and 999Hz, often associated with spiritual awakening, abundance symbolism, and vibrational expansion. Together, these tones create a luminous field of sound inviting reflection, intention-setting, and alignment with the energies of abundance, gentle miracles, prosperity consciousness, and soul renewal.

As you listen, allow the frequencies to guide you into stillness and openness, supporting a deeper connection with gratitude, intuition, and inner flow. This journey is ideal for meditation, visualization, journaling, relaxation, or peaceful background listening while attuning to elevated states of awareness and spiritual harmony.

Become a member of our channel, it's a way to say thank you and be part of our meditative community!
https://www.youtube.com/channel/UCdjO7cf5visla1WQJWCVCQQ/join

In our meditations, Solfeggio frequencies are subtly woven into the music as gentle undertones. These tones are blended softly beneath the main soundscape to create a calming and immersive atmosphere designed for deep relaxation and introspection. 🎧✨

This channel offers music crafted to accompany different practices such as meditation, yoga, relaxation, massage ambience, prayer, reflection, study ambience, and Reiki-inspired sessions. 🌿💫

If this video brought you a moment of peace or grounding, feel free to like, subscribe, turn on notifications, and share your experience in the comments, we’d love to hear from you! 

Follow us! 😊

Instagram:
https://www.instagram.com/starwayhealing

Twitter:
https://twitter.com/StarWayHealing

Facebook:
https://www.facebook.com/profile.php?id=61556079720961

Disclaimer: 
The content on this channel is intended for relaxation, meditation, and personal enrichment. It is not presented as a method for health treatment or financial improvement, and no outcomes are guaranteed or implied.
Responses to music and sound vary among individuals, so your experience may differ. Please make your own decisions mindfully when engaging with this content.
Our videos are not a substitute for professional medical care.
For any health-related concerns, please consult a qualified healthcare provider.
Do not operate heavy machinery while listening to calming audio.

The video and song have licenses directly from the rights holders.

Copyright ⓒ 2025 Star Way Healing™. All rights reserved

#meditation #starwayhealing #reiki #relaxingmusic #sleepmusic",en,True,False,2025-01-19T18:40:00Z,
F6wz0y6rxe8,['anxiety'],1,Reiki,"Pseudocientífico
",42900,42900,1308,"432Hz - Super Recovery & Healing Frequency, Whole Body Regeneration, Relieve Stress","🌿 432Hz - Super Recovery & Healing Frequency | Whole Body Regeneration & Stress Relief ✨

432Hz is a powerful healing frequency that resonates with the natural vibration of the universe, promoting deep recovery, whole-body regeneration, and emotional balance. Listening to this frequency helps to repair cells, release stress, and restore harmony to your mind and body.

🔹 Benefits of 432Hz Healing Frequency:
✅ Supports full-body healing & energy restoration
✅ Reduces stress, anxiety & emotional blockages
✅ Enhances deep relaxation & inner peace
✅ Aligns your energy with the universe for profound healing

🌌 Let this powerful frequency wash over you, bringing deep healing, relaxation, and renewal. Close your eyes, breathe deeply, and allow the natural energy of the universe to restore your body and mind.

💙 For the best experience, use headphones and listen before sleep.
🌿 Embrace the healing energy & awaken refreshed.

🔔 Like, Subscribe & Share to spread the power of Deep Healing Energy!

✔ All rights belong to their respective owners.
✔ This video was given a special license directly from the artists and the right holders.""

🌿 Music by Helios Records: https://linktr.ee/heliosrecords
💙 Follow Helios Records for more: https://spoti.fi/38bwOia

🌞 For contact and submit music: relax@wondermusic.us

💗 Thank you for your interest and listening.

#healingmusic 
#meditationmusic 
#alphawaves 
#relax",en,True,True,2024-11-04T07:59:38Z,2024-11-04T22:59:39Z
D8UCi72Yw9o,"['anxiety', 'Melatonin']",2,Reiki,"Pseudocientífico
",11266,11266,124,"Música Reiki | Elimina Estrés, Liberación de Melatonina y Toxinas | Calmar la mente y el alma","Música Reiki | Elimina Estrés, Liberación de Melatonina y Toxinas | Calmar la mente y el alma

Bienvenidos a una nueva transmisión en vivo de música relajante en el canal Healing Your Mind. Puedes dejar el vídeo a bajo volumen y empezar a realizar cualquier tarea como estudiar, trabajar, leer... o simplemente relajarte o dormir tranquilamente.

Si te gustó el show en vivo y quieres contenido musical más relajante no olvides darle me gusta.
#curandotumente #chakra #energía
-------------------------------------------------- ----------------
    🌿Bienvenidos a nueva música relajante en vivo en el canal Healing Your Mind
Podrás ajustar el volumen del vídeo y empezar a hacer lo que quieras como estudiar, trabajar, leer... o simplemente relajarte o dormir bien.

🎼 MISIÓN 🎵
Relajación y Meditación.
Meditaciones guiadas.
Relajaciones para dormir.
Calmar y controlar la ansiedad.
Conciliar el sueño y dormir mejor.
Para estudiar.
Sesiones de yoga, reiki, spa, masajes...
Haz las tareas.
Bienestar.

🌿 Si te encanta el programa y quieres escuchar música más relajante, no olvides darle me gusta.
🎬 Software de edición de vídeo: Adobe Premiere Pro CC.
🎬 Software de edición de vídeo: Adobe After Effects Pro CC
📷 Software de edición de fotografías: Photoshop CC
🎶 ¿Qué puedes encontrar en nuestro canal?

En nuestro canal podrás encontrar música relajante para: dormir, meditar, yoga, zen, spa, masajes, estudiar y concentrarse...

👉 Si te gusta la música de este vídeo, dale me gusta, suscríbete y compártelo con más amigos.

Muchas gracias por escuchar. ¡Disfruta de la música para relajarte, dormir, meditar y que tengas un día o una noche maravillosos!

¡No olvides suscribirte, darle me gusta y compartir mis videos si te gustan! ¡Que tenga un lindo día!
-------------------------------------------------- -----
►Todos los derechos pertenecen a sus respectivos dueños.
✔ Este video recibió una licencia especial directamente de los artistas y titulares de derechos.",es,False,False,,
F9Xni1yL-b8,['DEEPEST DESIRES •'],1,Reiki,"Pseudocientífico
",0,0,0,528 Hz MIRACLE FREQUENCY • MANIFEST YOUR DEEPEST DESIRES • WHOLE BODY REGENERATION,"528 Hz MIRACLE FREQUENCY • MANIFEST YOUR DEEPEST DESIRES • WHOLE BODY REGENERATION

Hello! Welcome to our channel of Reiki and Meditation Music: Star Way Healing.

Become a member of our channel, it's a fantastic way to support us and be part of our meditative community! 
https://www.youtube.com/channel/UCdjO7cf5visla1WQJWCVCQQ/join

The videos on this channel are designed to inspire positive transformation. They incorporate specific hertz frequencies and many videos are infused with Reiki energy, as we are Reiki Masters at Star Way Healing.

The purpose of this channel is to be a source of music for many different objectives:
Sleep, Yoga, Relaxing, Massages, Focus, Meditation, Zen, Prayer, Study, Concentration, Reiki...

You can engage in activities such as meditation, relaxation, or even your daily tasks while listening to or watching the videos. While our songs can be enjoyed with headphones, it's totally up to you how you listen. Choose whatever feels most comfortable for you.

It's important to remember that the true power to create positive changes in your life resides solely within the depths of your mind and the unwavering strength of your faith.

If you enjoyed this video please subscribe to our channel, hit the like button and the notification bell for more meditation music.

Join us in spreading positivity and connecting with our community by leaving uplifting comments on our videos. We cherish the opportunity to share positive energy and connect with each one of you. Your words have the power to inspire and uplift others, creating a ripple effect of positivity. Let's brighten each other's day together!

We want to express our heartfelt thanks to our subscribers, channel members, and everyone who supports us. Your support is deeply appreciated and gives us the motivation to keep going. 

Thank you! 💜

Instagram:
https://www.instagram.com/starwayhealing

Twitter:
https://twitter.com/StarWayHealing

Facebook:
https://www.facebook.com/profile.php?id=61556079720961

We selected a few special products inspired by the themes of Miracles and Manifestation. If you choose to purchase through our links, we may receive a small percentage at no additional cost to you. Your support helps us continue creating and sharing more spiritual and uplifting content for this community. ✨

Disclaimer: 
Kindly be aware that the videos featured on this channel do not purport to perform miracles, cures or guarantee any specific outcomes. 
While the videos and songs may benefit many individuals, it's crucial to understand that they might not be suitable for everyone. 
Therefore, it's important to underscore that no promises, guarantees, or representations are made regarding the attainment of cures or financial gains through the use of any of the videos.
Your decision to engage with any of the content provided should be made with your own diligence. By using any information or content from this channel, you acknowledge that I bear no responsibility for your success or failure.
The videos and songs here are not a substitute for professional medical treatment. They are for educational purposes only and do not guarantee any specific outcomes. 
Always consult with a qualified healthcare provider for personalized medical advice and treatment.
Please do not operate heavy machinery while listening to the songs.

Use the channel's content with responsability!

The video and song have licenses directly from the rights holders.

Please note: This video is intended for personal use only. Any form of copying, re-uploading, sampling, or synchronization is strictly prohibited and may negatively impact the quality of the sound and the frequencies.

Copyright ⓒ 2024 Star Way Healing™. All rights reserved

#meditation #meditationmusic #starwayhealing #reiki #relaxingmusic #sleepmusic #sleep #relaxing",en,True,False,2025-01-19T18:09:49Z,
J6KRbUTAXuw,"['anxiety', 'depression']",2,Reiki,"Pseudocientífico
",32949,32949,483,"417Hz HEAL THE FEMININE ENERGY • ACTIVATE ABUNDANCE, SELF-LOVE & INNER POWER • REIKI","417Hz HEAL THE FEMININE ENERGY • ACTIVATE ABUNDANCE, SELF-LOVE & INNER POWER • REIKI

Welcome to Star Way Healing, a celestial space of Solfeggio Frequencies and Reiki, where luminous soundscapes invite calm presence and soulful connection. 💫

Become a member of our channel to unlock exclusive videos and powerful frequencies designed just for you! 🧘‍♀️
https://www.youtube.com/channel/UCdjO7cf5visla1WQJWCVCQQ/join

Divine Feminine Energy reflects the nurturing, intuitive, and creative force within all beings. It invites a deeper relationship with self-love, encouraging compassion, emotional wisdom, and gentle strength. This energy is often associated with inner power that flows through presence rather than force, supporting confidence, balance, and authenticity. When embraced mindfully, Divine Feminine Energy can inspire a sense of abundance rooted in gratitude, harmony, and alignment with one’s natural rhythm, cultivating wholeness, receptivity, and quiet empowerment.

417 Hz: A transformative frequency associated with clearing negative energy, releasing past patterns, emotional healing, and supporting positive change; often seen as a reset that helps you move forward lighter and more aligned.

Long-distance Reiki is a gentle, intention-based practice that works with universal life energy beyond physical boundaries. Through focused awareness and mindful intention, Reiki energy is directed to support relaxation, emotional balance, and energetic harmony, regardless of location.

Many people experience it as a calming, nurturing presence that encourages self-love, inner awareness, and a deeper sense of connection. Spiritually, long-distance Reiki is often associated with restoring energetic flow, supporting inner clarity, and creating space for balance and personal alignment, wherever you are.

In our meditations, Solfeggio frequencies are subtly woven into the music as gentle undertones. These tones are blended softly beneath the main soundscape to create a calming and immersive atmosphere designed for deep relaxation and introspection. 🎧✨

This channel offers music crafted to accompany different practices such as meditation, yoga, relaxation, massage ambience, prayer, reflection, study ambience, and Reiki-inspired sessions. 🌿💫

If this video brought you a moment of peace or grounding, feel free to like, subscribe, turn on notifications, and share your experience in the comments, we’d love to hear from you! 

Follow us! 😊

Instagram:
https://www.instagram.com/starwayhealing

Twitter:
https://twitter.com/StarWayHealing

Facebook:
https://www.facebook.com/profile.php?id=61556079720961

Disclaimer: 
The content on this channel is intended for relaxation, meditation, and personal enrichment. It is not presented as a method for health treatment or financial improvement, and no outcomes are guaranteed or implied.
Responses to music and sound vary among individuals, so your experience may differ. Please make your own decisions mindfully when engaging with this content.
Our videos are not a substitute for professional medical care.
For any health-related concerns, please consult a qualified healthcare provider.
Do not operate heavy machinery while listening to calming audio.

The video and song have licenses directly from the rights holders.

Copyright ⓒ 2025 Star Way Healing™. All rights reserved

#meditation #starwayhealing #reiki #relaxingmusic #sleepmusic",en,True,True,2024-04-11T00:00:27Z,2024-04-11T09:11:39Z
VrVp7E9sWOs,[],0,Reiki,"Pseudocientífico
",231,231,197,What is Reiki Energy | How Does Reiki Work,"FOR MORE REIKI INFO - VISIT MY WEB-SITE 
http://www.SedonaReikiMaster.com
https://www.Facebook.com/SedonaReikiMaster

What is Reiki? How does Reiki work? How is Reiki Used? Who can learn Reiki? Reiki Master Teacher Carla Trujillo answers your questions on Reiki in her own unique style.",en,False,False,,
70qHd3Ebp8o,[],0,Reiki,"Pseudocientífico
",282,282,1793,लेनदार खुद पैसा लौटाने आयेगा Recover blocked money |#reiki#switchwords @Funnylife566,"In this video i have told about switchword for blocked money. angel number for blocked money. switchword for money recovery.

Course Related Queries only
Message on WhatsApp @ 7000808192
Call Timings: 10:00 Am - 6:00 Pm

Hello
We SHALINI VARMA & ANUJ KUMMAR
Certified Reiki Master Couple
Usui/ Holy Fire ® III Reiki Master Teacher-Certified By International Centre for Reiki Training-I.C.R.T) welcomes you all to my YouTube Channel-Lotus Reiki & Spiritual Healer
COURSES AVAILABLE (Online/ Offline)
1. USUI/ HOLY FIRE® III REIKI - Level 1 - 2 & Master
2. HOLY FIRE® III KARUNA REIKI ® Master 
3. MONEY Reiki 
4. SACRED GREEN MONEY CIRCLE Reiki
5. ANGEL Healing
6. BACH FLOWER REMEDY
7. SWITCHWORD & ANGELIC HEALING NUMBER
8. CRYSTAL THERAPY
9. SIGIL 
10. SOULMATE Reiki

Q. queries solved in this video?
1.Remedies to attract blocked money 
2.how to attract  unexpected blocked money 
3.Money attraction remedies
4.achanak dhan prapti ke liye upay
5.fasa hua paisa kaise nikale
6.dhan prapti ke achook upay
7.Tips for money flow.

Funny dog videos kindly check, Like, Share and Subscribe and shower your Love  #https://www.youtube.com/c/Funnylife566

#http://facebook.com/lotusreiki
#lotusreikiandspiritualhealer
#reiki
#onlinereikiinindia 
#holyfirereikiinindia
#reikicourse

DISCLAIMER
Last updated January 01, 2019
WEBSITE DISCLAIMER
The information provided by ‘Lotus Reiki & Spiritual Healer’ on http://www.youtube.com/channel/uccpo3cf2jke80wrcuuavoya the ‘Site’ is for general information purposes only. 
All information on the Site is provided in good faith, however we make no representation or warranty of any kind, express or implied, regarding the accuracy, adequacy, validity, reliability, availability, or completeness of any information on the Site. 
UNDER NO CIRCUMSTANCE SHALL WE HAVE ANY LIABILITY TO YOU FOR ANY LOSS OR DAMAGE OF ANY KIND INCURRED AS A RESULT OF THE USE OF THE SITE OR RELIANCE ON ANY INFORMATION PROVIDED ON THE SITE. YOUR USE OF SITE AND YOUR RELIANCE ON ANY INFORMATION ON THE SITE IS SOLELY AT YOUR OWN RISK.
EXTERNAL LINKS DISCLAIMER
WE DO NOT WARRANT, ENDORSE, GUARANTEE, OR ASSUME RESPONSIBILITY FOR THE ACCURACY OR RELIABILITY OF ANY INFORMATION OFFERED BY THIRD-PARTY WEBSITES LINKED THROUGH THE SITE OR ANY WEBSITE OR FEATURE LINKED IN ANY BANNER OR OTHER ADVERTISING. WE WILL NOT BE PARTY TO OR IN ANYWAY BE RESPONSIBLE FOR MONITORING ANY TRANSACTION BETWEEN YOU AND THIRD-PARTY PROVIDERS OF PRODUCTS OR SERVICES.
PROFESSIONAL DISCLAIMER
The Site does not contain health, spiritual healings, home remedies, advice. 
The health, spiritual healings, home remedies, information is provided for general information and educational purposes only and is not a substitute for professional advice. 
Accordingly, before taking any actions based upon such information, we encourage you to consult with the appropriate professionals. 
THE USE OR RELIANCE OF ANY INFORMATION CONTAINED ON THE SITE IS SOLELY AT YOUR OWN RISK.
TESTIMONIALS DISCLAIMER
The Site may contain testimonials by users of our products/services. These testimonials reflect the real-life experiences and opinions of such users. However, the experiences are personal to those particular users and may not necessarily be representative of all users of our products/services. We do not claim and you should not assume, that all users will have the same experiences. YOUR INDIVIDUAL RESULTS MAY VARY.
The views and opinions contained in the testimonials belong solely to the individual user and do not reflect our views and opinions. We are not affiliated with users who provide testimonials and users are not paid or otherwise compensated for their testimonials.
The testimonials on the Site are not intended, nor should be construed, as claims that our products/services can be used to diagnose, treat, mitigate, cure, prevent or otherwise be used for any disease or medical condition. No testimonials have been clinically proven or evaluated.",hi,False,False,,
cJint9uLBMA,"['Selenite', 'Smoke', 'anxiety']",3,Reiki,"Pseudocientífico
",2524,2524,234,"ASMR Reiki for Sleep | Release Burden and Stress |Gua Sha, Acupressure, Crystal Cleanse @semideasmr","Hey guys! In this video, I give Semide some pampering to help her release any residual burden, stress and tension in the body from having just finished her midterms last week. We incorporate some acupressure points to calm her mind, and gua sha to move the toxins out of the body. I hope you enjoy this one!

She also gave me a massage on her channel so be sure to check that out as well! https://www.youtube.com/watch?v=KEeEy5dlbkM&ab_channel=SemideCoco

0:00 Intro
0:49 Smoke Cleanse
3:52 Singing Bowl + Mindful Breathing
6:00 Acupressure + Meditation for Tension Release
13:57 Rose Quartz Guasha w/ Saje Body Bar
23:26 Selenite Energy Cleanse
27:27 Saje Stress Release Spray
28:35 Giving Reiki

*Not sponsored by Saje but I honestly really enjoy using their products. Saje is a sustainable brand that uses ethically sourced high grade oils for healing aromatherapy purposes. And the scents are amazinggg. Semide has a lot of their products so I always make sure to incorporate them whenever I film with her ;)

Work with me → https://ediyasmr.com
‣ Learn shadow work, release repressed energy and work with the subconscious

Join my Patreon → https://patreon.com/ediyasmr 

Email → hello@ediyasmr.com
Instagram → https://www.instagram.com/ediyasmr/

Facebook → https://www.facebook.com/the.intuitiv...
Insight Timer → https://insighttimer.com/ediya.daulet
TikTok → https://www.tiktok.com/@ediya.daulet?...

Donations → https://www.paypal.com/cgi-bin/webscr...

DISCLAIMERS
**Medical Disclaimer: I am not a healthcare professional. This video is created for relaxation, entertainment and ASMR/tingles inducing purposes only. For more information about ASMR phenomenon please click here: 
https://en.wikipedia.org/wiki/Autonom...

This video cannot replace any medication or professional treatment. If you have any health conditions please consult your health-care provider.",en,False,False,,
cRoFgTGBmD8,[],0,Reiki,"Pseudocientífico
",914,914,3244,Distant Reiki Session,"My first Distance Reiki Video - now dozens with better audio and video quality on the channel. Reiki is universally guided life force energy that cannot harm. Anyone may learn Reiki to help themselves, others, and animals regardless of age, background and belief. My passion is teaching Reiki and sharing it through my videos and livestreams. Subscribe and opt-in for notifications to join me live. Find playlists about Reiki Basics, Reiki Business Success, and, of course, healing videos. Welcome!

🔗 Links to Connect with Andrea: https://beacons.ai/andrea_kennedy

🌟 CLASSES! Learn Reiki Online and Live with Andrea: https://www.mainstreamreiki.com/class-descriptions
🙌 Join Andrea's Membership for Reiki practitioners: https://members.mainstreamreiki.com/  

🎧 Andrea's Podcast for the spiritually curious: What Resonates? Podcast is on all the podcast apps and NOW on YouTube: https://www.youtube.com/channel/UC6qUijvx8iQr8wBFs6tTBaQ

⭐️ Please subscribe, get notifications, and donate if you appreciate what is offered here and the idea feels good to you: https://ko-fi.com/andreakennedy 🙏🏼

Thank you for watching! 
Highest Blessings 

#Reiki #reikiclasses #holyfirereiki #reikimentor #mainstreamreiki #distancereikiworks #andreakennedy

Music Credit: (Across the Sky) by Christopher Lloyd Clarke. https://www.christopherlloydclarke.com. Licensed by Enlightened Audio.

**DISCLAIMER**
This video is not a substitute for seeking professional medical care but is offered for relaxation and stress reduction which support the body’s natural healing capabilities. Reiki is a complement to and never a replacement for professional medical care. Results vary by individual.",en,False,False,,
BlV8tEcu7Fk,[],0,Reiki,"Pseudocientífico
",886,886,159,Reiki Self Healing Alternative healing meditation,"I apologise for the ad right in the middle of the video that totally ruins the experience of this beautiful meditation. 

YouTube forces the ads because of the music track, despite the fact that I asked for permission to use it and received.  I do not receive any money from the ads.  

You can view and download an ad free version at https://www.thereisaway.org/reiki-self-healing-reiki-energy-healing-meditation/

Reiki is a gift from the Creator to humanity.  Healing the body is only one of the many benefits that await all Reiki practitioners.  In this self-healing video meditation five Reiki Masters joined their intent to create an instrument of healing, peace and prosperity.

Watch the video, listen to the music and follow the guide's movements--and expect miracles in your life and the lives of your loved ones.

If you are willing to open yourself to Divine Love and Wisdom you too can be a Reiki Master.  Visit http://www.reiki.org.au for more information and thttp://www.thereisaway.org/meditation.htm for more free meditations and chants.

Thank you to Llewellyn and Juliana for allowing me to use their magical Reiki Music soundtrack for our meditations.  Visit their beautiful site at www.llewellynandjuliana.com/albums/pages-buy/crystalangels.htm

You can download a free copy of this video and many other audio and video meditations at 

https://www.thereisaway.org/reiki-self-healing-reiki-energy-healing-meditation

Keep updated about new releases and new projects by subscribing to our Tweets

https://twitter.com/thereisaway

And of course you are welcome at our Thereisaway Fan Page where all the great people of this world congregate :-)

https://www.facebook.com/thereisaway.org",en,False,False,,
-TbhTHeKBSQ,"['Selenite', 'depression', 'anxiety']",3,Reiki,"Pseudocientífico
",2685,2685,386,"ASMR Reiki Healing for Surrender and Trusting the Process 🔮(Hand Movements, Crystals, Tarot Reading)","0:00 Intro 
1:52 Incense 
8:11 Selenite Cleansing
12:55 Heart Centring Meditation
18:30 Angelite to Release Resistance
21:43 Tarot Reading
28:47 Sleep Countdown

This reiki session is focused on surrendering mental and emotional resistance into trusting the process which means connecting to your inner being and your intuition that is always guiding you. I hope you enjoy it as much as I did filming it. Much love, Ediya 💛

*Wear Headphones*

Credits:
Music by Alash Music 🎵
https://www.youtube.com/watch?v=1vVrveqnp28&t=29s

Work with me → https://ediyasmr.com
‣ Learn shadow work, release repressed energy and work with the subconscious

Join my Patreon → https://patreon.com/ediyasmr 

Email → hello@ediyasmr.com
Instagram → https://www.instagram.com/ediyasmr/

Facebook → https://www.facebook.com/the.intuitiv...
Insight Timer → https://insighttimer.com/ediya.daulet
TikTok → https://www.tiktok.com/@ediya.daulet?...

Donations → https://www.paypal.com/cgi-bin/webscr...

DISCLAIMERS
**Medical Disclaimer: I am not a healthcare professional. This video is created for relaxation, entertainment and ASMR/tingles inducing purposes only. For more information about ASMR phenomenon please click here: 
https://en.wikipedia.org/wiki/Autonom...

This video cannot replace any medication or professional treatment. If you have any health conditions please consult your health-care provider.",en,False,False,,
QPa-TGuSFk0,"['anxiety', 'Smoke']",2,Reiki,"Pseudocientífico
",2450,2450,208,"ASMR Reiki for Sleep (Smoke Cleanse, Crystal Healing, Singing Bowl, Rain Sounds)","Start building your ideal daily routine 💪 The first 100 people who click on the link will get 25% OFF 🎁 Fabulous Premium ➡️ https://thefab.co/ediyasmr4

Work with me: https://ediyasmr.com
→ Learn shadow work, release repressed energy and deepen self-awareness

Join my Patreon community: https://patreon.com/ediyasmr 

If you want to support me 
https://www.paypal.com/cgi-bin/webscr...

Instagram: https://www.instagram.com/ediyasmr/
Facebook: https://www.facebook.com/the.intuitiv...
Insight Timer: https://insighttimer.com/ediya.daulet
TikTok: https://www.tiktok.com/@ediya.daulet?...
Email: hello@ediyasmr.com

DISCLAIMERS
**Medical Disclaimer: I am not a healthcare professional. This video is created for relaxation, entertainment and ASMR/tingles inducing purposes only. For more information about ASMR phenomenon please click here: 
https://en.wikipedia.org/wiki/Autonom...

This video cannot replace any medication or professional treatment. If you have any health conditions please consult your health-care provider.",en,False,False,,
OQS0e3RjAJI,['Mistakes'],1,Reiki,"Pseudocientífico
",254,254,1481,Is Reiki & Energy Healing Safe?,"#reiki #energyhealing #sadhguru 
Sadhguru looks at subtle aspects of energy healing techniques such as Reiki, and why such healing practices could be harmful for both practitioner and recipient.

The Sadhguru Podcast -  Of Mystics and Mistakes   (Listen Now on)""
https://open.spotify.com/show/69ZUhdV0q2JtibNU2yLTpQ

Official YouTube Channel of Sadhguru

Considered among India’s 50 most influential people, Sadhguru is a yogi, mystic, bestselling author, and poet. Absolute clarity of perception places him in a unique space, not only in matters spiritual but in business, environmental and international affairs, and opens a new door on all that he touches.

Inner Engineering 

Inner Engineering is a comprehensive course for personal growth that brings about a shift in the way you perceive and experience your life, your work, and the world that you live in.

https://innerengineering.sadhguru.org/

Save Soil Movement

Launched by Sadhguru, Save Soil is the world's largest people's movement, reaching 3.91 billion people to address impending soil extinction by supporting governments to create policies for soil revitalization.

https://savesoil.org/

Sadhguru app 

Accelerate your spiritual journey with transformative guided meditations, daily wisdom, and Yogic tools.

http://onelink.to/sadhguru__app",en,False,False,,
cXrrbRZCoj0,[],0,Reiki,"Pseudocientífico
",446,446,401,Tratamiento de Reiki paso a paso fácil 🙌,"Tratamiento de Reiki paso a paso fácil

👇APRENDE REIKI:

🎓 Aprende conmigo Reiki y Registros Akashicos online y presencial en Madrid: https://cursosreikienmadrid.com/tiend...​

💜   Instagram: @yosoysusanagarcia

💻  web: www.cursosreikienmadrid.com

Mail: info@cursosreikienmadrid.com",es,False,False,,
Jj0qlpJEy8U,"['melatonin', 'Melatonin', 'anxiety']",3,Reiki,"Pseudocientífico
",11264,11264,99,"Relájate con Música Reiki: Libera Estrés, Activa la Melatonina y Purifica el Cuerpo","Relájate con Música Reiki: Libera Estrés, Activa la Melatonina y Purifica el Cuerpo

Sumérgete en una experiencia de paz y armonía con nuestra Música Reiki. 🌙 Esta melodía especial está diseñada para liberar el estrés, activar la melatonina y purificar tu cuerpo y mente, ayudándote a alcanzar un estado de calma profunda y bienestar integral. 🧘‍♂️

#curandotumente #432hz  #energía
-------------------------------------------------- ----------------
    🌿Bienvenidos a nueva música relajante en vivo en el canal Healing Your Mind
Podrás ajustar el volumen del vídeo y empezar a hacer lo que quieras como estudiar, trabajar, leer... o simplemente relajarte o dormir bien.

🎼 MISIÓN 🎵
Relajación y Meditación.
Meditaciones guiadas.
Relajaciones para dormir.
Calmar y controlar la ansiedad.
Conciliar el sueño y dormir mejor.
Para estudiar.
Sesiones de yoga, reiki, spa, masajes...
Haz las tareas.
Bienestar.

🌿 Si te encanta el programa y quieres escuchar música más relajante, no olvides darle me gusta.
🎬 Software de edición de vídeo: Adobe Premiere Pro CC.
🎬 Software de edición de vídeo: Adobe After Effects Pro CC
📷 Software de edición de fotografías: Photoshop CC
🎶 ¿Qué puedes encontrar en nuestro canal?

En nuestro canal podrás encontrar música relajante para: dormir, meditar, yoga, zen, spa, masajes, estudiar y concentrarse...

👉 Si te gusta la música de este vídeo, dale me gusta, suscríbete y compártelo con más amigos.

Muchas gracias por escuchar. ¡Disfruta de la música para relajarte, dormir, meditar y que tengas un día o una noche maravillosos!

¡No olvides suscribirte, darle me gusta y compartir mis videos si te gustan! ¡Que tenga un lindo día!
-------------------------------------------------- -----
►Todos los derechos pertenecen a sus respectivos dueños.
✔ Este video recibió una licencia especial directamente de los artistas y titulares de derechos.",es,False,False,,
JaoU8Jbz-SQ,['Patreon - https://patreon.com/chilibasmr'],1,Reiki,"Pseudocientífico
",2157,2157,314,[ASMR] Sleep Inducing Kinesiology & Reiki session for Cold Winter Energy,"In today's ASMR pampering session I give Jeremy some more kinesiology testing and reiki to clear out cold winter energy he's been feeling lately. Hopefully you find it as relaxing as he and Chili did! Click more for a fun fact about us! 

Fun Fact # 27 — If you stayed til the end you can see a video I took of Myrtle the Turtle! She’s a resident at the Boston aquarium where I just visited and I love her. 

0:00 - intro card
0:05 - kinesiology
11:00 - reiki 

____________~~~~~____________~~~~~____________~~~~~____________
Get in touch! 
Business inquiries: chilib@algebramedia.com
Personal inquiries - chilibasmr@gmail.com

Ways to support the channel —
Patreon - https://patreon.com/chilibasmr

Brand links we love (and affiliate for): 
What we sleep with: Manta Mask - https://bit.ly/3B8HivZ

Want to start your own channel? Here's the equipment we use:
Microphone - https://amzn.to/2Vu8WnZ
Point and shoot camera - https://amzn.to/3zmF2BB
i-phone (camera) - https://amzn.to/3mRcATs
Lights - https://amzn.to/3FSEhTw
I-phone tripod - https://amzn.to/3qIjEmr
Camera tripod - https://amzn.to/3JBv0S2

*Disclaimer: We are not professional doctors, security or any other role we play in these videos. This video is for relaxation purposes only. Do not take any medical advice from this content.",en,False,False,,
2k1PLQPAgg8,[],0,Reiki,"Pseudocientífico
",1843,1843,249,Full Body Reiki Healing with Energized Crystals & Cord Cutting [ASMR roleplay],"We welcome back Lindsey for a full body healing session and card reading. I have a ""hard time"" breaking into her aura at first, but we get there! Subscribe for more!

This real person ASMR channel hosts videos featuring models, actors and viewers like you! Looking for our Jeremy videos? Here's our other ASMR channel: https://www.youtube.com/chilibasmr

And to apply to be on the channel fill out this link: https://forms.gle/CoXjJcfouv68eb7z6

*Disclaimer* This channel is roleplay only. I do not have professional experience in any roleplays performed on the channel. I am not a medical professional and cannot provide advice on medical issues. 

#asmr #chilibasmr #relaxing",en,False,False,,
55kKl0Ly8f4,"['anxiety', 'Melatonin']",2,Reiki,"Pseudocientífico
",11170,11170,122,"Música Reiki | Elimina Estrés, Liberación de Melatonina y Toxinas | Calmar la mente y el alma #20","Música Reiki | Elimina Estrés, Liberación de Melatonina y Toxinas | Calmar la mente y el alma #20

Bienvenidos a una nueva transmisión en vivo de música relajante en el canal Healing Your Mind. Puedes dejar el vídeo a bajo volumen y empezar a realizar cualquier tarea como estudiar, trabajar, leer... o simplemente relajarte o dormir tranquilamente.

Si te gustó el show en vivo y quieres contenido musical más relajante no olvides darle me gusta.
#curandotumente #chakra #energía
-------------------------------------------------- ----------------
    🌿Bienvenidos a nueva música relajante en vivo en el canal Healing Your Mind
Podrás ajustar el volumen del vídeo y empezar a hacer lo que quieras como estudiar, trabajar, leer... o simplemente relajarte o dormir bien.

🎼 MISIÓN 🎵
Relajación y Meditación.
Meditaciones guiadas.
Relajaciones para dormir.
Calmar y controlar la ansiedad.
Conciliar el sueño y dormir mejor.
Para estudiar.
Sesiones de yoga, reiki, spa, masajes...
Haz las tareas.
Bienestar.

🌿 Si te encanta el programa y quieres escuchar música más relajante, no olvides darle me gusta.
🎬 Software de edición de vídeo: Adobe Premiere Pro CC.
🎬 Software de edición de vídeo: Adobe After Effects Pro CC
📷 Software de edición de fotografías: Photoshop CC
🎶 ¿Qué puedes encontrar en nuestro canal?

En nuestro canal podrás encontrar música relajante para: dormir, meditar, yoga, zen, spa, masajes, estudiar y concentrarse...

👉 Si te gusta la música de este vídeo, dale me gusta, suscríbete y compártelo con más amigos.

Muchas gracias por escuchar. ¡Disfruta de la música para relajarte, dormir, meditar y que tengas un día o una noche maravillosos!

¡No olvides suscribirte, darle me gusta y compartir mis videos si te gustan! ¡Que tenga un lindo día!
-------------------------------------------------- -----
►Todos los derechos pertenecen a sus respectivos dueños.
✔ Este video recibió una licencia especial directamente de los artistas y titulares de derechos.",es,False,False,,
I-ewFbi9Vss,[],0,Reiki,"Pseudocientífico
",692,692,380,ASMR | Oración a los angeles y sesión express de reiki 💗,"Buenas noches querida comunidad!!!
Volvió nonita!!!!! con su librito de angeles y muchos susurros... 
Es un vídeo corto pero sepan entender que a veces es difícil hacerlos más largos. Ella nos ayuda con mucho amor! 

Si te gustó déjanos un comentario...
Y si no te has suscrito, es la mejor manera de ayudarnos.
Los queremos mucho! 

a dormir....
SOMOS INDAH",es,False,False,,
e1KcdZ1pdw0,['Patreon - https://patreon.com/chilibasmr'],1,Reiki,"Pseudocientífico
",2079,2079,318,35-Minute Reiki Healing Session | Feather Sweeping & Gemstone Massage for Clarity [ASMR],"After some traveling, family visiting, and illness Jeremy needs a little reiki healing pick-me-up. I use gemstones, feather sweeping, plucking and more to reset his mind and introduce some clarity. Click more for a fun fact about us! 

Fun Fact # 1 — we're resetting our fun facts the way I'm resetting Jeremy here. As Hilary Duff would say, let's go bacccckkk, back to the beginningggg! 

____________~~~~~____________~~~~~____________~~~~~____________
Get in touch! 
Business inquiries: chilib@algebramedia.com
Personal inquiries - chilibasmr@gmail.com

Ways to support the channel —
Patreon - https://patreon.com/chilibasmr

Brand links we love (and affiliate for): 
What we sleep with: Manta Mask - https://bit.ly/3B8HivZ
Weighted blanket we love: Luxome - https://bit.ly/3yKDClG

Want to start your own channel? Here's the equipment we use:
Microphone - https://amzn.to/2Vu8WnZ
Point and shoot camera - https://amzn.to/3zmF2BB
i-phone (camera) - https://amzn.to/3mRcATs
Lights - https://amzn.to/3FSEhTw
I-phone tripod - https://amzn.to/3qIjEmr
Camera tripod - https://amzn.to/3JBv0S2

*Disclaimer: We are not professional doctors, security or any other role we play in these videos. This video is for relaxation purposes only. Do not take any medical advice from this content.

0:00 - intro card
0:05 - session start 
0:45 - sensing with the grounding stone 
3:16 - sweeping energy with hands 
7:23 - plucking with tool 
9:21 - amethyst crystal healing 
13:32 - sweeping with feather 
17:52 - wooden block sounds 
20:30 - reassessing with hands, grounding 
21:13 - moving to back
21:50 - sweeping on back
22:46 - gemstone rubbing on head
26:30 - charging hands with positive energy hehe
27:00 - placing gem bags 
28:16 - gemstone wands on head 
30:45 - feather sweeping on head
32:08 - gem wand work 
33:35 - removing gem bags and grounding",en,False,False,,
91xDwwjcqsE,[],0,Reiki,"Pseudocientífico
",1912,1912,2033,Reiki master meets Jesus,"Liz was a Reiki Master healer and sold training courses through her website. In this video she tells how she meets Jesus and experiences real healing for the first time in her life.

Are you into reiki, new age, crystal healing, magnet therapym, energy healing, spirit guides, holistic therapies, chakra balancing, acupuncture, kinesiology, aura cleansing, colour therapy or shamanism? YOU HAVE GOT TO SEE THIS! It includes deliverances from demons, supernatural healing and the true message of Jesus.

More info: http://www.thelastreformation.com
The Pioneer School: http://www.thelastreformation.com/the-pioneer-school

How is Liz doing now? Listen to an update here (starting at around 30min):
http://www.blogtalkradio.com/tribulation-now/2016/04/19/reiki-master-meets-jesus-with-sister-liz-dallas-chapman

Also Liz is sharing the Gospel with other people herself: https://www.youtube.com/watch?v=aGCuDlMqm2A

Help us caption & translate this video!

http://amara.org/v/Gpqu/",en,False,False,,
z8_wZcouJks,[],0,Reiki,"Pseudocientífico
",1743,1743,249,30-Minute Full Emotional and Physical Reiki Reset {ASMR},"In this ASMR reiki episode I give Amber a full emotional (and partial physical) reset to deal with some major changes her energy is going through. Featuring: gem wands, plucking, sweeping, gemstones, feather and more! Subscribe for more relaxing ASMR content for sleep. 

This real person ASMR channel hosts videos featuring models, actors and viewers like you! Looking for our Jeremy videos? Here's our other ASMR channel: https://www.youtube.com/chilibasmr

And to apply to be on the channel fill out this link: https://forms.gle/CoXjJcfouv68eb7z6

*Disclaimer* This channel is roleplay only. I do not have professional experience in any roleplays performed on the channel. I am not a medical professional and cannot provide advice on medical issues. 

#asmr #chilibasmr #relaxing",en,False,False,,
oeW0CSYitdg,"['anxiety', 'Smoke', 'Depression', 'depression']",4,Reiki,"Pseudocientífico
",2685,2685,399,"ASMR Reiki Healing for Depression (Smoke Cleanse, Body Scan, Tarot Reading, Rain Sounds)","This video is for anyone who is struggling with depression at the moment. I hope it offers your comfort and assistance during this difficult time. My apologies for the blurry focus. I will invest in a monitor from now on so this stops happening. 😔 I'm sending you so much love and healing light. Hope you enjoy ❤️

If you need support with your depression, visit: https://www.mentalhelp.net/depression/hotline/

A list of international helplines: https://togetherweare-strong.tumblr.com/helpline

Work with me → https://ediyasmr.com
‣ Learn shadow work, release repressed energy and work with the subconscious

Join my Patreon → https://patreon.com/ediyasmr 

Email → hello@ediyasmr.com
Instagram → https://www.instagram.com/ediyasmr/

Facebook → https://www.facebook.com/the.intuitiv...
Insight Timer → https://insighttimer.com/ediya.daulet
TikTok → https://www.tiktok.com/@ediya.daulet?...

Donations → https://www.paypal.com/cgi-bin/webscr...

DISCLAIMERS
**Medical Disclaimer: I am not a healthcare professional. This video is created for relaxation, entertainment and ASMR/tingles inducing purposes only. For more information about ASMR phenomenon please click here: 
https://en.wikipedia.org/wiki/Autonom...

This video cannot replace any medication or professional treatment. If you have any health conditions please consult your health-care provider.",en,False,False,,
eSPm3ehgnjA,"['Selenite', 'anxiety']",2,Reiki,"Pseudocientífico
",1801,1801,322,"ASMR Reiki for Overthinking (Hand Movements, Crystals, Singing Bowl, Tarot Reading, Rain Sounds)","Hey guys! I got some requests to do a video on the subject of overthinking and worrying so here it is. I hope it helps you ease your worries and find some peace as you drift off into sleep. Much love, Ediya 💛

0:00 Intro
1:30 Singing Bowl
4:12 Selenite Crystal Cleanse
8:45 Hand Movements
14:12 Tarot Reading
20:10 Singing Bowl

Work with me → https://ediyasmr.com
‣ Learn shadow work, release repressed energy and work with the subconscious

Join my Patreon → https://patreon.com/ediyasmr 

Email → hello@ediyasmr.com
Instagram → https://www.instagram.com/ediyasmr/

Facebook → https://www.facebook.com/the.intuitiv...
Insight Timer → https://insighttimer.com/ediya.daulet
TikTok → https://www.tiktok.com/@ediya.daulet?...

Donations → https://www.paypal.com/cgi-bin/webscr...

DISCLAIMERS
**Medical Disclaimer: I am not a healthcare professional. This video is created for relaxation, entertainment and ASMR/tingles inducing purposes only. For more information about ASMR phenomenon please click here: 
https://en.wikipedia.org/wiki/Autonom...

This video cannot replace any medication or professional treatment. If you have any health conditions please consult your health-care provider.",en,False,False,,
X0K5zevIftA,"['asmr aura', 'anxiety', 'Anxiety attacks', 'Anxiety']",4,Reiki,"Pseudocientífico
",3447,3447,513,"ASMR Reiki for Anxiety, Negative Energy Removal, Aura Cleansing & Crystal Healing","Tonight I will give you a very special reiki asmr session for anxiety relief. Clearing the negative energies in your aura and a very special sleep therapy are also included in this session!

Anxiety attacks are a serious and disturbing problem that I sometimes have to contend with. When this happens, I usually look for various ways to calm myself and refocus. And ASMR videos are very helpful for this. That's why I wanted to prepare a special session that I believe will help you to solve this problem. At least I think you'll feel much better.

I will start the session with a very special negative energy pulling, where I will cut the cords with my imaginary scissors. Meanwhile, you can hear some layered sounds and ASMR trigger sounds coming out of my mouth. Don't worry, everything is under control! This is actually a special technique that I have done to remove the anxious thoughts that have accumulated in your mind. Of course this is just an experiment.

In the face brushing part, I will use a very special technique to clean the negative energy particles that accumulate in your facial aura after the energy cut. You'll really feel those brushstrokes on your face with layered sounds. This has been a new trigger for me.

After the brushing part, I will continue to cut their energy using real scissors. I know very well what a triggering asmr content the scissors sounds are. Because it is also among my favourites. I hope you enjoy watching it too!

I tried another new trigger while doing crystal healing. Cleaning the crystal with healing water and pulling the energy from the crystal with my hand and throwing it into your aura! I have to admit that it created a very realistic and relaxing effect while watching it. I hope you will like it too!

A relaxing atmosphere and fireplace sounds will be waiting for you in sleep therapy. So you will be able to have a great sleep because your anxiety attack is gone.

Yes, that's all! I hope you are feeling better now. Because I love you so much, my special friend. Please take care of yourself!

DISCLAIMERS ***

This video is created for relaxation, entertainment and ASMR inducing purposes only. 

I am not a Reiki master or healer and I am not a healthcare professional. So, this video cannot replace any medication or professional treatment.

Timestamps:

00:00 Preview
00:56 Energy pulling & Cord cutting
10:37 Anxiety plucking
16:58 Face brushing for aura cleansing
22:40 Negative energy cutting
33:26 Crystal healing
44:19 Relaxing hand movements
52:41 Sleep therapy

#asmr #reiki #anxiety",en,False,False,,
HrKmzqzWcSY,"['selenite', 'Selenite', 'Smoke', 'anxiety']",4,Reiki,"Pseudocientífico
",1818,1818,258,"asmr reiki for sleep | sage cleanse, selenite cleanse, hand movements (rain sounds)","My apologies for the in and out focus. If it bothers you, please click on another video of mine 🙏🏻 This was actually a retry after I messed up the audio on the original video for this week. (If you'd like to see what was salvageable from that transmission, visit my patreon). I was really close to just giving up on posting this week and deleting both footage. But here we are, I tried working with what I had in hopes that it benefits at least one of you. So I hope you enjoy. Maybe this can be more of a listening experience rather than a visual one 🙂

0:00 Sage Smoke Cleanse
3:41 Intro + Hand Movements
5:52 Drawing Reiki Symbols
7:00 Selenite Cleanse + Body Scan
13:27 Receive Light + Hand Movements
22:00 Sleep Countdown

Work with me → https://ediyasmr.com
‣ Learn shadow work, release repressed energy and work with the subconscious

Join my Patreon → https://patreon.com/ediyasmr 

Email → hello@ediyasmr.com
Instagram → https://www.instagram.com/ediyasmr/

Facebook → https://www.facebook.com/the.intuitiv...
Insight Timer → https://insighttimer.com/ediya.daulet
TikTok → https://www.tiktok.com/@ediya.daulet?...

Donations → https://www.paypal.com/cgi-bin/webscr...

DISCLAIMERS
**Medical Disclaimer: I am not a healthcare professional. This video is created for relaxation, entertainment and ASMR/tingles inducing purposes only. For more information about ASMR phenomenon please click here: 
https://en.wikipedia.org/wiki/Autonom...

This video cannot replace any medication or professional treatment. If you have any health conditions please consult your health-care provider.",en,False,False,,
9rRKGzsqBI0,[],0,Reiki,"Pseudocientífico
",1929,1929,315,[ASMR] Reiki for Removal of Negative Energy & Self Doubt,"Shop Dossier's November Black Friday Sales Start now - up to 50% https://dossier.co/ #DossierPerfume @dossierperfumes 

*Disclaimer* This channel is roleplay only. I do not have professional experience in any roleplays performed on the channel. I am not a medical professional and cannot provide advice on medical issues. 

Tova is back and it's time to clear off some of her negative energy and self doubt. I use the gem wands, healing crystals, sound healing and more. Subscribe for more!

This real person ASMR channel hosts videos featuring models, actors and viewers like you! Looking for our Jeremy videos? Here's our other ASMR channel: https://www.youtube.com/chilibasmr

And to apply to be on the channel fill out this link: https://forms.gle/CoXjJcfouv68eb7z6



#asmr #chilibasmr #relaxing",en,False,False,,
L-mRknK3xNg,"['Selenite', 'anxiety']",2,Reiki,"Pseudocientífico
",2014,2014,412,"ASMR Reiki for Sleep | Raise Your Vibration (Crystal Healing, Hand Movements, Body Scan, Rain Sound)","Hey guys, in this video I will be giving you a reiki energy healing session to help you raise your vibrations. The main thing I wanted to share in this video is to help you reframe what it means to raise your vibrations. Often times, we work on ""raising our vibrations"" because we think we are not enough as is. So we get into the mindset that we must do more, be more positive, and strive towards a higher vibration but the truth is that only drags your vibrations down. What if you don't actually need to DO anything because you naturally vibrate at a high frequency? Meaning if you just stopped doing, resisting and thinking you're not enough, you would rise back up to your natural vibration.  That is what we explore in this reiki session.

0:00 Intro
1:09 Candles (Selenite + Purple Agate Candle Holders)
5:55 Body Scan (to release physical resistance)
14:00 Selenite Cleanse (to release mental + energetic resistance)
21:17 Receive Light + Positive Affirmations
28:20 Hypnotic Sleep Countdown 

Work with me → https://ediyasmr.com
‣ Learn shadow work, release repressed energy and work with the subconscious

Join my Patreon → https://patreon.com/ediyasmr 

Email → hello@ediyasmr.com
Instagram → https://www.instagram.com/ediyasmr/

Facebook → https://www.facebook.com/the.intuitiv...
Insight Timer → https://insighttimer.com/ediya.daulet
TikTok → https://www.tiktok.com/@ediya.daulet?...

Donations → https://www.paypal.com/cgi-bin/webscr...

DISCLAIMERS
**Medical Disclaimer: I am not a healthcare professional. This video is created for relaxation, entertainment and ASMR/tingles inducing purposes only. For more information about ASMR phenomenon please click here: 
https://en.wikipedia.org/wiki/Autonom...

This video cannot replace any medication or professional treatment. If you have any health conditions please consult your health-care provider.",en,False,False,,
ZVetGjasDdw,"['insomnia', 'asmr headache', 'migraine', 'headaches', 'headache', 'anxiety', 'hand movements', 'melatonin']",8,Reiki,"Pseudocientífico
",5995,5995,412,ASMR Reiki for headache relief with sleep music and delta waves,"Today I prepared a special ASMR reiki session for people who suffering from headaches. With special healing sleep music and delta waves, a very relaxing forehead massage and layered sounds will be waiting for you.

Today, I wanted to do a relaxing forehead massage, which I believe is very good for headaches, to make the reiki content different. From the beginning of your session, you will hear the completely healing sleep music in the background. And you will hear delta waves every few minutes. But don't worry, from the second part of the video to the end, you will only listen to these delta waves and healing tunes.

Now let me tell you a little about delta waves.

Listening to delta waves can offer several benefits for your overall well-being. Delta waves are associated with deep, restorative sleep and relaxation, making them a powerful tool for improving sleep quality and combating insomnia. They promote the release of important hormones like melatonin, aiding in regulating your sleep-wake cycle. Beyond sleep, delta waves can induce a profound sense of calm and tranquility, reducing stress and anxiety.

By incorporating delta wave listening into your daily routine, you can harness these advantages to foster better sleep, relaxation, and overall mental and emotional well-being.

Especially when you need to rest the mind before sleep or focus on a work, such content is extremely effective for me. Hope it works for you too!

Thank you for being here and attending this special session. Stay healthy, my special friend!

Notice: The following video includes ASMR (Autonomous Sensory Meridian Response) material, intended to evoke feelings of relaxation or tingling in certain viewers.

Kindly note that I am neither a Reiki expert nor a healer, and my expertise does not extend to healthcare. As such, please be aware that this video is in no way a substitute for medical treatment or professional therapy.

Timestamps:

00:00 Best moments
00:42 Healing water for headache
05:22 Forehead massage
16:00 Cutting off painful energy
19:24 Reiki symbols
24:01 Forehead massage
31:18 Massage with brushes
39:00 Healing reiki symbols and hand movements

#asmr #reiki #headache #sleep #deltawaves",en,False,False,,
OxJXSjBenFs,[],0,Reiki,"Pseudocientífico
",29288,29288,750,"528Hz ARCTURIAN ENERGY • HEAL BODY, MIND & SOUL • SPIRITUAL CONNECTION • REIKI","528Hz ARCTURIAN ENERGY • HEAL BODY, MIND & SOUL • SPIRITUAL CONNECTION • REIKI

Hello! Welcome to our channel of Reiki and Meditation Music: Star Way Healing.

Become a member of our channel, it's a way to say thank you and be part of our meditative community!
https://www.youtube.com/channel/UCdjO7cf5visla1WQJWCVCQQ/join

The purpose of this channel is to be a source of music for many different objectives:
Sleep, Yoga, Relaxing, Massages, Focus, Meditation, Zen, Prayer, Study, Concentration, Reiki...

Many of the songs are channeled and have different frequencies, a lot of videos also have Reiki energy.

While our songs can be enjoyed with headphones, it's totally up to you how you listen. Choose whatever feels most comfortable for you. Enjoy the music your way! 

This channel is a source of positive energy, love and light. Disrespectful comments won't be allowed!

If you enjoyed this video please subscribe to our channel, hit the like button and the notification bell for more meditation music.

Thank you! 💜

Instagram:
https://www.instagram.com/starwayhealing

Twitter:
https://twitter.com/StarWayHealing

Buy Me a Coffee:
https://www.buymeacoffee.com/starwayhealing

Facebook:
https://www.facebook.com/profile.php?id=61556079720961

Disclaimer: 
Kindly be aware that the videos featured on this channel do not purport to perform miracles, cures or guarantee specific outcomes. 
While the videos and songs may benefit many individuals, it's crucial to understand that they might not be suitable for everyone. 
Therefore, it's important to underscore that no promises, guarantees, or representations are made regarding the attainment of cures or financial gains through the use of any of the videos.
Your decision to engage with any of the content provided should be made with your own diligence. By using any information or content from this channel, you acknowledge that I bear no responsibility for your success or failure.
The videos and songs here are not a substitute for professional medical treatment. They are for educational purposes only and do not guarantee any specific outcomes. 
Always consult with a qualified healthcare provider for personalized medical advice and treatment.
Please do not operate any type of machinery while listening to the songs.

Use the channel's content with responsability!

The video and song have licenses directly from the rights holders.

Please note: This audio is intended for personal use only. Any form of copying, downloading, re-uploading, sampling, or synchronization is strictly prohibited and may negatively impact the quality of the sound and the frequencies.

Copyright ⓒ 2023 Star Way Healing™. All rights reserved

#meditation #meditationmusic #starwayhealing #reiki #relaxingmusic #sleepmusic #sleep #relaxing",en,True,True,2024-04-08T00:00:06Z,2024-04-08T08:10:13Z
l1IDgu95_0g,[],0,Reiki,"Pseudocientífico
",,,,,,,False,False,,
wir04g-47Gs,"['Pain', 'asmr pain', 'pain']",3,Reiki,"Pseudocientífico
",1901,1901,273,"ASMR Hypnotic Reiki | Listening to the Body for Pain Relief (Mindfulness, Hypnosis)","Work with me: https://ediyasmr.com
→ Learn shadow work, release repressed energy and deepen self-awareness

Join my Patreon community: https://patreon.com/ediyasmr 

If you want to support me 
https://www.paypal.com/cgi-bin/webscr...

Instagram: https://www.instagram.com/ediyasmr/
Facebook: https://www.facebook.com/the.intuitiv...
Insight Timer: https://insighttimer.com/ediya.daulet
TikTok: https://www.tiktok.com/@ediya.daulet?...
Email: hello@ediyasmr.com

DISCLAIMERS
**Medical Disclaimer: I am not a healthcare professional. This video is created for relaxation, entertainment and ASMR/tingles inducing purposes only. For more information about ASMR phenomenon please click here: 
https://en.wikipedia.org/wiki/Autonom...

This video cannot replace any medication or professional treatment. If you have any health conditions please consult your health-care provider.",en,False,False,,
bLi6Rgs7z_Y,[],0,Reiki,"Pseudocientífico
",254,254,507,रेकी हीलिंग करने और करवाने के ख़तरे | Hidden Risks of Reiki and Energy Healing | Sadhguru Hindi,"सद्गुरु ऊर्जा चिकित्साओं जैसे, रेकी, के सूक्ष्म पहलुओं पर चर्चा कर रहे हैं, और कैसे इस तरह की पद्धतियों को करना और करवाना, खतरनाक हो सकता है। 

#reiki #energy #health #healing #spirituality #viral #trending #hindi #sadhguru 

English Video : https://youtu.be/OQS0e3RjAJI

एक योगी, युगदृष्टा, मानवतावादी, सद्‌गुरु एक आधुनिक गुरु हैं, जिनको योग के प्राचीन विज्ञान पर पूर्ण अधिकार है। विश्व शांति और खुशहाली की दिशा में निरंतर काम कर रहे सद्‌गुरु के रूपांतरणकारी कार्यक्रमों से दुनिया के करोडों लोगों को एक नई दिशा मिली है। दुनिया भर में लाखों लोगों को आनंद के मार्ग में दीक्षित किया गया है। 

सद्‌गुरु एप्प डाउनलोड करें 📲
http://onelink.to/sadhguru__app

ईशा फाउंडेशन हिंदी ब्लॉग
http://isha.sadhguru.org/hindi

सद्‌गुरु का ओफ़िशिअल हिंदी फेसबुक चैनल
http://www.facebook.com/SadhguruHindi

सद्‌गुरु का ओफ़िशिअल हिंदी Telegram ग्रुप जॉइन करें 
https://t.me/joinchat/Md1ldBSkRhCIANVu80OSDA

सद्‌गुरु का नि:शुल्क ध्यान ईशा क्रिया सीखने के लिए:
http://hindi.ishakriya.com",hi,False,False,,
Tl7OrIw8lt4,"['anxiety', 'https://bit.ly/2ZhUKgV']",2,Reiki,"Pseudocientífico
",42898,42898,79,"528 Hz - Whole Body Regeneration | Emotional & Physical Healing, Top Healing Music Therapy","528 Hz - Whole Body Regeneration | Emotional & Physical Healing, Top Healing Music Therapy
The frequency of 528Hz helps to restore and transform our DNA, heal our DNA and increase our life energy level, help us to clear our mind, increase our awareness, create and open us to experience. deeper spiritual experience. When using this frequency with clear intention such as relaxation, meditation, concentration work, study, etc., this frequency can bring about miracles.

Solfeggio 528Hz frequency, also known as love frequency, magic tune, DNA repair frequency, transform frequency is known for its powerful transformative effect on human body as it helps to give back Human DNA is in its original, perfect state, and that is the benefit of an energy boost.
#sleepmusic #deepsleep #528Hz
🌙 Follow Helios Record for a new release every week:
➤ Spotify: https://spoti.fi/2OgiA6M
➤ SoundCloud: https://bit.ly/1V3lGKg
➤Youtube: https://bit.ly/2BQ5Y3D
➤ Instagram: https://bit.ly/2Zjztnc
➤ Facebook: https://bit.ly/2ZhUKgV

🌿 For long hours, beautiful relaxation music, piano music for meditation, piano music for stress relief, check out our Youtube playlist:
https://www.youtube.com/playlist?list...
-------------------------------------------------- -----

►All rights belong to their respective owners.
✔ This video was given a special license directly from the artists and the right holders.""
♡ 🌞 For contact and submit music: relax@wondermusic.us",en,True,True,2022-11-27T15:06:28Z,2022-11-28T04:08:29Z
7X8DUbbh1B4,[],0,Reiki,"Pseudocientífico
",1939,1939,186,[ASMR] Deep Sleep Light & Crystal Healing Reiki Roleplay,"Click here https://bit.ly/49YQ6qo to take the quiz and use my code CHILLWITHME for 50% off subscription items in your first order from Care/of. Care/of works hard to recommend supplements based on scientific research and your personal goals.

*As a friendly reminder, supplements aren’t intended to diagnose, treat, cure, or prevent any disease.

In today's session, Claudia receives a 30-minute deep clearing that lulled her into a sense of peace and calm. Subscribe for more!

This real person ASMR channel hosts videos featuring models, actors and viewers like you! Looking for our Jeremy videos? Here's our other ASMR channel: https://www.youtube.com/chilibasmr

And to apply to be on the channel fill out this link: https://forms.gle/CoXjJcfouv68eb7z6

*Disclaimer* This channel is roleplay only. I do not have professional experience in any roleplays performed on the channel. I am not a medical professional and cannot provide advice on medical issues. 

#asmr #chilibasmr #relaxing 

**Trigger timestamps**

0:00 - intro card 
0:06 - care/of
1:30 - session start 
2:37 - initial energy sensing 
3:23 - sensing stone 
4:09 - applying bracelets 
4:20 - lighting a candle/smoke clearing
5:43 - energy moving with hands 
7:26 - pressure point tool
8:49 - energy moving with hands 
10:41 - feather sweeping 
12:33 - wooden bead sound work
14:41 - gemstone clicking 
16:23 - light energy 
18:26 - reassessing energy
19:37 - dry flower sweeping
 21:07 - salt stone 
22:57 - head massage
24:24 - gemstone wands 
25:57 - tuning forks
29:25 - essential oils 
29:57 - candle sweeping/grounding",en,False,False,,
7FXQcZJw_1Y,[],0,Reiki,"Pseudocientífico
",3638,3638,282,Reiki Music for Focus & Mental Clarity 🔔 Bell Every 2 Minutes,"Feeling distracted, mentally overloaded, or unfocused?
This Reiki music for focus and mental clarity, with a bell every 2 minutes, is designed to help you calm the mind, stabilize your energy, and sustain gentle concentration.

Each soft bell acts as a subtle anchor, supporting awareness without breaking your flow. The 2-minute bell rhythm is ideal for Reiki sessions, meditation, mindful work, studying, or any activity that requires relaxed but steady focus.

This soundscape supports:
• Mental clarity and sustained concentration
• Energy balance and grounding
• Reiki self-healing sessions
• Mindfulness and meditation
• Conscious work, study, or creative focus

✨ Important: This music is NOT AI-generated.
It is fully composed by me with intention and care, created to naturally resonate with the body’s energy field and support authentic healing and focus.

Allow this session to help you settle your thoughts, align your energy, and enter a calm, focused state—one breath, one bell, one moment at a time.

🔗 SUPPORT & STREAMING

👉 Donations: https://ko-fi.com/musicadelinterior
🎧 Bandcamp: https://musicadelinterior.bandcamp.com/music
🎧 Spotify: https://open.spotify.com/artist/1BxmShpNEMEcRbdFbbgEda
🎧 Apple Music: https://music.apple.com/artist/musica-del-interior/1733536857
🎧 Deezer: https://www.deezer.com/artist/256441372


ABOUT THIS VIDEO:
Copyright © Musica del Interior

#ReikiMusic #DeepFocus #MentalClarity #SoundHealing",en,False,False,,
N3GRffgS1R4,[],0,Reiki,"Pseudocientífico
",36610,36610,445,"963Hz Clear Ancestral Karma, Subconscious Blockages & Self-limiting Beliefs • Reiki","963Hz Clear Ancestral Karma, Subconscious Blockages & Self-limiting Beliefs • Reiki

Hello! Welcome to our channel of Reiki and Meditation Music: Star Way Healing.

Become a member of our channel, it's a way to say thank you and be part of our meditative community!
https://www.youtube.com/channel/UCdjO7cf5visla1WQJWCVCQQ/join

The purpose of this channel is to be a source of music for many different objectives:
Sleep, Yoga, Relaxing, Massages, Focus, Meditation, Zen, Prayer, Study, Concentration, Reiki...

Many of the songs are channeled and have specific frequencies, a lot of videos also have Reiki energy.

The word ""Reiki"" is derived from two Japanese words: ""rei,"" which means universal, and ""ki,"" which means life energy or vital force. Thus, Reiki can be translated as ""universal life energy.""

To connect with the Reiki Energy, receptivity is key. One may engage in various activities such as meditation, relaxation, or even performing daily chores while listening or watching the videos.

It's important to remember that the true power to create positive changes in your life resides solely within the depths of your mind and the unwavering strength of your faith.

While our songs can be enjoyed with headphones, it's totally up to you how you listen. Choose whatever feels most comfortable for you. Enjoy the music your way! 

This channel is a source of positive energy, love and light. Disrespectful comments won't be allowed!

If you enjoyed this video please subscribe to our channel, hit the like button and the notification bell for more meditation music.

Thank you! 💜

Instagram:
https://www.instagram.com/starwayhealing

Twitter:
https://twitter.com/StarWayHealing

Buy Me a Coffee:
https://www.buymeacoffee.com/starwayhealing

Facebook:
https://www.facebook.com/profile.php?id=61556079720961

Disclaimer: 
Kindly be aware that the videos featured on this channel do not purport to perform miracles, cures or guarantee any specific outcomes. 
While the videos and songs may benefit many individuals, it's crucial to understand that they might not be suitable for everyone. 
It's important to remember that the true power to create positive changes in your life resides solely within the depths of your mind and the unwavering strength of your faith.
Therefore, it's important to underscore that no promises, guarantees, or representations are made regarding the attainment of cures or financial gains through the use of any of the videos.
Your decision to engage with any of the content provided should be made with your own diligence. By using any information or content from this channel, you acknowledge that I bear no responsibility for your success or failure.
The videos and songs here are not a substitute for professional medical treatment. They are for educational purposes only and do not guarantee any specific outcomes. 
Always consult with a qualified healthcare provider for personalized medical advice and treatment.
Please do not operate any type of machinery while listening to the songs.

Use the channel's content with responsability!

The video and song have licenses directly from the rights holders.

Please note: This video is intended for personal use only. Any form of copying, downloading, re-uploading, sampling, or synchronization is strictly prohibited and may negatively impact the quality of the sound and the frequencies.

Copyright ⓒ 2023 Star Way Healing™. All rights reserved

#meditation #meditationmusic #starwayhealing #reiki #relaxingmusic #sleepmusic #sleep #relaxing",en,True,True,2024-04-29T00:00:07Z,2024-04-29T10:12:16Z
BxjyBF41RKo,"['Smoke', 'terrors']",2,Reiki,"Pseudocientífico
",2688,2688,312,"ASMR Reiki for Nightmares | All about Dreams (Hand Movements, Singing Bowl, Crystal Healing)","0:00 Intro
0:59 Smoke Cleanse: Sage and Cedar
5:45 Body Scan + Deep Breathing
11:13 Reiki Symbol + Hand Movements
13:46 Crystal Healing: Obsidian 
14:45 Understanding Dreams + Personal examples
24:40 Singing Bowl

As I was editing, I realized that there was actually so much more I wanted to go into with dreamwork and actual techniques I could've tried with you in the video. This is of course a huge topic so I guess we can leave it for another video, a part 2 maybe. I hope that this one nonetheless soothes and comforts you. I also hope it is able to empower you if you are currently suffering from nightmares and night terrors. Sending you love, Ediya 

“Dreams are impartial, spontaneous products of the unconscious psyche, outside the control of the will. They are pure nature; they show us the unvarnished, natural truth, and are therefore fitted, as nothing else is, to give us back an attitude that accords with our basic human nature when our consciousness has strayed too far from its foundations and run into an impasse.” - Carl Jung

Work with me → https://ediyasmr.com
‣ Learn shadow work, release repressed energy and work with the subconscious

Join my Patreon → https://patreon.com/ediyasmr 

Email → hello@ediyasmr.com
Instagram → https://www.instagram.com/ediyasmr/

Facebook → https://www.facebook.com/the.intuitiv...
Insight Timer → https://insighttimer.com/ediya.daulet
TikTok → https://www.tiktok.com/@ediya.daulet?...

Donations → https://www.paypal.com/cgi-bin/webscr...

DISCLAIMERS
**Medical Disclaimer: I am not a healthcare professional. This video is created for relaxation, entertainment and ASMR/tingles inducing purposes only. For more information about ASMR phenomenon please click here: 
https://en.wikipedia.org/wiki/Autonom...

This video cannot replace any medication or professional treatment. If you have any health conditions please consult your health-care provider.",en,False,False,,
bF6x7jsVuzY,[],0,Reiki,"Pseudocientífico
",,,,,,,False,False,,
lrkFrON3mCc,"['Panic', 'panic', 'anxiety']",3,Reiki,"Pseudocientífico
",2292,2292,367,"ASMR Reiki for Panic Attacks + Intense Emotions (Singing Bowl, Crystal Healing, Hand Movements)","The advice offered in this video all come from a trauma-informed Tantric perspective. It comes through having healed anxiety and panic attacks personally and with hundreds of clients. If this resonates and you would like further support, feel free to book a call with me and let's speak further on how I can help you!

Work with me → https://ediyasmr.com
‣ Learn shadow work, release repressed energy and work with the subconscious

Join my Patreon → https://patreon.com/ediyasmr 

Email → hello@ediyasmr.com
Instagram → https://www.instagram.com/ediyasmr/

Facebook → https://www.facebook.com/the.intuitiv...
Insight Timer → https://insighttimer.com/ediya.daulet
TikTok → https://www.tiktok.com/@ediya.daulet?...

Donations → https://www.paypal.com/cgi-bin/webscr...

DISCLAIMERS
**Medical Disclaimer: I am not a healthcare professional. This video is created for relaxation, entertainment and ASMR/tingles inducing purposes only. For more information about ASMR phenomenon please click here: 
https://en.wikipedia.org/wiki/Autonom...

This video cannot replace any medication or professional treatment. If you have any health conditions please consult your health-care provider.",en,False,False,,
nUkUGTMq8nk,[],0,Reiki,"Irrelevante
",2000,2000,309,[ASMR] 30-Minute Reiki Session Will Give You Heavy Eyes,"Subtitles available! Thank you to Evelyn for being a great energy to do ASMR roleplay on! Subscribe for more!

This real person ASMR channel hosts videos featuring models, actors and viewers like you! Looking for our Jeremy videos? Here's our other ASMR channel: https://www.youtube.com/chilibasmr

And to apply to be on the channel fill out this link: https://forms.gle/CoXjJcfouv68eb7z6

*Disclaimer* This channel is roleplay only. I do not have professional experience in any roleplays performed on the channel. I am not a medical professional and cannot provide advice on medical issues. 

#asmr #chilibasmr #relaxing",en,False,False,,
TsMLOEb_Fos,['anxiety'],1,Reiki,"Pseudocientífico
",42433,42433,763,"Reiki Music - After 6 Minutes, Even Ordinary Hands Will Gain The Most Powerful Healing Power #1","Reiki Music - After 6 Minutes, Even Ordinary Hands Will Gain The Most Powerful Healing Power #1

--------------------
Hello, this is ""Aura Melody"".
Step into the serene world of the this channel, where relaxation, peace, and imagination come together to create an oasis for the soul. Whether you seek deep contemplation, stress relief, or a portal to boundless creativity, this channel provides a wide range of content tailored to elevate your inner world.

The meditation music here is thoughtfully composed to guide you into states of deep tranquility. Soft, flowing melodies infused with nature’s most calming sounds—ocean waves, gentle rain, or rustling forests—help dissolve anxiety, freeing your mind from daily worries. Each note carries you closer to harmony, allowing you to fully embrace stillness and peace.
--------------------
All music is composed, arranged, and recorded by myself.
I will create and present music of all genres and various contents.
🌈Subscribers who have subscribed and 👍🏻liked 🔔set notifications. Thank you all.",en,False,False,,
3S5KmQutgRk,"['CBD', 'Patreon - https://patreon.com/chilibasmr']",2,Reiki,"Pseudocientífico
",1795,1795,200,[ASMR] Sleep Triggering Reiki Session for Healing Self Doubt on @xokatieASMR (Roleplay),"Get a free $45 jar of Deep Sleep from Medterra no subscriptions or catch, just pay shipping here: https://bit.ly/FreeMedterraFromChili 
Or if you prefer a CBD only gummy you can try Sleep Tight: https://bit.ly/FreeSleepTightFromChili

Today we welcome Katie for the first time. After this reiki healing she said 
""I've never experienced anything like that"" to which I replied ""that's because it's not real."" But it's still relaxing! 😂  Click more for a fun fact about us! 

Fun Fact #51 — On my never ending journey for a good bagel since moving out of NYC I can confirm the place I went to in LA this morning wasn’t it. 6.5/10. 

____________~~~~~____________~~~~~____________~~~~~____________
Get in touch! 
Business inquiries: chilib@algebramedia.com
Personal inquiries - chilibasmr@gmail.com

Ways to support the channel —
Patreon - https://patreon.com/chilibasmr

Brand links we love (and affiliate for): 
What we sleep with: Manta Mask - https://bit.ly/3B8HivZ

Want to start your own channel? Here's the equipment we use:
Microphone - https://amzn.to/2Vu8WnZ
Point and shoot camera - https://amzn.to/3zmF2BB
i-phone (camera) - https://amzn.to/3mRcATs
Lights - https://amzn.to/3FSEhTw
I-phone tripod - https://amzn.to/3qIjEmr
Camera tripod - https://amzn.to/3JBv0S2

*Disclaimer: We are not professional doctors, security or any other role we play in these videos. This video is for relaxation purposes only. Do not take any medical advice from this content.

0:00 - intro card
0:05 - sleep aid suggestion 
1:22 - reiki start",en,False,False,,
QKYEeiPCSDM,['CAMILA'],1,Reiki,"Pseudocientífico
",1747,1747,227,Camila & Erika Reiki Session with soft whispers and relaxing massage,"Camila performs a relaxing Reiki session on Erika, which will help her relieve and heal her energy.

                                                         * ENJOY IT, MANY BLESSINGS *
Do you like our content?
We invite you to subscribe here ➡️ https://bit.ly/3UJPwYy

If you want to be a member of our channel, you can join here ➡️ https://bit.ly/49btLVY  

Visit us on all our social networks, to be closer to us:
🔺Instagram:  https://www.instagram.com/ungerhoferalfred/
🔺Tiktok:  https://www.tiktok.com/@alfredungerhofer
🔺Facebook: https://www.facebook.com/profile.php?id=100011611510198 
🔺Camila💕:  https://instagram.com/camilaotavalo_/ 
🔺Erika 💜:   https://instagram.com/ekaortega/ 

Do you have comments? Or do you want to leave us your loving notes?
Below you can do it, we appreciate each of your comments, suggestions and observations; and we receive with great love all your notes of affection towards us ❤️✍️

If you liked the video, please help us with your like👍
And don't forget to activate the notification bell 🔔

If you need more information, or a consultation with any of our healers and masseuses, you can write to us at ➡️ alfred_susana@yahoo.com , we will always be happy to assist you.

Thank you very much for joining us!
We look forward to seeing you in our next video.❤️🙏

#asmr  #relax  #asmrsounds #cosquillas  #masajes  #asmrsusurros  #asmrmassage  #sonidosasmr  #sonidosparadormir  #asmrespañol  #relaxing  #cuerpo  #susurros  #asmrvideo #cabello  #cabelloasmr  #asmrtingles  #asmrtriggers  #asmrcommunity  #asmrsleep #masajeasmr  #hormigueo  #asmrparadormir  #asmrart  #asmrwhispering  #asmrrelaxing",en,False,False,,
Jx19oKMYGAQ,['Smoke'],1,Reiki,"Pseudocientífico
",2552,2552,154,ASMR Reiki | Solar Plexus Chakra Healing for Confidence & Developing a Healthy Ego w/Affirmations,"☯︎ work with me: https://ediyasmr.com 
☺︎ support my work:  https://www.patreon.com/ediyasmr

💌 contact me:
instagram: https://www.instagram.com/ediyasmr
tiktok: https://www.tiktok.com/@ediyasmr
email: hello@ediyasmr.com (for business inquiries only)

💌 faq:
what are you wearing? probably Indigo Luna. get 10% off by using the link https://indigoluna.store/?ref=hyujccli 
what deck are you using?
ethereal alchemy tarot & divine initiation oracle: https://valchemyart.com/?ref=scsbvtns
four noble tarot: use EDIYA20 for 20% off: https://francesnaude.com/shop/p/four-noble-tarot-cards-guidebook

0:00 Intro
1:24 Smoke Cleanse
8:26 Reiki Symbols
9:30 Hand Movements & identifying blockage
15:37 Crystals for Solar Plexus
16:32 Visualization for Power & Protection
25:23 Soothing Affirmations

DISCLAIMERS
**Medical Disclaimer: I am not a healthcare professional. This video is created for relaxation, entertainment and ASMR/tingles inducing purposes only. For more information about ASMR phenomenon please click here: 
https://en.wikipedia.org/wiki/Autonom...

This video cannot replace any medication or professional treatment. If you have any health conditions please consult your health-care provider.",en,True,True,2022-12-02T22:55:48Z,2022-12-02T23:40:17Z
mZMXRvQ1ing,"['TIP', 'pain']",2,Reiki,"Pseudocientífico
",1887,1887,583,Full Body Reiki Energy Healing | Energy Healing Meditation | Heal Your Body While You Sleep,"The healing energy I have encoded into this beautiful reiki healing journey connects you with Divine Source Energy while you are meditating, self-healing and yes, even if you fall asleep!

BUT, there's a catch … 

In order to receive MAXIMUM healing, it is EXTREMELY MORE POWERFUL when you lie down and participate in YOUR healing. 

True transformation happens when you make the EFFORT and I've made it super easy, in fact, it's not hard at all. You lie down, click a button, close your eyes and relax while I guide you to set an intention and receive the divine light being sent to your body. Then you need to be diligent in returning to this healing day after day for absolutely INCREDIBLE results to appear. 

Why do you need to commit to this daily? Because your issues are deeply rooted therefore it will take time to release, clear and fully heal. A one-off session will leave you feeling good but you won't get the results you are seeking. You need to come back again and again.

The perfect time for busy people is to come back right before falling asleep. As long as you set your intention before falling asleep you will still receive the full healing benefits during your sleep every single time!

Take a 30-day healing challenge. Come back here every day for 30 days and track your progress. Notice when the accumulative effects start to kick in and the transformation you are seeking BEGINS. You will then be thrilled that you took the time out of your busy day to connect and heal!

NOTE: The healing energy contained within this audio/video recording can transform you physically, mentally, emotionally and spiritually. The energies used are unique to me and are a combination of all the training I have received since the late nineties.

00:00 Introduction
00:24 Reiki Healing Meditation Begins
20:00 Healing with Music
28:50 Return to Room

🎉 Share this on your social media and with your loved ones! 
                 
♡  Beautiful soul, if this meditation shifted you in any way, you're welcome to leave a love offering to support the work that supports your healing. Your gift creates more magic... https://TheHealingCorridor.com/soul-expansion

.....................................
SACRED OFFERINGS
::::::::::::::::::::::::::::::::::::::::

✨ Your sacred vault of meditations, energy rituals and soul technology for deep self-healing... https://TheHealingCorridor.com
 

🛡️Cleansing & Protection...
https://thehealingcorridor.com/distant-energy-healing-cleansing-protection-session


🧹Negative Entity Removal...
https://thehealingcorridor.com/distant-energy-healing-negative-entity-removal-session


🔒Channel Membership... 
https://youtube.com/lisawhatley/join 


🔥Soul Infusion... 
https://TheHealingCorridor.com/soul-infusion


🎓Remove Your Destructive Implants... 
https://bit.ly/jseal-and-implant-removal


🎶Energy Medicine Infused Meditation Bundles... 
https://shop.thehealingcorridor.com


♡ Embody Your Wealth Frequency...
https://TheHealingCorridor.com/soul-expansion


📖Journals and Password Books... 
https://amazon.com/author/lisawhatley


💻All The Things... 
https://lisawhatley.ca


🎶 Recommended Playlist...
 https://www.youtube.com/playlist?list=PLQzuWQh4gXZl2gA-vWTqI7sLSoKkfNa3n

...................................................

A purchase through the links below helps support this channel - thank you!
 
 ☯  Must-Have Gorgeous Moon Light... 
https://amzn.to/3PI7JBU

📦 Create a Cozy Meditation Space... 
https://amzn.to/4cF4Rjv

🪶 Reiki Practitioner Healing Room... 
https://amzn.to/3RRboPC

🖍️ Stress Relief Coloring... 
https://amzn.to/3zzV6Eg

🌿 Top Tools for Removing Negative Energy... 
https://amzn.to/3XR1hhp

🧼 Cleanse Your Aura, Heal Your Soul... 
https://amzn.to/3xDRsJ9

📦 Spiritual Tools: Books, Manifesting, Healing, Essential Oils + More
      • USA Amazon Store ••• https://amzn.to/2AZ0RN0
      • Canadian Amazon Store ••• https://amzn.to/2UQZHg8

...................................................

🔥For some of the best guided full moon meditations, guided new moon meditations, energy healing meditations and healing guided sleep meditations please click here to subscribe to our channel: https://youtube.com/@LisaWhatley?sub_confirmation=1
                  
🔥For some of the best bedtime stories for grownups, fairytales, sleep stories and sleep meditation music please click here to subscribe to our channel: https://youtube.com/@soothingsleepstories?sub_confirmation=1

Written and Voiced by Lisa Whatley, Founder of https://TheHealingCorridor.com 
© Lisa Whatley - All Rights Reserved

.


#reikienergyhealing #distanceenergyhealing #energyhealings #consciousawakening #manifesthealth #manifesthappiness #balancechakras #chakracleanse #chakraclearing #cleanseaura #dnaactivations #reikimeditation #lisawhatley",en,True,True,2020-12-15T00:00:11Z,2020-12-15T00:36:05Z
tXQRuMEJfXs,"['blockages', 'सालों से']",2,Reiki,"Pseudocientífico
",44,44,369,सालों से रुके काम भी बन जाएंगे.......,"IN THIS VIDEO I HAVE TOLD ABOUT ANGEL NUMBER FOR BLOCKAGES REMOVAL. angel number for pending issues. angel number for blocks. switchword for blockages removal.
Course Related Queries only
Message on WhatsApp @ 7000808192
Call Timings: 10:00 Am - 6:00 Pm

Hello
We SHALINI VARMA & ANUJ KUMMAR
Certified Reiki Master Couple
Usui/ Holy Fire ® III Reiki Master Teacher-Certified By International Centre for Reiki Training-I.C.R.T) welcomes you all to my YouTube Channel-Lotus Reiki & Spiritual Healer
COURSES AVAILABLE (Online/ Offline)
1. USUI/ HOLY FIRE® III REIKI - Level 1 - 2 & Master
2. HOLY FIRE® III KARUNA REIKI ® Master 
3. MONEY Reiki 
4. SACRED GREEN MONEY CIRCLE Reiki
5. ANGEL Healing
6. BACH FLOWER REMEDY
7. SWITCHWORD & ANGELIC HEALING NUMBER
8. CRYSTAL THERAPY
9. SIGIL 
10. SOULMATE Reiki

Funny dog videos kindly check, Like, Share and Subscribe and shower your Love  #https://www.youtube.com/c/Funnylife566
#http://facebook.com/lotusreiki
#lotusreikiandspiritualhealer
#reiki
#onlinereikiinindia 
#holyfirereikiinindia
#reikicourse

DISCLAIMER
Last updated January 01, 2019
WEBSITE DISCLAIMER
The information provided by ‘Lotus Reiki & Spiritual Healer’ on http://www.youtube.com/channel/uccpo3cf2jke80wrcuuavoya the ‘Site’ is for general information purposes only. 
All information on the Site is provided in good faith, however we make no representation or warranty of any kind, express or implied, regarding the accuracy, adequacy, validity, reliability, availability, or completeness of any information on the Site. 
UNDER NO CIRCUMSTANCE SHALL WE HAVE ANY LIABILITY TO YOU FOR ANY LOSS OR DAMAGE OF ANY KIND INCURRED AS A RESULT OF THE USE OF THE SITE OR RELIANCE ON ANY INFORMATION PROVIDED ON THE SITE. YOUR USE OF SITE AND YOUR RELIANCE ON ANY INFORMATION ON THE SITE IS SOLELY AT YOUR OWN RISK.
EXTERNAL LINKS DISCLAIMER
WE DO NOT WARRANT, ENDORSE, GUARANTEE, OR ASSUME RESPONSIBILITY FOR THE ACCURACY OR RELIABILITY OF ANY INFORMATION OFFERED BY THIRD-PARTY WEBSITES LINKED THROUGH THE SITE OR ANY WEBSITE OR FEATURE LINKED IN ANY BANNER OR OTHER ADVERTISING. WE WILL NOT BE PARTY TO OR IN ANYWAY BE RESPONSIBLE FOR MONITORING ANY TRANSACTION BETWEEN YOU AND THIRD-PARTY PROVIDERS OF PRODUCTS OR SERVICES.
PROFESSIONAL DISCLAIMER
The Site does not contain health, spiritual healings, home remedies, advice. 
The health, spiritual healings, home remedies, information is provided for general information and educational purposes only and is not a substitute for professional advice. 
Accordingly, before taking any actions based upon such information, we encourage you to consult with the appropriate professionals. 
THE USE OR RELIANCE OF ANY INFORMATION CONTAINED ON THE SITE IS SOLELY AT YOUR OWN RISK.
TESTIMONIALS DISCLAIMER
The Site may contain testimonials by users of our products/services. These testimonials reflect the real-life experiences and opinions of such users. However, the experiences are personal to those particular users and may not necessarily be representative of all users of our products/services. We do not claim and you should not assume, that all users will have the same experiences. YOUR INDIVIDUAL RESULTS MAY VARY.
The views and opinions contained in the testimonials belong solely to the individual user and do not reflect our views and opinions. We are not affiliated with users who provide testimonials and users are not paid or otherwise compensated for their testimonials.
The testimonials on the Site are not intended, nor should be construed, as claims that our products/services can be used to diagnose, treat, mitigate, cure, prevent or otherwise be used for any disease or medical condition. No testimonials have been clinically proven or evaluated.",en,False,False,,
cnLETqMueDY,"['MEDITACIÓN', 'Meditación']",2,Reiki,"Pseudocientífico
",,,,,,,False,False,,
HdyS-3giQ8k,['• REIKI'],1,Reiki,"Pseudocientífico
",60,60,4548,"417Hz • REMOVE EVIL EYE, EVIL MAGIC, CURSES, SPELLS & NEGATIVE ENERGY • REIKI","417Hz • REMOVE EVIL EYE, EVIL MAGIC, CURSES, SPELLS & NEGATIVE ENERGY • REIKI

Hello! Welcome to our channel of Reiki and Meditation Music: Star Way Healing.

Become a member of our channel, it's a way to say thank you and be part of our meditative community!
https://www.youtube.com/channel/UCdjO7cf5visla1WQJWCVCQQ/join

The purpose of this channel is to be a source of music for many different objectives:
Sleep, Yoga, Relaxing, Massages, Focus, Meditation, Zen, Prayer, Study, Concentration, Reiki...

Many of the songs are channeled and have specific frequencies, a lot of videos also have Reiki energy.

The word ""Reiki"" is derived from two Japanese words: ""rei,"" which means universal, and ""ki,"" which means life energy or vital force. Thus, Reiki can be translated as ""universal life energy.""

To connect with the Reiki Energy, receptivity is key. One may engage in various activities such as meditation, relaxation, or even performing daily chores while listening or watching the videos.

It's important to remember that the true power to create positive changes in your life resides solely within the depths of your mind and the unwavering strength of your faith.

While our songs can be enjoyed with headphones, it's totally up to you how you listen. Choose whatever feels most comfortable for you. Enjoy the music your way! 

This channel is a source of positive energy, love and light. Disrespectful comments won't be allowed!

If you enjoyed this video please subscribe to our channel, hit the like button and the notification bell for more meditation music.

Join us in spreading positivity and connecting with our community by leaving uplifting comments on our videos. We cherish the opportunity to share positive energy and connect with each one of you. Your words have the power to inspire and uplift others, creating a ripple effect of positivity. Let's brighten each other's day together!

Thank you! 💜

Instagram:
https://www.instagram.com/starwayhealing

Twitter:
https://twitter.com/StarWayHealing

Buy Me a Coffee:
https://www.buymeacoffee.com/starwayhealing

Facebook:
https://www.facebook.com/profile.php?id=61556079720961

Disclaimer: 
Kindly be aware that the videos featured on this channel do not purport to perform miracles, cures or guarantee any specific outcomes. 
While the videos and songs may benefit many individuals, it's crucial to understand that they might not be suitable for everyone. 
It's important to remember that the true power to create positive changes in your life resides solely within the depths of your mind and the unwavering strength of your faith.
Therefore, it's important to underscore that no promises, guarantees, or representations are made regarding the attainment of cures or financial gains through the use of any of the videos.
Your decision to engage with any of the content provided should be made with your own diligence. By using any information or content from this channel, you acknowledge that I bear no responsibility for your success or failure.
The videos and songs here are not a substitute for professional medical treatment. They are for educational purposes only and do not guarantee any specific outcomes. 
Always consult with a qualified healthcare provider for personalized medical advice and treatment.
Please do not operate heavy machinery while listening to the songs.

Use the channel's content with responsability!

The video and song have licenses directly from the rights holders.

Please note: This video is intended for personal use only. Any form of copying, downloading, re-uploading, sampling, or synchronization is strictly prohibited and may negatively impact the quality of the sound and the frequencies.

Copyright ⓒ 2023 Star Way Healing™. All rights reserved

#meditation #meditationmusic #starwayhealing #reiki #relaxingmusic #sleepmusic #sleep #relaxing",en,True,True,2024-04-25T12:00:06Z,2024-04-25T12:03:06Z
KwP1ny2T7WM,"['Insomnia', 'Patreon - https://patreon.com/chilibasmr']",2,Reiki,"Pseudocientífico
",1656,1656,200,[ASMR] Reiki Reset Session for Blocked Chakras with @ivybasmr,"Subtitles available! Thank you so much to Ivy for joining me for her first reiki session! I use ASMR triggers like shells, sweeping, gemstones and gem wands to give her a total calming and resetting experience. Click more for a fun fact about us! 

Fun Fact # 69 — back to this one heh.

Biz & personal inquiries - chilibasmr@gmail.com

Ways to support the channel —
Patreon - https://patreon.com/chilibasmr

*Disclaimer: We are not professional doctors, security or any other role we play in these videos. This video is for relaxation purposes only. Do not take any medical advice from this content.


ASMR, ASMR doctor, ASMR roleplay, ASMR for sleep, ASMR bedtime, Insomnia, can't sleep, relaxing, asmr spa, reiki, massage, chili b asmr",en,False,False,,
0-2lWI4JnzM,"['selenite', 'asmr aura', 'asmr reiki aura', 'smoke']",4,Reiki,"Pseudocientífico
",1727,1727,119,"asmr reiki ✨ giving you a hypnotic energy cleanse (plucking, crystals, sleep countdown)","☯︎ work with me: https://ediyasmr.com 
☺︎ support my work:  https://www.patreon.com/ediyasmr

💌 contact me:
instagram: https://www.instagram.com/ediyasmr
tiktok: https://www.tiktok.com/@ediyasmr
email: hello@ediyasmr.com (for business inquiries only)

💌 faq:
what are you wearing? probably Indigo Luna. get 10% off by using the link https://indigoluna.store/?ref=hyujccli 
what deck are you using?
ethereal alchemy tarot & divine initiation oracle: https://valchemyart.com/?ref=scsbvtns
four noble tarot: use EDIYA20 for 20% off: https://francesnaude.com/shop/p/four-noble-tarot-cards-guidebook


DISCLAIMERS
**Medical Disclaimer: I am not a healthcare professional. This video is created for relaxation, entertainment and ASMR/tingles inducing purposes only. For more information about ASMR phenomenon please click here: 
https://en.wikipedia.org/wiki/Autonom...

This video cannot replace any medication or professional treatment. If you have any health conditions please consult your health-care provider.",en,True,True,2023-06-16T03:11:46Z,2023-06-16T03:43:46Z
k7smbM1y55Y,"['Iron', 'Selenite', 'https://reikifromlourdes.com/donations']",3,Reiki,"Pseudocientífico
",701,701,466,Reiki to Release Negative Thought Patterns 💮,"Reiki to Release Negative Thought Patterns may help release thought patterns that are harming you energetically and in the physical sense too. * Use Reiki to Release Negative Thought Patterns with Reiki to Release What No Longer Serves You which can also help release more,  https://www.youtube.com/watch?v=t7M6cch_Fh0
 🙌 While most videos have no sound, we recommend muting your device to avoid any interruptions from notifications or calls. These videos carry powerful energy. If you're new to them, start with just a few minutes at a time to allow your system to adjust. If the energy still feels too strong, try another video on the channel—your energy may resonate better with a different frequency. After the session, drink water, eat some protein, and/or rub your feet to help ground yourself.

✨I have a 2nd channel, Transformational Vibrations - https://www.youtube.com/@transformationalvibrations and a new one called Metaphysical Life, https://www.youtube.com/channel/UCEUdMFJyNIIFbcl8O_mbP5A

📗 The Frequently Asked Questions Playlist can be found at this link, https://www.youtube.com/watch?v=dbPgQkflBBc&list=PLRASn9jWEC1cXWx6ALHPdcF6injIygnOc

😀 Subscribe to my channel to receive updates as to when I post new videos (usually on Thursdays).

🌹 Would you like to help keep this channel running? Donations can be made at this link: https://reikifromlourdes.com/donations 

🌟Personalized Reiki Infused Photos are a great way to have Reiki with you all the time, especially if you can't or don't have access to internet. You can purchase them at, https://reikifromlourdes.com/store/ols/products/reiki-infused-photos

🆓  Subscribe to my newsletter to receive offers about participating in Free Reiki sessions. Go the the bottom of my homepage, ReikifromLourdes.com

📓 To learn more about classes, sessions, and readings offered please go to: www.ReikifromLourdes.com 

💛 The items listed below are the favorite ones I use in my her energy practice. You can find a full list at https://reikifromlourdes.com/recommendations *Rest, Relaxation, and Reiki is a participant in the Amazon Services Affiliate Program, where Lourdes may earn small fees by linking to amazon.com.  

🍀Abraham Hicks, All books for Manifesting (https://amzn.to/3glSlu2)
🌟Leveraging the Universe, Mike Dooley, great tips for manifesting (https://amzn.to/3sDi1af)
🎵 Tuning Forks, Ohm Therapeutics (best ones I have found), https://amzn.to/3tpzrHz 
📕 The Future is Yours, Raymon Grace (Pendulum book), https://amzn.to/36Nu9vF 
⚖ Pendulum for Energy Work (this is the type I use), https://amzn.to/36NuAGj 
🏥 The Energy Medicine Kit - Donna Eden, Includes a CD, DVD, Instructional Cards, Crystal Pendulum, and a Pamphlet, https://amzn.to/3\cHNq5p 
🎼 Sound Healing - Vibrational Healing with Ohm Tuning Forks (this book has a cd, not the tuning forks) - Marjorie do Muynck, https://amzn.to/2YLf1dS 
💎 Selenite Rods by the Pound - Dancing Bear https://amzn.to/36LpJWl 
💎 Feng Shui Crystal Balls - Asfour, https://amzn.to/372SRbN 
⚖ The Pendulum Kit - Sig Lonegren, https://amzn.to/3rjVugO
🙂 Lodge Cast Iron Pot, 1 pint - https://amzn.to/2NQ4ZFZ
🔬 Unpluggable Digital Microscope - https://amzn.to/3wWskdD
🌞 Grid Sticker - https://amzn.to/3gexIAs
🔔 Hanging Bells for Energy Clearing - https://amzn.to/2QAPZgx

📱 Social Media where I have more posts.  
Facebook – https://www.facebook.com/ReikiFromLourdes
https://www.instagram.com/reikifromlourdes.official/
Linkedin – https://www.linkedin.com/in/lourdeslebron/
Pinterest - https://www.pinterest.com/lourdesrrr

🌺 Thank you for watching this video. #restrelaxationreiki #reikifromlourdes   

*DISCLAIMER: Reiki is a complementary energy modality and should not be used as a replacement for medical needs. Always seek the advice of a medical profession for issues and challenges. Reiki videos should not be played while using machinery or driving. No results with Reiki or any other energy work are guaranteed. How energy works depends on you, your energy, and your soul's purpose so somethings may get resolved and others may not.",en,False,False,,
yc_7ZZDaVYA,"['POV', 'asmr aura', 'asmr reiki aura']",3,Reiki,"Pseudocientífico
",1491,1491,163,"ASMR Reiki | Aligning Your Frequencies with Plucking, Gemstones & Smoke","I hope you enjoy your reiki session today. We need to clear out some of the cold energy and increase the heat in your lower body. I use gemstones, wands, dried herbs, essential oils and a candle to relax and destress you in today's POV session. Subscribe for more!

This real person ASMR channel hosts videos featuring models, actors and viewers like you! Looking for our Jeremy videos? Here's our other ASMR channel: https://www.youtube.com/chilibasmr

And to apply to be on the channel fill out this link: https://forms.gle/CoXjJcfouv68eb7z6

*Disclaimer* This channel is roleplay only. I do not have professional experience in any roleplays performed on the channel. I am not a medical professional and cannot provide advice on medical issues. 

#asmr #chilibasmr #reiki",en,False,False,,
d1xH_78htPg,['anxiety'],1,Reiki,"Pseudocientífico
",3921,3921,552,🔮Removing Other People's Energy 🧿 ASMR Reiki Deep Energy Cleanse,"00:00 Session with music
32:38 Session without music

✨ Join the Patreon community ✨
https://www.patreon.com/Tipofthemoon

- Reiki 1, 2 & Master Level Classes with Certification
- New Moon Workshops every New Moon
- Exclusive Hour Long Videos
- Community Chat Access
- Guided Meditations
- Vote on topics covered
Limited 7 Day Trial Available! 
https://www.patreon.com/Tipofthemoon

✨ Support My Work ✨
Tipjar: https://ko-fi.com/tipofthemoon

✨Book a Private Session ✨
I work with clients all over the world in private one-on-one sessions. Click the link below to book your session
https://tipofthemoon.store/reiki

✨ Gratitude ✨
I want to thank all my private clients, patrons, supporters, and customers. You have allowed me to put these healing videos out to the public!!! Thank you for everything! You are all such beautiful people and I am blessed to have you with me on this journey! I can’t thank you enough.

✨Social Media Links ✨
TikTok: https://www.tiktok.com/@tipofthemoon
Instagram: https://www.instagram.com/tipofthemoon
Website: https://tipofthemoon.store/

✨ Contact Info ✨
Bre Comiskey
PO Box 1112
Morrisville, VT 05661
bre@tipofthemoon.store

---

Music by Chris Collins, [https://indiemusicbox.com](https://indiemusicbox.com/)
You can find more of his music on the phone app: Insight Timer",en,False,False,,
aht2cAVT-Lk,['damages'],1,Reiki,"Pseudocientífico
",14562,14562,581,Reiki ASMR 4 Hour Compilation 8 Sessions of Soothing Sleep & Relaxation No Ads Mid-Roll CC/Sub,"► Neil's Reiki Website https://www.neilcoopers.com 

► FREE Reiki 1 & 2 + Violet Flame YouTube Video Courses + Attunements Certification Manuals Playlist ►► https://www.youtube.com/watch?v=fzBubEovDXI&list=PLAba0fUtTs56ksDB9VfaJscTnzBmODijW  

Social Media 
► Instagram @neil_cooper_reiki https://www.instagram.com/neil_cooper_reiki/@neil_cooper_reiki   

► Facebook Reiki https://www.facebook.com/neilcooper.reiki

Neil's Teachings Magazine & YouTube Channel 
► Website: https://www.mark-neil.com/ 
► YouTube: https://www.youtube.com/@neilcoops 

My Online Magazine
► Spirit Earth Online Magazine https://www.spiritearthmag.mark-neil.com

Disclaimer & Hold Harmless
The videos and healing courses are created for relaxation and entertainment. By engaging with them, you agree to hold Neil Cooper harmless. This means you won't hold him liable for any harm, loss, or damage you or others might experience from watching or sharing content from his YouTube channel. If you take his Reiki or Violet Flame courses, you do so at your own liability and risk, and you're subject to the previously mentioned Terms & Conditions https://neil.mark-neil.com/terms-conditions/

Important Medical Disclaimer
It's crucial to understand that none of the treatments or information provided on Neil Cooper's website, training lessons, or manuals are a substitute for professional medical diagnosis, treatment, or care from your GP. He doesn't diagnose conditions, prescribe medication, or interfere with a GP's treatment.

If you are currently on medication, do not stop taking it without your GP's advice. For any concerns about your medical condition, always speak with your GP first. Neil Cooper does not accept responsibility if you self-treat using information from his website or training manuals, nor does he take responsibility for any loss or damages resulting from the use or misuse of any information in his Reiki course, including audio, videos, recommendations, and manuals.",en,False,False,,
zV62tK-3F3w,"['Iron', 'Selenite', 'https://reikifromlourdes.com/donations']",3,Reiki,"Pseudocientífico
",591,591,342,Reiki for Clearing the Chakras 💮,"Reiki for Clearing the Chakras' goal is to assist with removing unwanted frequencies/blokckages from the chakras.  Use ""Reiki for Clearing the Chakras"" along with ""Reiki to Clear the Meridians"", https://www.youtube.com/watch?v=Z-Zuyhf6Uak&list=PLRASn9jWEC1dmlrjcxVUgeHkhWkjn9AhV&index=3  🙌 While most videos have no sound, we recommend muting your device to avoid any interruptions from notifications or calls. These videos carry powerful energy. If you're new to them, start with just a few minutes at a time to allow your system to adjust. If the energy still feels too strong, try another video on the channel—your energy may resonate better with a different frequency. After the session, drink water, eat some protein, and/or rub your feet to help ground yourself.

✨I have a 2nd channel, Transformational Vibrations - https://www.youtube.com/@transformationalvibrations and a new one called Metaphysical Life, https://www.youtube.com/channel/UCEUdMFJyNIIFbcl8O_mbP5A

📗 The Frequently Asked Questions Playlist can be found at this link, https://www.youtube.com/watch?v=dbPgQkflBBc&list=PLRASn9jWEC1cXWx6ALHPdcF6injIygnOc

😀 Subscribe to my channel to receive updates as to when I post new videos (usually on Thursdays).

🌹 Would you like to help keep this channel running? Donations can be made at this link: https://reikifromlourdes.com/donations 

🌟Personalized Reiki Infused Photos are a great way to have Reiki with you all the time, especially if you can't or don't have access to internet. You can purchase them at, https://reikifromlourdes.com/store/ols/products/reiki-infused-photos

🆓  Subscribe to my newsletter to receive offers about participating in Free Reiki sessions. Go the the bottom of my homepage, ReikifromLourdes.com

📓 To learn more about classes, sessions, and readings offered please go to: www.ReikifromLourdes.com 

💛 The items listed below are the favorite ones I use in my energy practice. You can find a full list at https://reikifromlourdes.com/recommendations *Rest, Relaxation, and Reiki is a participant in the Amazon Services Affiliate Program, where I may earn a small fee by linking to amazon.com.  

🍀Abraham Hicks, All books for Manifesting (https://amzn.to/3glSlu2)
🌟Leveraging the Universe, Mike Dooley, great tips for manifesting (https://amzn.to/3sDi1af)
🎵 Tuning Forks, Ohm Therapeutics (best ones I have found), https://amzn.to/3tpzrHz 
📕 The Future is Yours, Raymon Grace (Pendulum book), https://amzn.to/36Nu9vF 
⚖ Pendulum for Energy Work (this is the type I use), https://amzn.to/36NuAGj 
🏥 The Energy Medicine Kit - Donna Eden, Includes a CD, DVD, Instructional Cards, Crystal Pendulum, and a Pamphlet, https://amzn.to/3\cHNq5p 
🎼 Sound Healing - Vibrational Healing with Ohm Tuning Forks (this book has a cd, not the tuning forks) - Marjorie do Muynck, https://amzn.to/2YLf1dS 
💎 Selenite Rods by the Pound - Dancing Bear https://amzn.to/36LpJWl 
💎 Feng Shui Crystal Balls - Asfour, https://amzn.to/372SRbN 
⚖ The Pendulum Kit - Sig Lonegren, https://amzn.to/3rjVugO
🙂 Lodge Cast Iron Pot, 1 pint - https://amzn.to/2NQ4ZFZ
🔬 Unpluggable Digital Microscope - https://amzn.to/3wWskdD
🌞 Grid Sticker - https://amzn.to/3gexIAs
🔔 Hanging Bells for Energy Clearing - https://amzn.to/2QAPZgx

📱 Social Media where I have more posts.  
Facebook – https://www.facebook.com/ReikiFromLourdes
https://www.instagram.com/reikifromlourdes.official/
Linkedin – https://www.linkedin.com/in/lourdeslebron/
Pinterest - https://www.pinterest.com/lourdesrrr

🌺 Thank you for watching this video. #restrelaxationreiki #reikifromlourdes   

*DISCLAIMER: Reiki is a complementary energy modality and should not be used as a replacement for medical needs. Always seek the advice of a medical profession for issues and challenges. Reiki videos should not be played while using machinery or driving. No results with Reiki or any other energy work are guaranteed. How energy works depends on you, your energy, and your soul's purpose so somethings may get resolved and others may not.",en,False,False,,
zbMoev7eDZc,[],0,Reiki,"Pseudocientífico
",1893,1893,130,[ASMR] 31-Minute Applied Kinesiology & Reiki Session Roleplay,"Subtitles available! Tia is back for a bit of holistic healing ASMR roleplay. Subscribe for more!

This real person ASMR channel hosts videos featuring models, actors and viewers like you! Looking for our Jeremy videos? Here's our other ASMR channel: https://www.youtube.com/chilibasmr

And to apply to be on the channel fill out this link: https://forms.gle/CoXjJcfouv68eb7z6

*Disclaimer* This channel is roleplay only. I do not have professional experience in any roleplays performed on the channel. I am not a medical professional and cannot provide advice on medical issues. 

#asmr #chilibasmr #relaxing",en,False,False,,
4Xo1qy2BbA0,['low aura'],1,Reiki,"Pseudocientífico
",11247,11247,354,Get rid of your bad friends negative energies on you before you fall asleep - ASMR Reiki,"Do you want to get rid of the negative energies of your evil and jealous friends with this special ASMR reiki session? Layered sounds, crystal healing, spiritual cleansing and the experience of falling asleep in your bed. With all these special triggers, a happy and peaceful sleep will find you!

Have you ever had a friend who you believed had a low aura? Have you experienced how difficult it is to spend time with such people and then your mind feels tired? Then you know very well what I mean. A word, a look, a behavior or even being in the same environment can make you feel bad and cause your whole day to be negative. So, I want to raise your awareness to get rid of the negative influence of this kind of friend.

All you have to do is focus on the good things and while you follow the techniques I will give, imagine yourself healing, your aura being filled with positive energies and falling asleep happily.

Disclaimer: This video contains ASMR (Autonomous Sensory Meridian Response) content, which is designed to induce a relaxing or tingling sensation in some viewers. 

I am not a Reiki master or healer and I am not a healthcare professional. So, this video cannot replace any medication or professional treatment.

Timestamps:

00:00 Preview
00:55 Negative energy cutting
02:14 Healing water for your aura
03:23 Spiritual cleansing with branches
04:53 Negative energy cutting
08:59 Aura scanning with delta waves
11:03 Energy cutting with healing water
14:26 Negative energy plucking
17:30 Energy cleansing with special effects
18:56 Negative energy cleansing
22:20 Body massage
24:06 Brushing your hair
25:24 Negative energy cutting
29:07 Spiritual cleansing
32:29 Healing water therapy
34:18 Crystal healing therapy
39:23 Reiki stone therapy
41:23 Deep reiki healing therapy
02:31:18 Deep sleep therapy",en,False,False,,
_KfGLaYs2O8,[],0,Reiki,"Pseudocientífico
",1806,1806,131,ASMR Reiki Massage | Grounding & Energetic Boundaries w/@semideasmr,"Semide is back! We filmed a video for her channel as well. Check it out here: https://www.youtube.com/watch?v=9qOzVK9syy8 

☯︎ work with me: https://ediyasmr.com 
☺︎ support my work:  https://www.patreon.com/ediyasmr

💌 contact me:
instagram: https://www.instagram.com/ediyasmr
tiktok: https://www.tiktok.com/@ediyasmr
email: hello@ediyasmr.com (for business inquiries only)

💌 faq:
what are you wearing? probably Indigo Luna. get 10% off by using the link https://indigoluna.store/?ref=hyujccli 
what deck are you using?
ethereal alchemy tarot & divine initiation oracle: https://valchemyart.com/?ref=scsbvtns
four noble tarot: use EDIYA20 for 20% off: https://francesnaude.com/shop/p/four-noble-tarot-cards-guidebook

DISCLAIMERS
**Medical Disclaimer: I am not a healthcare professional. This video is created for relaxation, entertainment and ASMR/tingles inducing purposes only. For more information about ASMR phenomenon please click here: 
https://en.wikipedia.org/wiki/Autonom...

This video cannot replace any medication or professional treatment. If you have any health conditions please consult your health-care provider.",en,True,True,2023-01-13T22:19:46Z,2023-01-13T22:53:17Z
KWZ8a7Sh_YI,"['meditación', 'Meditación']",2,Reiki,"Pseudocientífico
",,,,,,,False,False,,
CRU-rEZ9cEo,['meditación'],1,Reiki,"Pseudocientífico
",,,,,,,False,False,,
jHTReGLDo-c,[],0,Reiki,"Pseudocientífico
",1639,1639,160,[ASMR] Gemstone Reiki & Hand Reflexology for Sleep (unintentional style roleplay),"Subtitles available! In today's video I give Jessica, aka @jesssvaladez a palm reading and energetic gemstone clearing session. This video also (somewhat subconsciously) was inspired by Victoria Alvarado if you want to check out her channel: @psychicmediumvictoriaalvarado Subscribe for more!

0:00 - intro card 
0:05 - palm reading 
2:46 - gemstone reiki

This real person ASMR channel hosts videos featuring models, actors and viewers like you! Looking for our Jeremy videos? Here's our other ASMR channel: https://www.youtube.com/chilibasmr

And to apply to be on the channel fill out this link: https://forms.gle/CoXjJcfouv68eb7z6

*Disclaimer* This channel is roleplay only. I do not have professional experience in any roleplays performed on the channel. I am not a medical professional and cannot provide advice on medical issues. 

#asmr #chilibasmr #relaxing",en,False,False,,
LLUCAUY5MyI,['anxiety'],1,Reiki,"Pseudocientífico
",2117,2117,164,"ASMR Reiki | Drawing Reiki Symbols (Hand Movements, Rain Sounds, Soft Spoken)","Work with me: https://ediyasmr.com
→ Learn shadow work, release repressed energy and deepen self-awareness

Join my Patreon community: https://patreon.com/ediyasmr 

If you want to support me 
https://www.paypal.com/cgi-bin/webscr...

Instagram: https://www.instagram.com/ediyasmr/
Facebook: https://www.facebook.com/the.intuitiv...
Insight Timer: https://insighttimer.com/ediya.daulet
TikTok: https://www.tiktok.com/@ediya.daulet?...
Email: hello@ediyasmr.com

DISCLAIMERS
**Medical Disclaimer: I am not a healthcare professional. This video is created for relaxation, entertainment and ASMR/tingles inducing purposes only. For more information about ASMR phenomenon please click here: 
https://en.wikipedia.org/wiki/Autonom...

This video cannot replace any medication or professional treatment. If you have any health conditions please consult your health-care provider.",en,False,False,,
2TZHudDVu8Y,[],0,Reiki,"Pseudocientífico
",777,777,4241,Sesión de Reiki a distancia para quienes están en proceso de sanación,"❓¿Quieres APRENDER Reiki y/o Registros Akashicos conmigo?
💚Certifícate con Susana García
👉PULSA AQUÍ: https://cursosreikienmadrid.com/tienda/

💜   Instagram: @yosoysusanagarcia

💻  web: www.cursosreikienmadrid.com

Mail: info@cursosreikienmadrid.com",es,False,False,,
nHMuZkjD9pY,['meditación'],1,Reiki,"Pseudocientífico
",,,,,,,False,False,,
3Vv3afv_OM8,[],0,Reiki,"Pseudocientífico
",1570,1570,159,ASMR Reiki | Plucking away energy that no longer serves you (w/ rainsounds),"Get Surfshark VPN at https://surfshark.deals/EDIYA - enter promo code EDIYA for 83% off and 3 extra months for free!

0:00 Sponsored Message
1:32 Intro + Conscious Breathing
4:50 Locating dense “negative” energy
7:54 Drawing reiki symbols
9:00 Plucking and releasing
18:31 Receiving reiki energy

Work with me: https://ediyasmr.com
→ Learn shadow work, release repressed energy and deepen self-awareness

Join my Patreon community: https://patreon.com/ediyasmr 

If you want to support me 
https://www.paypal.com/cgi-bin/webscr...

Instagram: https://www.instagram.com/ediyasmr/
Facebook: https://www.facebook.com/the.intuitiv...
Insight Timer: https://insighttimer.com/ediya.daulet
TikTok: https://www.tiktok.com/@ediya.daulet?...
Email: hello@ediyasmr.com

DISCLAIMERS
**Medical Disclaimer: I am not a healthcare professional. This video is created for relaxation, entertainment and ASMR/tingles inducing purposes only. For more information about ASMR phenomenon please click here: 
https://en.wikipedia.org/wiki/Autonom...

This video cannot replace any medication or professional treatment. If you have any health conditions please consult your health-care provider.",en,False,False,,
_XWgrg__KEw,[],0,Reiki,"Pseudocientífico
",1072,1072,164,"asmr reiki | plucking, pulling and pushing your thoughts away (inaudible whisper)","☯︎ work with me: https://ediyasmr.com 
☺︎ support my work:  https://www.patreon.com/ediyasmr

💌 contact me:
instagram: https://www.instagram.com/ediyasmr
tiktok: https://www.tiktok.com/@ediyasmr
email: hello@ediyasmr.com (for business inquiries only)

💌 faq:
what are you wearing? probably Indigo Luna. get 10% off by using the link https://indigoluna.store/?ref=hyujccli 
what deck are you using?
ethereal alchemy tarot & divine initiation oracle: https://valchemyart.com/?ref=scsbvtns
four noble tarot: use EDIYA20 for 20% off: https://francesnaude.com/shop/p/four-noble-tarot-cards-guidebook


DISCLAIMERS
**Medical Disclaimer: I am not a healthcare professional. This video is created for relaxation, entertainment and ASMR/tingles inducing purposes only. For more information about ASMR phenomenon please click here: 
https://en.wikipedia.org/wiki/Autonom...

This video cannot replace any medication or professional treatment. If you have any health conditions please consult your health-care provider.",en,False,False,,
