,BC5CDR_Terms,BC5CDR_Count,Search_Term,Content_Classification,duration_seconds,duration_seconds,comment_count,video_title,video_description,detected_language,is_live_broadcast,is_archived_live,live_actual_start_time,live_actual_end_time
yyRwM0QqZCs,"['Kasiemobi', 'headaches', 'joint pain', 'constipation', 'insomnia', 'migraines', 'chronic pain', 'autoimmune disease']",8,Acupuntura,"Pseudocientífico
",777,777,16137,The Try Guys Try Acupuncture,"Behind The Try: A Try Guys Documentary is now streaming EVERYWHERE: https://tryguys.com/movie ! Watch #BehindTheTry today! 
•Available in the US on iTunes, Amazon, YouTube Movies, Google Play & Vudu. 
•Available WORLDWIDE on Veeps with exclusive access to the Red Carpet Premiere, Livestream Event (available only through March 18th 2021.) 
•View all watch options ➜  https://tryguys.com/movie 
─
...
We got our chi flowing and opened our third eyes with tiny little needles all over our bodies. Would you try acupuncture?

Check out our latest family merch drop, including a baby onesie, matching crewneck, mug, pillow and blanket at http://www.tryguys.com

Support us! http://www.patreon.com/tryguys. Join our Patreon to get videos a day early, plus, livestreams, chatrooms, BTS footage, exclusive merchandise, and more! 

SUBSCRIBE TO AND FOLLOW THE TRY GUYS 
http://www.youtube.com/c/tryguys
http://www.facebook.com/tryguys  
http://www.twitter.com/tryguys
https://www.instagram.com/tryguys

FOLLOW THE GUYS
http://www.Instagram.com/keithhabs
http://www.Instagram.com/nedfulmer
http://www.Instagram.com/korndiddy
http://www.instagram.com/eugeneleeyang
 
http://www.twitter.com/keithhabs
http://www.twitter.com/nedfulmer 
http://www.twitter.com/korndiddy
http://www.twitter.com/eugeneleeyang 

FEATURING
Robert Youngs
@YoungsHealth
http://www.robertyoungsacupuncture.com

EDITED BY
YB Chang
@xoybox

THE TRY GUYS
The #TryGuys is the flagship channel of 2ND TRY, LLC.  Tune in twice a week for shows from Keith, Ned, Zach and Eugene, the creators and stars of The Try Guys.

MUSIC
Licensed from AudioNetwork

SFX
Licensed from Audioblocks

VIDEO
Licensed from Videoblocks

Official Try Guys Photos 
By Mandee Johnson Photography | @mandeephoto

2nd Try, LLC STAFF
Executive Producer - Keith Habersberger
Executive Producer - Ned Fulmer
Executive Producer - Zach Kornfeld
Executive Producer - Eugene Lee Yang
Producer - Rachel Ann Cole
Producer - Nick Rufca
Production Manager - Alexandria Herring
Editor - Devlin McCluskey
Editor - YB Chang
Editor - Elliot Dickerhoof
Assistant Editor - Will Witwer
Social Media Manager - Allison Bagg
Assistant Production Coordinator - Kasiemobi Udo-okoye
Assistant Production Coordinator - Miles Bonsignore
Production Assistant: Sam Johnson",en,False,False,,
b444pexv8to,['Audioblocks.com'],1,Acupuntura,"Pseudocientífico
",177,177,3171,People Try Acupuncture Therapy • The Test Friends,"Try not to squirm.

Check out more awesome videos at BuzzFeedVideo!
http://bit.ly/YTbuzzfeedvideo

MUSIC
Easy As Life
One Of A Kind
Brothers And Friends
Licensed via Warner Chappell Production Music Inc. 

SFX provided by Audioblocks. 
(https://www.Audioblocks.com)

Made by BFMP www.buzzfeed.com/videoteam
+
Carine Camara, MS
www.healthacumulates.com

GET MORE BUZZFEED:
www.buzzfeed.com/videoteam
www.facebook.com/buzzfeedvideo
www.instagram.com/buzzfeedvideo
www.buzzfeed.com/video
www.youtube.com/buzzfeedvideo
www.youtube.com/buzzfeedyellow
www.youtube.com/buzzfeedblue
www.youtube.com/buzzfeedviolet

BUZZFEED VIDEO
BuzzFeed Motion Picture’s flagship channel. Sometimes funny, sometimes serious, always shareable. New videos posted daily! Subscribe to BuzzFeedVideo today! http://bit.ly/YTbuzzfeedvideo",en,False,False,,
hP_KmiLHMWA,"['TruthorDrink', 'PLJic7bfGlo3pLt0gnzNFFJHJGm-C0yKvA']",2,Acupuntura,"Irrelevante
",406,406,5571,People Get Acupuncture in Slow Motion | First Takes | Cut,"Watch More First Takes: https://www.youtube.com/watch?v=7mXkVvc-sF8&list=PLJic7bfGlo3pLt0gnzNFFJHJGm-C0yKvA

About First Takes:
First timers face shocking new experiences at 1000 frames per second.

One-click YT subscribe: https://bit.ly/CutSubscribe

✨ Keep up with us! ✨
- Official Site | https://cut.com
- Instagram | https://cut.com/ig
- TikTok | https://cut.com/tiktok
- Facebook | https://cut.com/facebook 
- Twitter | https://twitter.com/cut
- Snapchat | @watchcut 

About Cut: 
Small questions have powerful effects when they go viral. Cut spreads stories for fun, for serious, and for real – bringing the internet together one awkward moment at a time.

Produced, directed, and edited by Cut.
Want to work with us? https://cut.com/jobs 
Want to be in a video? https://cut.com/casting 
Want to sponsor a video? https://cut.com/sponsorship

People Get Acupuncture in Slow Motion | First Takes | Cut
https://www.youtube.com/watch?v=hP_KmiLHMWA

Cut
https://www.youtube.com/watchcut",en,False,False,,
ngK3bzOw7_4,"['HiHo', 'Hiho']",2,Acupuntura,"Pseudocientífico
",356,356,1351,Kids Meet an Acupuncturist | Kids Meet | HiHo Kids,"Sponsor this series: http://www.cut.com/sponsorship
Come play with us!
Sign up at http://bitly.com/hihofans to get updates on HiHo, special offers, and exclusive behind-the-scenes content with your favorite kids.
SUBSCRIBE to HiHo Kids: http://bit.ly/HiHoYouTube

Watch More Kids Meet: https://www.youtube.com/playlist?list=PL2etPlnTb9sXwY7EgbEdYcfpl4SOeek3_

About Kids Meet:
Curious kids meet--and interview--people with particular points of view.

Don't forget to subscribe and follow us!
Facebook- http://www.facebook.com/hihokids
YouTube- http://www.youtube.com/hihokids
Get HiHo swag here: http://bit.ly/BuyCut

About HiHo Kids:
Every kid – including the one inside each of us – needs imagination and curiosity about the world. Hiho promotes empathy through play.

Send HiHo Kids things to unbox: 
PO Box 19604, Seattle WA 98109

Stay updated by signing up to our email list @ bit.ly/ytJoinTheFamily 
For licensing inquiries: http://cut.com/licensing
Want to work with us? http://cut.com/hiring
Want to be in a video? http://cut.com/casting

Want to sponsor a video? http://cut.com/sponsorships
Love HiHo? Fill out this form for exclusive updates: http://cut.com/fanform

Divertissement Kevin MacLeod (incompetech.com)
Licensed under Creative Commons: By Attribution 3.0
http://creativecommons.org/licenses/by/3.0/

Kids Meet an Acupuncturist | Kids Meet | HiHo Kids
https://youtu.be/ngK3bzOw7_4

#HiHoKids #KidsMeet #Kids

HiHo Kids
https://www.youtube.com/hihokids",en,False,False,,
2hrZ-rHzr8U,"['headaches', 'acne']",2,Acupuntura,"Pseudocientífico
",1454,1454,507,【ASMR】美肌になるための美容鍼マッサージ(渡辺真弓さんが体験),"皆さんこんにちは！今回の動画は、スキンケアのためのASMR鍼治療・マッサージの様子をお届けします！モデルはプレミアムバーバーの理容師：渡辺真弓さん。
渡辺さんはニキビや目の下のクマ、(それと出来ればほうれい線対策)、肩こりと頭痛というお身体のお悩みをお持ちで、藤原さんに相談されました。
藤原さんは鍼灸あんまマッサージ指圧師でアスレティックトレーナーとしてもご活躍されている先生で、昨年のバチェラー４にご参加されたので、ご存じの方も多いかと思います。
鍼というと痛い！と思われる方も多いですが、藤原先生の鍼は過剰な刺激を押さえた優しい鍼で、しかししっかりとクライアントの要望には応える施術です。ご使用されている鍼は髪の毛程度の細さの鍼で、全て使い捨てなので、初めての方でも安心して施術を受けれると思います。
それと藤原さんの「てい鍼（TSTてい鍼美容術)」の手際の素晴らしさは必見！渡辺さんも「凄く気持ち良かった！」と大絶賛されてました。

◆藤原望未（ふじはらのぞみ）
鍼灸あんまマッサージ指圧師、日本スポーツ協会公認アスレティックトレーナーとしてもご活躍し、2022年に渋谷・恵比寿エリアにAmalieをオープン。タレントとしてもご活躍されており、近年は北青山の美容院「Ms.CHARM」のプロデュースも。

◆Nozomi Fujihara's Instagram
https://www.instagram.com/nozo.mi74/
◆Nozomi Fujihara's Youtube Channel
@nonchan1130 

00:00 プレビュー
01:36 カウンセリング
02:57 背面(首・背中)の施術
07:13 TSTテイ鍼
07:41 腹部を施術
09:04 お顔のチェック
10:18 肩・首のマッサージ
12:15 お顔・首にテイ鍼
17:00 顔鍼
22:58 頭部の整え

TOKYO ASMR MASSAGE
📺週2～3回・夜11：00更新
📺Updated 2-3times a week at 11:00 p.m(Japan time)
◆Instagram
https://www.instagram.com/tokyoasmrmassage/

#asmr #マッサージ #スキンケア",ja,True,True,2022-10-23T14:00:09Z,2022-10-23T14:25:19Z
BWIw6h3Aae8,['pain'],1,Acupuntura,"Irrelevante
",38,38,806,Alívio imediato para tensão no pescoço e ombro!,"💆‍♂️ Descubra como liberar um dos músculos mais tensos do corpo: o elevador da escápula. 👇

👉 Passo a passo fácil e rápido:
1️⃣ Posicione a mão atrás, abraçando o bíceps.
2️⃣ Incline a cabeça para o lado.
3️⃣ Encontre o ponto na fossa supraespinhal e deslize até o pescoço!

🔥 Adeus tensão, olá relaxamento! Teste essa técnica e sinta a diferença. 👌

➡️ Salve e compartilhe para lembrar sempre! 🧘‍♂️

👉 Quer mais exercícios para o alívio da dor no ombro? Inscreva-se no canal e clique no vídeo relacionado!

#DorNoOmbro #MobilidadeNosOmbros #ExercícioParaOmbros #FortalecimentoDoOmbro #PosturaSaudável #shortvideo #ExercícioSeguro",pt,False,False,,
ClaRADHcJ9I,"['cough', 'phlegm', 'dry cough']",3,Acupuntura,"Pseudocientífico
",552,552,873,ACUPRESIÓN PARA ALIVIAR LA TOS SECA,"Conoce esta maravillosa terapia de acupresión donde te muestro los puntos que te ayudarán a calmar la tos seca. 

#TosSeca #Acupresion #TomaTuSpa

La acupresión es una terapia milenaria basada en los meridianos energéticos de la medicina tradicional china.

ESTE VIDEO FUE REALIZADO CON UN PROPÓSITO INFORMATIVO Y EDUCATIVO BAJO LOS LINEAMIENTOS Y NORMAS DE LA COMUNIDAD DE YOUTUBE.

IMPORTANTE:
La información de este video no reemplaza el diagnóstico personalizado de un especialista de la salud, ni sustituye su tratamiento. Nunca dejes de consultar a tu médico para la supervisión de cualquier padecimiento o enfermedad, es el médico el que tiene la autoridad en materia de salud.

Más videos de acupresión: 
https://www.youtube.com/watch?v=vrDV-AzfiJE&list=PLlm-LR3c4hwhncvB059pCU8ZiHk32J6R7

Video con los puntos para la tos con flemas:
https://youtu.be/I43adaZqs4s

No te pierdas ninguno de mis videos...

POR FAVOR SUSCRÍBETE: https://www.youtube.com/c/TomatuSPAmx

REGALAME UN LIKE EN FACEBOOK : https://www.facebook.com/TomatuSpa

SÍGUEME EN TWITTER:
 https://www.twitter.com/Karlishya

MÁNDAME UN CORREO:
tomatuspafans@outlook.com

Comparte!! Déjame tus comentarios, opiniones, preguntas o sugerencias.

Musica:

""These Moments""

By: @nicolai-heidlas

https://soundcloud.com/nicolai-heidlas

¡ GRACIAS POR VER EL VIDEO !

#TomaTuSpa",es,False,False,,
yVeBcle9D8I,['constipation'],1,Acupuntura,"Pseudocientífico
",746,746,3971,Use pontos de ACUPUNTURA para soltar INTESTINO PRESO | Peter Liu,"🌿 Os suplementos que eu uso e recomendo: https://www.doctorspharmacy.com.br/formulas-exclusivas/dr--peter-liu Esse vídeo eu vou ensinar você como resolver o intestino preso usando apenas os pontos da acupuntura e literalmente usando seu dedo! Assiste esse vídeo, melhora seu intestino, melhora sua vida! 

👍Suplementos para seu intestino: 
▶Magnésio padrão ouro: http://bit.ly/3qfirst
▶Omega 3 Ultra concentração:  http://bit.ly/3qfirst
▶Coenzima Q10 de Doctors First:   http://bit.ly/3qfirst
▶Curcuma + Pimenta preta  https://amzn.to/3ea74EB
▶Os pobióticos: Alternar  cada dia um tipo diferente durante um mês 
▶Puritans 20 Bilhçoes  https://amzn.to/2X1sP42
▶Nutrition Now Vitamins  PB 8 https://amzn.to/2TzbVHO
▶NOW probiótico 10, 25 bilhões  https://amzn.to/36pXfzM
▶Vitafor  Simfort  https://amzn.to/3cZZXi3

👍Meus Suplementos: https://bit.ly/34AowPD
 

#IntestinoPreso #Acupuntura

-------------------------------------------------------------------------------------------------------------
👍Meus Suplementos: https://bit.ly/34AowPD
🚩Inscreva-se no meu curso de Leitura Facial : https://bit.ly/2WWkkGU
----------------------------------------------------------------------------------------------------------------------------------------
✅ INSCREVER NO CANAL - https://bit.ly/canalPeterLiu
✅ SEGUE NO INSTAGRAM - https://bit.ly/Instagram_PeterLiu
✅ SITE - https://www.peterliu.com.br
✅ FACEBOOK - https://www.facebook.com/saudezen
✅ AGENDA CONSULTAS - WhatsApp (19) 98410-6241 https://bit.ly/Consulta_PeterLiu
✅ Cursos: Leitura Facial – https://bit.ly/2WWkkGU

----------------------------------------------------------------------------------------------------------------------------------------
🔵 SIGA MINHAS PRINCIPAIS PLAYLISTS
▶️MEUS MELHORES VÍDEOS https://bit.ly/38r0KqY
▶️MEUS SUPLEMENTOS https://bit.ly/3eWl1ah
▶️ESPIRITUALIDADE & REFLEXÕES https://bit.ly/3grU8Lw
▶️DICAS DE BELEZA https://bit.ly/38wEP1v

----------------------------------------------------------------------------------------------------------------------------------------
DESENCARGO DE RESPONSABILIDADE:

As informações fornecidas neste canal possuem caráter unicamente educativo, não pretendendo substituir a consulta aos profissionais competentes, e nem servir como recomendações para quaisquer protocolos de tratamento de uma ou mais condições de saúde.

Cabe destacar que, apesar do fato dos remédios, suplementos, conselhos e receitas apresentados neste canal serem naturais em sua maioria, não significa que não possam ocasionar efeitos secundários em algumas pessoas, dado que cada organismo é distinto e o que pode funcionar em um pode não funcionar em outro. Em caso de dúvidas, procure seu médico.
----------------------------------------------------------------------------------------------------------------------------------------
👋Olá,

Sou  Peter Liu,  terapeuta holística em acupuntura e medicina chinesa e tenho uma clínica de acupuntura em Campinas, interior de São Paulo. 

No meu canal tenho milhares de vídeos para você poder compartilhar com seus amigos e familiares para que tenham uma qualidade de vida e a saúde melhorada. 

✔Eu tenho um curso de Leitura Facial On-Line que está disponível no meu site oficial: https://www.peterliu.com.br 

✔Quem quiser fazer este curso basta acessar o site ou entrar em contato usando o WhatsApp no número (19) 984106241 ou (019) 3305-6000",pt,False,False,,
eXZGIoZokJE,"['inflammation', 'pain', 'Pain', 'http://bit.ly/2betS7c', 'Acupuncture', 'pains', 'depression']",7,Acupuntura,"Científico
",240,240,1640,Does Acupuncture Even Work?,"Many people rave about the benefits of acupuncture but does it actually cure anything? What if it's just the placebo effect at work?

What Is Homeopathy And Is It Real Science? - http://bit.ly/2betS7c
Sign Up For The Seeker Newsletter Here - http://bit.ly/1UO1PxI

Read More:

Acupuncture -- A Critical Analysis
http://www.ncbi.nlm.nih.gov/pubmed/16420542
""Even though widely used in today's clinical practice, acupuncture has remained a controversial subject. Many reviews are currently available but most lack a critical stance and some are overtly promotional. The aim of this overview is to provide a balanced, critical analysis of the existing evidence.""

Acupuncture: Does It Alleviate Pain And Are There Serious Risks? A Review Of Reviews
http://www.ncbi.nlm.nih.gov/pubmed/21440191
""Acupuncture is commonly used for pain control, but doubts about its effectiveness and safety remain. This review was aimed at critically evaluating systematic reviews of acupuncture as a treatment of pain and at summarizing reports of serious adverse effects published since 2000. Literature searches were carried out in 11 databases without language restrictions. Systematic reviews were considered for the evaluation of effectiveness and case series or case reports for summarizing adverse events.""

5 Scientists Weigh In On Acupuncture
http://www.scientificamerican.com/article/5-scientists-weigh-in-on-acupuncture/
""Millions of Americans turn to acupuncture each year to treat chronic pains and even depression. Recently, researchers at Rutgers University reported that combining the acupuncturist's needle with an electric current could yield a new treatment for severe inflammation. Yet many scientists look skeptically at the practice.""

____________________

DNews is dedicated to satisfying your curiosity and to bringing you mind-bending stories & perspectives you won't find anywhere else! New videos daily. 

Watch More DNews on Seeker http://www.seeker.com/show/dnews/

Subscribe now! http://www.youtube.com/subscription_center?add_user=dnewschannel

DNews on Twitter http://twitter.com/dnews

Trace Dominguez on Twitter https://twitter.com/tracedominguez

DNews on Facebook https://facebook.com/DiscoveryNews

DNews on Google+ http://gplus.to/dnews

Discovery News http://discoverynews.com

Sign Up For The Seeker Newsletter Here: http://bit.ly/1UO1PxI 

Special Thanks to Julian Huguet for hosting DNews!
Check Julian out on Twitter: https://twitter.com/jhug00",en,False,False,,
i1MIfTcBZ2I,['pain'],1,Acupuntura,"Pseudocientífico
",338,338,375,I Tried This Intense Acupuncture Facial | Beauty With Mi | Refinery29,"This week on Beauty With Mi, our host, Mi-Anne Chan undergoes an acupuncture facial. The ancient Chinese medicine technique has been incorporated into a beauty facial treatment alongside the use of the contouring Gua Sha tool. Press play on this episode of Beauty With MI, to see how this amazing treatment works! 

http://lanshin.com/

ABOUT SERIES
Explore the craziest trends, most unique treatments, newest products, and strangest subcultures in the beauty world alongside Refinery29’s very own beauty writer, Mi-Anne Chan. We dare to find and try the fringes of beauty — for better or worse.

ABOUT REFINERY29 
Refinery29 is a modern woman's destination for how to live a stylish, well-rounded life. http://refinery29.com/

RELATED CONTENT
I Tried This Insane Bubble Facial
https://youtube.com/watch?v=KJhvxIkW4nY
I Dyed My Virgin Hair For The First Time
https://youtube.com/watch?v=_GcsQuOGPPk
I Tried This Terrifying Facial 
https://youtube.com/watch?v=kUSFXFYEXa8

SEE MORE REFINERY29 VIDEOS
http://refinery29.com/video

SUBSCRIBE TO REFINERY29
Subscribe to the Refinery29 channel: http://bit.ly/subscribe-to-r29
For the latest trends and videos, visit: http://refinery29.com
Like Refinery29 on Facebook: https://facebook.com/refinery29
Follow Refinery29 on Twitter: https://twitter.com/refinery29
Heart Refinery29 on Instagram: https://instagram.com/refinery29/

TALENT
Follow Lanshin on Instagram: https://instagram.com/treatmentbylanshin/
Follow Mi-Anne Chan on Instagram: https://instagram.com/mianne.chan/",en,False,False,,
BWr0LP6pL0E,"['AMAZING', 'insomnia', 'Maca']",3,Acupuntura,"Pseudocientífico
",291,291,1242,INCRÍVEL PONTO DE ACUPUNTURA QUE FAZ DORMIR RÁPIDO | Peter Liu,"🌿 Os suplementos que eu uso e recomendo: https://www.doctorspharmacy.com.br/formulas-exclusivas/dr--peter-liu 👍 Conheça a fórmula Sono Profundo: https://bit.ly/35QZBJD
Melatonina Prime: https://bit.ly/3qMelatonina
Conheça o travesseiro terapêutico  https://bit.ly/3yrY20h
📖 Meu livro ""Liberte Sua Mente"" https://bit.ly/3hSPvhM
👍 Meus Suplementos: https://bit.ly/34AowPD
🚩Inscreva-se no meu curso de Leitura Facial : https://bit.ly/2WWkkGU

 Meus suplementos mais procurados:
✔️ Metilfolato Premium do Peter Liu:  https://bit.ly/2zmFolato 
✔️ Triptofano 500mg, FloraVita  https://bit.ly/2UvhDL8
✔️ Ômega-3  http://bit.ly/3qfirst
✔️ Vitamina D com K2: http://bit.ly/3qfirst
✔️ OSTEO2 compelx ,http://bit.ly/3qfirst 
✔️ Tribulus Terrestris 700mg https://bit.ly/2XuTribulus
✔️ Maca  Negra 700mg,  https://bit.ly/MMNegra 
✔️ Fórmula  para Turbinar Cérebro:  https://bit.ly/2ZQVbyw
✔️ Fórmula de Emagrecimento SLIMFIT http://bit.ly/3pRtksA
✔️ Óleo de Semente de Abóbora: Prost+active  https://bit.ly/3e1QckF
✔️ Prata Coloidal da Almacura:  http://bit.ly/3vxprata

----------------------------------------------------------------------------------------------------------------------------------------
✅ CONHECE MEU SITE https://www.peterliu.com.br
✅ INSCREVER NO CANAL - https://bit.ly/canalPeterLiu
✅ INSTAGRAM - https://bit.ly/Instagram_PeterLiu
✅ FACEBOOK - https://www.facebook.com/saudezen
✅ AGENDAR CONSULTAS - WhatsApp (19) 98410-6241 https://bit.ly/Consulta_PeterLiu
----------------------------------------------------------------------------------------------------------------------------------------
🔵 SIGA MINHAS PRINCIPAIS PLAYLISTS
▶️MEUS MELHORES VÍDEOS https://bit.ly/38r0KqY
▶️MEUS SUPLEMENTOS https://bit.ly/3eWl1ah
▶️ESPIRITUALIDADE & REFLEXÕES https://bit.ly/3grU8Lw
----------------------------------------------------------------------------------------------------------------------------------------
DESENCARGO DE RESPONSABILIDADE:

As informações fornecidas neste canal possuem caráter unicamente educativo, não pretendendo substituir a consulta aos profissionais competentes, e nem servir como recomendações para quaisquer protocolos de tratamento de uma ou mais condições de saúde.

Cabe destacar que, apesar do fato dos fitoterápicos, suplementos, conselhos e receitas apresentados neste canal serem naturais em sua maioria, não significa que não possam ocasionar efeitos secundários em algumas pessoas, dado que cada organismo é distinto e o que pode funcionar em um pode não funcionar em outro. Em caso de dúvidas, procure seu médico.
----------------------------------------------------------------------------------------------------------------------------------------
👋Olá,

Sou  Peter Liu,  terapeuta holística em acupuntura e medicina chinesa e tenho uma clínica de acupuntura em Campinas, interior de São Paulo. 

No meu canal tenho milhares de vídeos para você poder compartilhar com seus amigos e familiares para que tenham uma qualidade de vida e a saúde melhorada. 

✔Eu tenho um curso de Leitura Facial On-Line que está disponível no meu site oficial: https://www.peterliu.com.br 

✔Quem quiser fazer este curso basta acessar o site ou entrar em contato usando o WhatsApp no número (19) 984106241 ou (019) 3305-6000",pt,False,False,,
ldlCvdx6bBg,"['@bwvine', 'heria']",2,Acupuntura,"Pseudocientífico
",696,696,905,I Tried Acupuncture For The First Time With Brandon William,"Join Chris Heria and fellow Youtuber Brandon William as they try Acupuncture for the very first time!!! Acupuncture practice’s claim to have￼ many health benefits but also some risks, Is it really worth it?


Check out Chris Heria's Most Watched video:
https://youtu.be/3p8EBPVZ2Iw

Find out How to start working out the best way for beginners with  Chris Heria and the Heria Pro App. & for more workouts by Chris Heria visit heriapro.com and download the HERIA Pro App in the App Store!

Sub to Brandon here!!  https://www.youtube.com/c/BrandonWilliamyt

Follow us:

@chrisheria
https://www.instagram.com/chrisheria/
@bwvine

soundcloud:
https://soundcloud.com/chrisheria

Instagram: @chrisheria
                    @weightvest
                    @heria.shop
                    @heriapro


DOWNLOAD HERIA PRO APP to have Chris Heria as your trainer in your pocket.: http://heria.pro/


SHOP HERIA APPAREL:
https://chrisheria.com


JOIN OUR SMS CLUB:
https://chrisheria.com/smsclub


JOIN OUR EVENTS:
 http://thenx.com/blog/events/ (currently updating)


BUY A HERIA WEIGHTVEST:
https://chrisheria.com/collections/equipment/products/i-strong-heria-strong-i-weight-vest


FOLLOW CHRIS HERIA MUSIC ON SOUNDCLOUD/SPOTIFY
https://soundcloud.com/chrisheria
https://open.spotify.com/artist/62qifOWqESHtTVSZrlKRtt


JOIN OUR EVENTS:
 http://thenx.com/blog/events/ (currently updating)


check out my main YOUTUBE CHANNEL AND SUBSCRIBE:
https://www.youtube.com/officialthenxstudios",en,False,False,,
Y1xhyXrpw2w,"['TUINA', 'pain', 'insomnia']",3,Acupuntura,"Pseudocientífico
",1853,1853,271,ASMR: I Tried CHINESE ACUPUNCTURE with TUINA MASSAGE to Fix my Back!,"ASMR: I tried CHINESE ACUPUNCTURE with TUINA MASSAGE to Fix my Back!

⭐ My BEST ASMR Massage videos to Sleep: https://www.youtube.com/watch?v=1RPpG_zDlcU&list=PLVzVHmXI8Gh1v4NABb9pvBrbyHjc51Oi8

Treatment name: acupuncture + tuina
Place Name: Miaoxin Clinic
Address: 314 6 Soi Sukhumvit 22, Khlong Toei, Bangkok 10110

Clinic location: https://goo.gl/maps/wM8a14BGZhr5qMFv5
Clinic phone number: 0614949900
Facebook: https://www.facebook.com/miaoxinclinic
Email: miaoxinclinic@gmail.com

My Instagram: https://www.instagram.com/cleo.abrahams/
My Facebook: https://www.facebook.com/CleoAbrahams30

👀If you go to China you'll need a VPN to connect to western websites such as YouTube, Instagram, FB and WhatsApp. I use Express VPN, here 30 days free: https://www.xvbelink.com/?a_fid=alexfabb

My Equipment: 
The Microphone I use: https://amzn.to/3WzDRJg

Timestamps
00:00 - intro
01:35 - diagnosis (talking, not asmr) 
04:30 - feeling pressure points
07:00 - preparation 
07:35 - acupuncture right side
09:45 - acupuncture left side
11:35 - acupuncture close up
12:16 - remove needles
14:28 - oil back massage
16:22 - shoulder massage
16:41 - massage along the spine
19:33 - lower back massage
21:33 - back tuina 
25:43 - pressing shoulder
26:39 - massage behind legs
27:14 - massage ankle 
29:15 - left side back crack
29:40 - right side back crack
30:05 - conclusion 

Hey everyone, today I tried Chinese acupuncture with a Chinese tuina massage to fix my back! This treatment was done in Bangkok, Thailand. The doctor first asked me a few question to understand my back pain, then he suggested to do acupuncture and tuina massage. We started with acupuncture and then he used oil to give me a back massage and he even did some chiropractic adjustments! The massage was very relaxing and I enjoyed every moment of it!
If you like asmr massage videos, asmr chinese medicine and asmr to sleep don't forget to subscribe!
enjoy!!


#asmr #chineseacupuncture #chinesemassage #tuinamssage #asmrnotalking #asmrsleep #asmrmassage #relaxing #asmrsleep",en,False,False,,
DQ8zIaC53Qs,[],0,Acupuntura,"Pseudocientífico
",644,644,685,Broadies | Ep .02 | Trying Acupuncture For The First Time | Ft. Kanishk & Pavitra | Ok Tested,"The Bro-adies, Pavitra and Kanishk, are back to their usual daringbaazi. This time they are getting pierced with needles for an acupuncture session! 


Follow Us On Instagram: https://instagram.com/scoopwhoopoktested

Like Our Facebook Page: https://facebook.com/scoopwhoopoktested",en,False,False,,
_dPWaAo4ITw,"['headache', 'anxiety', 'tingles', 'throat', 'Me 🙏']",5,Acupuntura,"Pseudocientífico
",3638,3638,438,"[ASMR] Head, Eye, Ear, Nose & Throat Exam| Face Acupuncture Treatment (Naturopathic Doctor Roleplay)","You come in with a headache and Dr. Coco performs an HEENT exam (head, eye, ear, nose & throat) and assesses your TMJ and Cranial Nerve V.  The visit ends with your diagnosis, prescription and a face acupuncture treatment. Hope you enjoy it and find it relaxing during these trying times💕🙏🏼 (English subtitles are available for this video)

How to Support Me 🥰
As I am a full-time content creator, I would be forever grateful if you took the time to support me and my channel ❤️
1. Like, subscribe, comment and share my videos! This helps others find my channel too 🥰
2. Watch through my ads as I rely on ad revenue, and please turn off ad blockers 🥺 (There won't be any mid roll ads for your viewing pleasure)
3. Or purchase a YouTube Premium subscription if you prefer no ads! A portion of your subscription will support my channel 🥰
4. You can also listen to the audio versions of my videos through Spotify, Apple Music, Amazon Music and other music platforms!
5. Every now and then I will have a brand sponsor the video! If you enjoy the product, considering purchasing the product through my link, this helps immensely as well 🥰

Inspired by Naturopathic Medical School, @Latte ASMR & @Bluewhisper 

#ASMR #Roleplay

Music: Angels Dream by Aakash Gandhi

**Wear Headphones**

Time Stamps
0:00—Intro
2:06—Taking Your History
12:18—Vitals
17:20—Palpate & Percuss Skull
21:47—Eye Exam
31:14—Ear Exam
(Sorry I forgot to put the otoscope tip on!)
37:53—Nose Exam
39:33—Throat Exam
41:27—TMJ & Cranial Nerve V Exam
46:08—Diagnosis & Prescription
54:02—Acupuncture Treatment

Support Me 🙏🏼
Thanks so much for watching and subscribing! If you want to support my channel further, please considering joining my patreon family! 
As a patron, you will receive early access to my videos, 1 bonus video per month, exclusive voting, direct messaging and more!
https://www.patreon.com/semidecoco

Join me on Instagram for posts about my life, behind the scenes and giveaways! https://www.instagram.com/semidecoco/

I’m very excited to announce that my ASMR content is now available now on Spotify, Apple Music, & more! Check them out!
Spotify: https://open.spotify.com/artist/3qZvh2fFEJk83lW5Tx7ArH?si=Ise1Ly7cTp6bG03SkQ-o6g
Apple Music: https://music.apple.com/ca/artist/semidecoco/1545694844
Amazon Music: https://music.amazon.ca/artists/B08R1486NC/semidecoco?marketplaceId=A2EUQ1WTGCTBG2&musicTerritory=CA

Paypal Donations to Help me Improve my Content and Upgrade my Equipment💕💕
 https://www.paypal.me/semidecoco
Thank you so much!

Help me contribute subtitles--your help is appreciated!
http://www.youtube.com/timedtext_cs_panel?c=UCmaZuwXmAri3hunyMTn_mMA&tab=2

I started making ASMR videos because of how much it helped me and continues to help me with relaxation and anxiety. 

These days, I watch ASMR regularly for entertainment or relaxation. I love the tingles that I feel, and the deep serenity that lasts for hours.

Thumbs up if you like this video and please subscribe to receive new videos like this one!

https://bit.ly/2m4HcEI

DISCLAIMERS

**No-Affiliation Disclaimer: I am not affiliated with or sponsored by any of the brands mentioned in this video. 

**Medical Disclaimer: I am not a healthcare professional. This video is created for relaxation, entertainment and ASMR/tingles inducing purposes only. 
For more information about ASMR phenomenon please click here: 
https://en.wikipedia.org/wiki/Autonomous_sensory_meridian_response

This video cannot replace any medication or professional treatment. If you have any health conditions please consult your health-care provider.

Help us caption & translate this video!

https://amara.org/v/C2TPR/",en,False,False,,
lUMuhXq7D0M,"['Pain', 'pain', 'headaches', 'toothaches']",4,Acupuntura,"Pseudocientífico
",215,215,377,The Science Behind How Acupuncture Helps Relieve Pain: A Doctor Of Chinese Medicine Explains,"We asked Dr. Daniel Hsu, a NY-based doctor of acupuncture and Chinese medicine, to explain how acupuncture works.",en,False,False,,
M1xLVYfGAuo,"['weight loss', 'pain', 'Acupuncture']",3,Acupuntura,"Pseudocientífico
",350,350,617,Acupuncture Points for Weight Loss,"LINK:
Free & Easy Wanderer https://drbaritz.com/collections/herbal-formulas/products/free-easy-wanderer
Tei Shin https://drbaritz.com/collections/accessories/products/acupoint-instrument

A recent analysis of twenty-one studies with over 1,300 participants showed amazingly that acupuncture point stimulation was significantly more effective in reducing body weight and body mass index than diet and exercise! (Study available on request.)

In this video I am going to show you how to use three acupuncture points to help you achieve your weight loss goals.

REFERENCES
Zhang, K., Zhou, S., Wang, C., Xu, H., & Zhang, L. (2018). Acupuncture on Obesity: Clinical Evidence and Possible Neuroendocrine Mechanisms. Evidence-Based Complementary and Alternative Medicine, 2018, 1-15. doi:10.1155/2018/6409389

BOOK BY DR BARITZ
The Fat-Burning Lifestyle https://www.amazon.com/gp/product/B07D24LZ61/ref=dbs_a_def_rwt_hsch_vapi_taft_p1_i0

WEBSITES
Dr. Baritz, Holistic Health & Nutrition - https://drbaritz.com
Baritz Wellness Center - https://www.baritzwellness.com

DISCLAIMER
Dr. Robert Baritz received his Doctor of Chiropractic degree from Los Angles College of Chiropractic in 1985. His use of “doctor” or “Dr.” in relation to himself solely refers to that degree. Dr. Baritz is a licensed chiropractor in Massachusetts. This video is for general informational purposes only. It should not be used to self-diagnose and it is not a substitute for a medical exam, cure, treatment, diagnosis, and prescription or recommendation. It does not create a doctor-patient relationship between Dr. Baritz and you. You should not make any change in your health regimen or diet before first consulting a physician and obtaining a medical exam, diagnosis, and recommendation. Always seek the advice of a physician or other qualified health provider with any questions you may have regarding a medical condition. Drbaritz.com, Baritz Wellness Center and Dr. Robert Baritz D.C. are not liable or responsible for any advice, course of treatment, diagnosis or any other information, services or product you obtain through this video or site. If you wish to become a patient of Dr. Baritz please call his office at 508 583-2565.",en,False,False,,
dm5QJZip2J0,"['osteopathy', 'anxiety', 'pain', 'fatigue']",4,Acupuntura,"Pseudocientífico
",600,600,538,DIGITO PUNTURA para la ANSIEDAD y ESTRES Acupuntura | Fisiolution,"Os enseñamos un tutorial de 4 puntos básicos de digito puntura para la ansiedad y el estrés, son técnicas muy fáciles de realizar en casa. Si estimulas con nuestros consejos esto puntos de acupuntura podrás tratar y aliviar el dolor, la fatiga, estrés, ansiedad y algunos síntomas de enfermedades. Este tratamiento realízalo siempre sin dolor.
¿Quieres apoyar el proyecto de Fisiolution? Conviértete en miembro de este canal para disfrutar de ventajas:
https://www.youtube.com/channel/UCeiZeyN4UYhCB6mlsyHm-vQ/join
Suscríbete al canal de Fisiolution: http://bit.ly/Fisiolution_SUB

Síguenos en nuestras redes sociales:
Facebook: https://www.facebook.com/fisiolution?fref=ts
Instagram: https://www.instagram.com/fisiolution.oficial/?hl=es

Si te ha gustado este video, NO TE PUEDES PERDER:
ACUPUNTURA | TRATAMIENTO para DEJAR de FUMAR o COMO DEJAR de FUMAR | Fisiolution https://youtu.be/TPYIPQtKi1E
Acupuntor RUBEN SANZ  | Fisiolution https://youtu.be/t4R5N_pGkf4

En el canal de Fisiolution puedes encontrar todo lo que quieres saber sobre la Fisioterapia (physiotherapy), salud y bienestar. Vídeos de tratamientos con las tecnologías más innovadoras, consejos, ejercicios, masajes (массаж), osteopatia y kinesiologia para todas las partes del cuerpo y mucho más. 

Para cualquier consulta y más informaciones, visita nuestra web: https://fisiolution.com/
Sesión fisioterapia online y telerehabilitacion: https://cutt.ly/RfcHP3L

#DigitoPuntura #TratamientoAnsiedad #Fisiolution
 
Hasta la curación y más allá! 
ejercicios para la ansiedad y el estres acupuntura distal acupuntura ansiedad medicina china acupuntura efectiva para el dolor fisiolution digito puntura para la ansiedad fisiolution digito puntura y acupuntura fisiolution digito puntura para la estrés acupuntura estres",es,True,True,2021-09-28T11:15:13Z,2021-09-28T11:27:05Z
3ggk4Oq6KAk,"['androgenetic alopecia', 'PCOS', 'business/company']",3,Acupuntura,"Pseudocientífico
",2997,2997,255,"[ASMR] Tracing & Drawing Chinese Acupoint Meridians on Skin (Back, Arms, Legs, Hands Real Person)","Hello everyone! I hope you enjoy this tracing & drawing Chinese acupoint meridians on skin video! I will be tracing and drawing the points along the back, arms, legs, and hands. (English subtitles are available for this video)

Enjoy and have a wonderful night, morning, day, wherever you are! Love you all 💕 🤗

How to Support Me 🥰
As I am a full-time content creator, I would be forever grateful if you took the time to support me and my channel ❤️
1. Like, subscribe, comment and share my videos! This helps others find my channel too 🥰
2. Watch through my ads as I rely on ad revenue, and please turn off ad blockers 🥺 (There won't be any mid roll ads for your viewing pleasure)
3. Or purchase a YouTube Premium subscription if you prefer no ads! A portion of your subscription will support my channel 🥰
4. You can also listen to the audio versions of my videos through Spotify, Apple Music, Amazon Music and other music platforms!
5. Every now and then I will have a brand sponsor the video! If you enjoy the product, considering purchasing the product through my link, this helps immensely as well 🥰

Join me on Instagram for posts about my life, behind the scenes and giveaways! https://www.instagram.com/semidecoco/

I’m very excited to announce that my ASMR content is now available now on Spotify, Apple Music, & more! Check them out!
Spotify: https://open.spotify.com/artist/3qZvh2fFEJk83lW5Tx7ArH?si=Ise1Ly7cTp6bG03SkQ-o6g
Apple Music: https://music.apple.com/ca/artist/semidecoco/1545694844
Amazon Music: https://music.amazon.ca/artists/B08R1486NC/semidecoco?marketplaceId=A2EUQ1WTGCTBG2&musicTerritory=CA

About Me 👩🏻
My name is Semide! I am a naturopathic medical student from Canada and an Asmrtist. My ASMR videos revolve around conventional and natural medicines as well as massage, cooking and nature. I often feature my family and friends to create ""unintentional-like"" real person ASMR videos. I also make role play videos and content around PCOS and androgenetic alopecia.

Thumbs up if you like this video and please subscribe and turn on the bell notification to receive new videos like this one!
https://bit.ly/2m4HcEI

 If you are a business/company who would like to contact me regarding a collaboration/sponsorship, please email me at semidecoco1@gmail.com

Time Stamps ⏰
0:00--Warm Up
2:52--Face Acupressure
10:46--Scalp Acupressure
18:50--Shoulder and Arm Tracing/Drawing
21:55--Drawing on Hand
28:14--Drawing on Back
41:35--Drawing on Leg
48:41--Drawing on Foot

DISCLAIMERS

**No-Affiliation Disclaimer: I am not affiliated with or sponsored by any of the brands mentioned or shown in this video. 

**Medical Disclaimer: I am not a healthcare professional. This video is created for relaxation, entertainment and ASMR/tingles inducing purposes only. 
For more information about ASMR phenomenon please click here: 
https://en.wikipedia.org/wiki/Autonomous_sensory_meridian_response

This video cannot replace any medication or professional treatment. If you have any health conditions please consult your health-care provider.",en,False,False,,
2AdBIE6dQP0,"['chronic constipation', 'menstrual cramps', 'Sciatica', 'constipation', 'Pain', 'insomnia', 'Constipation']",7,Acupuntura,"Pseudocientífico
",423,423,366,Acupressure Points for Severe Constipation,"I'm showing the acupressure points for severe constipation and how to stimulate them using rice and Band Aid. (Massage Monday 588)

Acupressure is an alternative medicine technique often used in conjunction with acupuncture or reflexology. It is based on the concept of life energy which flows through ""meridians"" in the body.

Acupressure is a traditional Chinese medicine therapy in which pressure is applied to a specific point on the body. It is done to free up energy blockages said to cause health concerns from insomnia to menstrual cramps. There isn't much research into the effects of acupressure.

With acupressure there can be a noticeable instant effect, however, it can also take 15 to 20 minutes until an alleviating effect occurs. With a little trial and error, and some practice, you will be start finding the correct acupressure point faster and more accurately.

Full Post: http://bit.ly/mm-588

➤Related Videos:

✅ Constipation Playlist: 
https://youtube.com/playlist?list=PLW8Vib4dy74oWcsHSG9EsV4wt7y6FCcXQ

✅ Acupressure points for constipation:
https://youtu.be/3xvjmckbrPE

✅ [Pregnancy Safe] Acupressure for Constipation:
https://youtu.be/V2sks-QSeCc

✅ [CC Friendly] Acupressure Points for Constipation:
https://youtu.be/Smb1GUjOrOE

✅ Quick and Easy Massage for Constipation:
https://youtu.be/R89DWgMBthI

✅ Hands-Free Massage for Gas and Constipation:
   https://youtu.be/ol3I-plcEIA

Website: http://bliss2massage.com

YouTube: http://www.youtube.com/bliss2massage

Amazon Store: http://www.amazon.com/shop/bliss2massage

Facebook: http:www.facebook.com/bliss2massage

Twitter: http://twitter.com/bliss2massage

Instagram: http://instagram.com/bliss2massage

Awesome Music: Music Box Studios http://audiojungle.net/user/MusicBoxStudios 




Affiliate Link Disclaimer: I get commissions for purchases made through links in this post.


CHECK OUT MY POPULAR VIDEOS:
___________________________________________________
✔️Acupressure points for Constipation - Massage Monday 162 || https://youtu.be/3xvjmckbrPE
✔️How To Massage Sciatica To Reduce Leg Pain - Massage Monday 226 || https://youtu.be/ERSob6M3Nok
✔️Anti-Aging Fat Reducing Tanaka Self Facelift Massage (Normal Speed) || https://youtu.be/DB2gVAGITIA
✔️Acupressure Points for Tinnitus || https://youtu.be/wU06se9Qhd8
✔️Thyroid Massage to Look 40 Years Younger? || https://youtu.be/Dqvmom7Fi4Y
___________________________________________________


Thank you for watching!

Please like, comment, subscribe, and hit the bell 🔔 so that you never miss any videos!


👉Subscribe to our channel: https://www.youtube.com/c/bliss2massage


Disclaimer: Yasuko Kawamura is not a medical doctor. Information Yasuko Kawamura provides during her presentations is for informational and educational purposes only. This content is not intended to be a substitute for a professional medical advice, diagnosis, or treatment. Your viewing, commenting or subscribing to this YouTube channel does not create a therapist-client relationship. The statements made about specific products, exercise or massage are not intended to diagnose, treat, cure or prevent disease or symptoms. Yasuko Kawamura recommends that you consult your physician regarding the applicability of any of the recommendations and follow all safety instructions before beginning any exercise or massage. Yasuko Kawamura assumes no responsibility or liability for any errors or omissions in the content provided. When participating in any of this exercise, there is the possibility of physical injury. If you engage in this exercise, you agree that you do so at your own risk, are voluntarily participating in these activities, and assume all risk of injury to yourself.",en,False,False,,
Ei1KsP9PrUg,"['weight loss', 'overweight siblings']",2,Acupuntura,"Irrelevante
",201,201,652,Amy and Michael Try Acupuncture | 1000-lb Sisters,"Stream Full Episodes of 1000-lb Sisters:
https://www.discoveryplus.com/show/1000-lb-sisters

Subscribe to TLC: 
http://bit.ly/SubscribeTLC 

Facebook: 
https://www.facebook.com/TLC

Twitter: 
https://twitter.com/TLC

Instagram:
https://www.instagram.com/TLC

#1000lbSisters",en,False,False,,
kGjB83Y3i_g,"['anxiety', 'Insomnia', 'familial insomnia', 'insomnia', 'osteopathy', 'sleep disorders']",6,Acupuntura,"Pseudocientífico
",529,529,573,DUERMES MAL😖? haz esto y felices sueños 😴 AUTO MASAJE  👉 Digito puntura Fisiolution,"Combate el insomnio: Aprende a realizarte un auto masaje con Digito puntura antes de dormir y duerme como un bebé,  Descubre el auto masaje con Digito puntura para mejorar tu calidad de sueño
A partir de ahora tendrás un sueño reparador

Conviértete en miembro de este canal para disfrutar de ventajas: https://cutt.ly/1ZnLgPr Suscríbete al canal de Fisiolution: http://bit.ly/Fisiolution_SUB
Tienda FISIOLUTION https://my-store-b798f3.creator-spring.com/
Partner Oficial FISIOCREM https://www.fisiocrem.es/
Inestimable ayuda de Complete Anatomy from ELSEVIER: https://3d4medical.com/es
En el canal de Fisiolution ponemos la fisioterapia a tu alcance (physiotherapy) . Además de darte recomendaciones y consejos sobre , salud y bienestar.  Vídeos de tratamientos con las tecnologías más innovadoras, consejos, ejercicios, masajes (массаж), osteopatia y kinesiologia para todas las partes del cuerpo y mucho más. 

Para cualquier consulta y más informaciones, visita nuestra web: https://fisiolution.com/
Ponemos la fisioterapia tu alcance con sesiones de fisioterapia online y telerehabilitacion: https://cutt.ly/RfcHP3L
¿Quieres apoyar el proyecto de Fisiolution? Conviértete en miembro de este canal para disfrutar de ventajas: https://cutt.ly/1ZnLgPr

#masaje  #insomnio  #Fisiolution
Síguenos en nuestras redes sociales:
TiktoK: https://www.tiktok.com/@fisiolution
Facebook: https://www.facebook.com/fisiolution?fref=ts
Instagram: https://www.instagram.com/fisiolution.oficial/?hl=es
Twitter: https://twitter.com/fisiolution

Hasta la curación y más allá!
00:00 intro
0:22 que es el Insomnio
0:50 1º masaje 
1:25 2º masaje
2:10 3º masaje
2:51 4º masaje
3:40 5º masaje 
5:14 6º masaje 
6:50 7º masaje",es,False,False,,
v0ZBp1QKOUs,"['KIT', 'headache']",2,Acupuntura,"Pseudocientífico
",576,576,464,How to use Acupressure kit. What is Acupressure and Acupuncture .  Price and details.,"Thanks for your love and support.
Please like share and subscribe to my channel.

THANKS FOR WATCHING 

KITS

ACUPRESSURE KIT WITH 12 PRODUCTS (SAME AS SHOWN IN THE VIDEO)
https://amzn.to/399mNCY
ACUPRESSURE KIT WITH 8 PRODUCTS
https://amzn.to/3qaAGIh
ONLY ROLLERS


https://amzn.to/3s8M493
ACUPRESSURE CHAPPAL
https://amzn.to/35qXIm1
ACUPRESSURE RINGS ONLY
https://amzn.to/35m6q4T
FOOT MAT & SHOE SOLE ONLY
https://amzn.to/35m6v8H
TWO ROLLERS COMBO
https://amzn.to/2JZQNc9

BUY OTHER ACUPRESSURE PRODUCTS HERE

ACUPRESSURE MASSAGER 
https://amzn.to/3n5cSnb
LONG HANDLE MASSAGER
https://amzn.to/3rOlcLz
NOVA FACE MASSAGER
https://amzn.to/3rMx1Sv
FULL BODY VIBRATOR MASSAGER
https://amzn.to/3oaBxIh
HEAD MASSAGER
https://amzn.to/3pPBKBb
FOOT ROLLER
https://amzn.to/38MjHDU
3D MASSAGER ROLLER
https://amzn.to/2Mv3cpl
Foot mat
https://amzn.to/2PqKaPL
Hand exerciser
https://amzn.to/2LYK5AO
Acupressure sujok rings
https://amzn.to/2YT9y3S
Acupressure chappals
https://amzn.to/2S4orPH
Acupressure hand pointed ball
https://amzn.to/2YU8Ymp
Magnet mat kit
https://amzn.to/2syFaj4
RAmdev foot roller
https://amzn.to/2YXYpyL
Full big acupressure kit with everything
https://amzn.to/2RVdD66
.",en,False,False,,
Vmo0W5YYprM,"['Kidney & Urination', 'Kidney stone', 'Urination', 'kidney stone', 'stressors and illness', 'pain', 'kidney disease', 'muffle pain']",8,Acupuntura,"Pseudocientífico
",365,365,672,"Miraculous Acupressure points for Kidney & Urination problems, Kidney stone, All kidney issues","Are you suffering from any kind of kidney and urine-related issues then this video is for you also If you want to keep your kidney healthy always, then along with yoga, you can press these acupressure points to get more benefits from them.

What Does Acupressure Do?
Acupressure unblocks meridians using gentle yet firm pressure on specific points along the energy lines, called acupoints. In response to the pressure, the brain oozes endorphins, chemicals that muffle pain signals and invite pleasurable feelings. In the absence of pain, muscles relax and blood flows more freely. As tension recedes, the body finds balance.

Acupressure isn’t just a remedy; it’s also a preventive measure. Strategically applied pressure enables the body to resist stressors and illness.

Acupressure is the practice of applying precise pressure, usually with fingertips, to various points on the body with the goal of balancing life energy, called qi in Traditional Chinese Medicine or chi in the West. The points lie along channels of energy in the body called meridians. Envision the body as a house wired for electricity, but instead of cables, meridians carry the electricity. When the meridians are blocked or out of balance, pain arises.

Disclaimer -
video is for educational purposes only. Copyright Disclaimer Under Section 107 of the Copyright Act 1976, allowance is made for ""fair use"" for purposes such as criticism, comment, news reporting, teaching, scholarship, and research. Fair use is a use permitted by copyright statutes that might otherwise be infringing. Non-profit, educational, or personal use tips the balance in favor of fair use.",en,True,True,2022-04-12T12:46:53Z,2022-04-12T12:54:56Z
cPwBN0hSAVk,"['Pain', 'Infertility']",2,Acupuntura,"Pseudocientífico
",660,660,0,"Acupuncture – Your First Visit with Abigail Surasky, L.Ac.","Please watch this video to see what my office looks like, inside and out, to meet me, and to know what to expect in your first acupuncture visit. I hope to meet you!
(Opening photo by Freda Kreitzer)
www.abigailsuraskyacupuncture.com",en,False,False,,
N8OpgEcudCE,"['intestinal bleeding', 'injury or illness', 'constipation', 'dyspnea', 'Constipation', 'bad breath']",6,Acupuntura,"Pseudocientífico
",711,711,351,Solutions to Chronic and Severe Constipation!  3 min/day only. (Blood Vessel Sweeper Exercise),"Constipation is not just a problem of the digestive system, because the accumulation of toxins and poor nutrient absorption can make people feel tired,  dull skin, emotional instability, bad breath, increased blood pressure, or increased eye pressure caused by strong pushing or squeezing of stool. Therefore, people with constipation symptoms should take it seriously.

In this video, Jonathan, licensed acupuncturist, used the concept of ""Blood Vessel Sweeper Exercise"" to introduce a set of methods that can treat constipation, even for stubborn cases.

There are three keys of the constipation solution: blood, nerves, and lubrication to help intestinal movement. It only takes ten minutes to watch the video, and you can learn the  solutions to cure constipation in a natural and effective way from the experienced healer. 

*** For more information or questions, please visit the website or contact us: 
http://www.inhandacupuncture.com

*** For COVID-19 patients who like to schedule a free distance consultation, please email to : inhandacupuncture@gmail.com

[  Disclaimer  ]
Jonathan Fang and In Hand Acupuncture are not responsible in any way for any injury or illness that may result from attempting to perform the exercises and movement demonstrated or following the instructions contained in any of our videos, nor can we guarantee any results. We do believe that these exercises will be helpful for a variety of health issues including the effects of Covid-19 virus but those attempting these exercises must do so at their own risk.",en,False,False,,
BugXQnisE78,"['accidents', 'muscle fibrosis', 'back pain', 'disc pain', 'Calcium', 'joints', 'herpes Zoster', 'acupuncture sciatica', 'end sciatic pain', 'stroke', 'paralyses', 'Myofascial pain', 'Muscle pain', 'sciatic pain', 'sciatica pain', 'depression', 'Vitamin D', 'phobias', 'Zinc', ""Bell's palsy"", 'Magnesium', 'diabetes', 'pain', 'paralysis', 'sciatic nerve pain', 'cancer', 'sciatica', 'fibromyalgia', 'trauma', 'muscle pain', 'neuropathies']",31,Acupuntura,"Pseudocientífico
",326,326,541,COMO ACABAR COM A DOR NO CIÁTICO COM DICAS DE ACUPUNTURA,"🌿 Os suplementos que eu uso e recomendo: https://www.doctorspharmacy.com.br/formulas-exclusivas/dr--peter-liu Suplementos para dor
▶️ Cálcio, Magnésio, Zinco (sundown) https://amzn.to/3dLnfbs 
▶️ Magnésio Prêmio: http://bit.ly/3qfirst
▶️ Vitamina D com K2: http://bit.ly/3qfirst
▶️ Coenzima Q10 http://bit.ly/3qfirst
▶️ L-CARNITINA: https://amzn.to/3bF2f5w ou https://amzn.to/3g3mCft 
▶️ Harpago (Garra do Diabo) https://amzn.to/2ZEsmGG 
Olá,

Eu sou Peter Liu, sou médico da medicina Chinesa. Tenho uma clínica de acupuntura em Campinas, interior de São Paulo de Medicina Oriental.

No Canal Peter Liu, temos mais de 1200 vídeos para você compartilhar com seus amigos e familiares para que tenham uma qualidade de vida e a saúde melhorada no seu dia-a-dia.

Eu tenho um curso de leitura facial On-Line que está disponível no site oficial do Dr. Peter Liu: https://www.peterliu.com.br, Para quem quiser fazer este curso, basta acessar o site ou entrar em contato usando o WhatsApp no número 019 984106241.

Praticar o Bem salva a vidas das pessoas! É a graça, é de graça! A maior recompensa do bem é o reconhecimento de que você é do bem. Os seus amigos vão agradecer você eternamente por ter salvado a vida deles! Dr. Peter Liu é um especialista de acupuntura e medicina Chinesa, trata as dores musculares, neuropatias, articulações, fibromialgia, dores na coluna. Doenças como diabetes, pressão alta, tireoides e problemas Intestinais. Doenças como fobias, traumas e depressão. Doenças graves como câncer, tem acompanhamento.

Dr. Peter Liu criou 4 modalidades de acupuntura diferenciadas:

1. Neuroplastia: que trata paralisias trofias neurológicos ou de sequelas AVC ou acidentes, paralisia de Bell, paralisia facial, paralisia facial causado por herpes Zoster, paraplégico.

2. Varizes: Usa agulha de acupuntura para curar as varizes sem cirurgia! Pioneiro do mundo.

3. Dores miofacial: Dores musculares com fibrose muscular.

4. Acupuntura na língua: Essa modalidade trata fibromialgia com muita facilidade. Você poderá sentir um alívio imediato com apenas uma sessão mesmo com 5 anos de fibromialgia!

Dr. Peter Liu trata seu corpo, mente e alma.

-------------------------------------------------------------------------------------------------------------
ESTRUTURA DIGITAL

💻 Site Oficial - https://www.peterliu.com.br

-------------------------------------------------------------------------------------------------------------
REDES SOCIAIS

▶️ Facebook: https://www.facebook.com/saudezen
▶️ Instagram: https://www.instagram.com/drpeterliu
-------------------------------------------------------------------------------------------------------------
TREINAMENTOS CRIADOS

✅ Leitura Facial – https://www.peterliu.com.br

__________________________________________________________________
CONTATO

D. Peter Liu
Medicina Chinesa
Telefone: (019) 3305-6000
WhatsApp: (019) 98410-6241",pt,False,False,,
vIzHZjpQt_g,"['Sciatica', 'impotence', 'Pain', 'Erectile Dysfunction', 'Constipation', 'erectile dysfunction']",6,Acupuntura,"Pseudocientífico
",137,137,87,Acupressure Points for ED (Erectile Dysfunction) - Massage Monday 304,"Full Post: http://bit.ly/mm-082216
Website: http://bliss2massage.com

YouTube: http://www.youtube.com/bliss2massage

Amazon Store: http://www.amazon.com/shop/bliss2massage

Facebook: http:www.facebook.com/bliss2massage

Twitter: http://twitter.com/bliss2massage

Instagram: http://instagram.com/bliss2massage

Awesome Music: Music Box Studios http://audiojungle.net/user/MusicBoxStudios 




Affiliate Link Disclaimer: I get commissions for purchases made through links in this post.


CHECK OUT MY POPULAR VIDEOS:
___________________________________________________
✔️Acupressure points for Constipation - Massage Monday 162 || https://youtu.be/3xvjmckbrPE
✔️How To Massage Sciatica To Reduce Leg Pain - Massage Monday 226 || https://youtu.be/ERSob6M3Nok
✔️Anti-Aging Fat Reducing Tanaka Self Facelift Massage (Normal Speed) || https://youtu.be/DB2gVAGITIA
✔️Acupressure Points for Tinnitus || https://youtu.be/wU06se9Qhd8
✔️Thyroid Massage to Look 40 Years Younger? || https://youtu.be/Dqvmom7Fi4Y
___________________________________________________


Thank you for watching!

Please like, comment, subscribe, and hit the bell 🔔 so that you never miss any videos!


👉Subscribe to our channel: https://www.youtube.com/c/bliss2massage


Disclaimer: Yasuko Kawamura is not a medical doctor. Information Yasuko Kawamura provides during her presentations is for informational and educational purposes only. This content is not intended to be a substitute for a professional medical advice, diagnosis, or treatment. Your viewing, commenting or subscribing to this YouTube channel does not create a therapist-client relationship. The statements made about specific products, exercise or massage are not intended to diagnose, treat, cure or prevent disease or symptoms. Yasuko Kawamura recommends that you consult your physician regarding the applicability of any of the recommendations and follow all safety instructions before beginning any exercise or massage. Yasuko Kawamura assumes no responsibility or liability for any errors or omissions in the content provided. When participating in any of this exercise, there is the possibility of physical injury. If you engage in this exercise, you agree that you do so at your own risk, are voluntarily participating in these activities, and assume all risk of injury to yourself.",en,False,False,,
YwAT7lsVbyg,"['TIPS', 'toothache', 'Vitamin D', 'Calcium', 'end toothache', 'Magnesium', 'Zinc']",7,Acupuntura,"Pseudocientífico
",212,212,477,ALIVIAR DOR DE DENTE RÁPIDO COM PONTOS DE ACUPUNTURA | Dr. Peter Liu,"🌿 Os suplementos que eu uso e recomendo: https://www.doctorspharmacy.com.br/formulas-exclusivas/dr--peter-liu Ensino a você esse truque de medicina chinesa para como aliviar sua dor de dente rápido e em casa.

Suplementos 
▶️ Cálcio, Magnésio, Zinco (sundown) https://amzn.to/3dLnfbs  
▶️ Magnésio Prêmio:http://bit.ly/3qfirst
▶️ Vitamina D com K2: http://bit.ly/3qfirst
▶️ Coenzima Q10 http://bit.ly/3qfirst
▶️ Harpago (Garra do Diabo)  https://amzn.to/2ZEsmGG

👍Meus Suplementos: https://bit.ly/34AowPD​
🚩Conheça  meu curso de Leitura Facial : https://bit.ly/2WWkkGU​
----------------------------------------------------------------------------------------------------------------------------------------
✅ INSCREVER NO CANAL - https://bit.ly/canalPeterLiu​
✅ SEGUE NO INSTAGRAM - https://bit.ly/Instagram_PeterLiu​
✅ SITE - https://www.peterliu.com.br​
✅ FACEBOOK - https://www.facebook.com/saudezen​
✅ AGENDA CONSULTAS - WhatsApp (19) 98410-6241 https://bit.ly/Consulta_PeterLiu​
✅ Cursos: Leitura Facial – https://bit.ly/2WWkkGU​

----------------------------------------------------------------------------------------------------------------------------------------
🔵 SIGA MINHAS PRINCIPAIS PLAYLISTS
▶️MEUS MELHORES VÍDEOS https://bit.ly/38r0KqY​
▶️MEUS SUPLEMENTOS https://bit.ly/3eWl1ah​
▶️ESPIRITUALIDADE & REFLEXÕES https://bit.ly/3grU8Lw​
▶️DICAS DE BELEZA https://bit.ly/38wEP1v​

#autoestima​
----------------------------------------------------------------------------------------------------------------------------------------
DESENCARGO DE RESPONSABILIDADE:

As informações fornecidas neste canal possuem caráter unicamente educativo, não pretendendo substituir a consulta aos profissionais competentes, e nem servir como recomendações para quaisquer protocolos de tratamento de uma ou mais condições de saúde.

Cabe destacar que, apesar do fato dos fitoterápicos, suplementos, conselhos e receitas apresentados neste canal serem naturais em sua maioria, não significa que não possam ocasionar efeitos secundários em algumas pessoas, dado que cada organismo é distinto e o que pode funcionar em um pode não funcionar em outro. Em caso de dúvidas, procure seu médico.
----------------------------------------------------------------------------------------------------------------------------------------
👋Olá,

Sou  Peter Liu,  terapeuta holística em acupuntura e medicina chinesa e tenho uma clínica de acupuntura em Campinas, interior de São Paulo. 

No meu canal tenho milhares de vídeos para você poder compartilhar com seus amigos e familiares para que tenham uma qualidade de vida e a saúde melhorada. 

✔Eu tenho um curso de Leitura Facial On-Line que está disponível no meu site oficial: https://www.peterliu.com.br​ 

✔Quem quiser fazer este curso basta acessar o site ou entrar em contato usando o WhatsApp no número (19) 984106241 ou (019) 3305-6000",pt,False,False,,
paMav5unE_s,['inflammation'],1,Acupuntura,"Pseudocientífico
",421,421,176,Facial Acupuncture | Korean Beauty Secret,"Facial Acupuncture | Korean Beauty Secret
In this video, Lacey Jones tries facial acupuncture at the Kwangdong Hospital for Traditional Korean Medicine in Seoul. This Korean beauty secret is known for balancing face symmetry, reducing inflammation, lifting the face and giving an overall glow. You'll see the step by step facial acupuncture procedure including the doctor consultation, the placement of the needles and removal, and the before and after visual of the cosmetic acupuncture. Korea is known for it's beauty treatments and this one is definitely one to add to your list! Make sure to watch until the end for a special Kbeauty giveaway! 

Kwangdong Hospital Website: http://www.ekwangdong.com

One Lucky winner will receive 5 of Lacey's favorite Korean Face Sheet Masks from Seoul
TO ENTER THE GIVEAWAY:
1. Subscribe to this Gratified Soul Channel
2. Like this Facial Acupuncture video
3. Comment below if you've ever tried facial acupuncture or if you ever would after watching this video. 

Lacey will pick the winner in a few days so make sure to enter right away! Best of Luck! 

#facialacupuncture #koreanbeauty #facialforglowingskin 
***********************************************************

LET'S CONNECT ON SOCIAL:

Twitter: https://twitter.com/laceyjones
Snapchat: https://www.snapchat.com/add/gratifie...
Instagram: https://www.instagram.com/gratifiedsoul
Facebook: https://www.facebook.com/TheGratified...

************************************************************
WATCH: Ricky Kazf's experience with facial acupuncture from the Kwangdong Oriental Medicine Hospital: https://youtu.be/JTw8oTHuyQk",en,False,False,,
fmO3-y4Op9Q,['TCM'],1,Acupuntura,"Pseudocientífico
",,,,,,,False,False,,
Ba3NmX4Oe5A,['pain'],1,Acupuntura,"Pseudocientífico
",234,234,77,Acupuncture Treatment,"Most of us have heard of acupuncture- but do you know what it's for, or how it actually works? Jane Monzures is meeting with an expert to answer those questions and more- plus she's giving it a try herself!


Living Healthy Chicago is a health and wellness program that airs Saturday mornings at 9am on WGN, aiming to educate and inspire our viewers to live healthier lives.

Visit the Living Healthy Chicago Website:
https://wgntv.com/category/living-healthy-chicago/",en,False,False,,
xzSSp73jkQc,[],0,Acupuntura,"Pseudocientífico
",44,44,159,"keep Liver, stomach, Lungs, Pancreas healthy with One minutes simple Acupressure technique everyday","If you want to learn basics of Acupressure  in next 3 days Acupressure Workshop Or wants to learn Mudra Therapy then do WhatsApp me on given numbers 👇👇

+91 92896 52811
+971 558642051

#yogashakti 
#shorts 
#acupressure 
#mudra 
#Workshop",en,False,False,,
oyz6F96ujso,"['hypothyroidism', 'hyperthyroidism', 'thyroid goiter']",3,Acupuntura,"Pseudocientífico
",246,246,433,5 Minutes Thyroid Acupressure point massage | Acupressure point Therapy for Thyroid imbalances,"In this video, I have shown acupressure techniques that help in releasing excessive energy and also energize the thyroid gland by stimulating the point with oil massage, clockwise, anticlockwise, press and release method.
Do include this 👇 YOGA FOR THYROID👇 videos along with your acupressure routine

Yoga for thyroid: https://www.youtube.com/playlist?list=PL5y-ydIXr2IWB9GUzQrumivXEnu3kF89z

#thyroid #acupressure #yogatherapy #yogashakti  #thyroidexercise


Disclaimer -
video is for educational purposes only. Copyright Disclaimer Under Section 107 of the Copyright Act 1976, allowance is made for ""fair use"" for purposes such as criticism, comment, news reporting, teaching, scholarship, and research. Fair use is a use permitted by copyright statutes that might otherwise be infringing. Non-profit, educational or personal use tips the balance in favor of fair use.",en,True,True,2022-03-02T02:00:09Z,2022-03-02T02:06:11Z
RcIba-_6-ac,"['Acupuncture | Fisiolution', 'chronic constipation', 'pain', 'anxiety', 'constipation', 'fatigue', 'osteopathy', 'Constipation']",8,Acupuntura,"Pseudocientífico
",683,683,94,DIGITO PUNTURA para el ESTREÑIMIENTO Acupuntura | Fisiolution,"Os enseñamos un tutorial de 3 puntos básicos de digito puntura para la eliminar el estreñimiento, son técnicas muy fáciles de realizar en casa. ¿Quieres apoyar el proyecto de Fisiolution? Conviértete en miembro de este canal para disfrutar de ventajas: https://cutt.ly/aKNCIyG 
Suscríbete al canal de Fisiolution: http://bit.ly/Fisiolution_SUB
Si estimulas con nuestros consejos esto puntos de acupuntura podrás tratar y aliviar el dolor, la fatiga, estrés, ansiedad y algunos síntomas de enfermedades. Este tratamiento realízalo siempre sin dolor.
Suscríbete al canal de Fisiolution: http://bit.ly/Fisiolution_SUB

Si te ha gustado este video, NO TE PUEDES PERDER:
DIGITO PUNTURA para la ANSIEDAD y ESTRES Acupuntura | Fisiolution https://youtu.be/dm5QJZip2J0

¿Quieres apoyar el proyecto de Fisiolution? Conviértete en miembro de este canal para disfrutar de ventajas:
https://www.youtube.com/channel/UCeiZeyN4UYhCB6mlsyHm-vQ/join

En el canal de Fisiolution ponemos la fisioterapia a tu alcance (physiotherapy) . Además de darte recomendaciones y consejos sobre , salud y bienestar.  Vídeos de tratamientos con las tecnologías más innovadoras, consejos, ejercicios, masajes (массаж), osteopatia y kinesiologia para todas las partes del cuerpo y mucho más. estreñimiento en el embarazo estreñimiento acupuntura estreñimiento cronico estreñimiento niños

Para cualquier consulta y más informaciones, visita nuestra web: https://fisiolution.com/
Sesión fisioterapia online y telerehabilitacion: https://cutt.ly/RfcHP3L

#DigitoPuntura #TratamientoEstreñimiento #Fisiolution
¿Quieres apoyar el proyecto de Fisiolution? Conviértete en miembro de este canal para disfrutar de ventajas: https://cutt.ly/eR1tNWU
 
Síguenos en nuestras redes sociales:
TiktoK: https://www.tiktok.com/@fisiolution
Facebook: https://www.facebook.com/fisiolution?fref=ts
Instagram: https://www.instagram.com/fisiolution.oficial/?hl=es
Twitter: https://twitter.com/fisiolution

Hasta la curación y más allá! 

00:00 intro 
0:38 que es el estreñimiento 
1:43 1º punto de tratamiento para estreñimiento 
4:07 2º punto para estreñimiento 
6:30 3º punto triple calentador
8:38 recordamos los tres puntos
9:30 recomendaciones generales",es,True,True,2022-07-12T13:00:11Z,2022-07-12T13:13:28Z
jpJhxiIkA0U,"['weight loss', 'weightloss']",2,Acupuntura,"Pseudocientífico
",91,91,51,Acupuncture for Weight Loss,"Looking to lose a few pounds? Struggling with a slow metabolism and poor digestion? Dr. Lorne Brown of Acubalance Wellness Centre in Vancouver, BC explains how acupuncture may be just what you need to help shed the weight. Acupuncture is an ancient technique that can help alleviate cravings and keep you on track to a healthy weight.

Have you tried acupuncture for weight loss? Share your story or comment on this video below - we'd love to hear about your weight loss journey. We'd also dig it if you 'like' and share this video! 

Music Credit: Elle by Guillaume http://soundcloud.com/guilllaume/elle",en,False,False,,
KUQ42KpqSD0,"['accidents', 'muscle fibrosis', 'headache', 'aura', 'PMS', 'ocular migraine', 'nausea', 'joints', 'migraine', 'stroke', 'Muscle pain', 'Myofascial pain', 'depression', 'phobias', ""Bell's palsy"", 'diabetes', 'pain', 'paralysis', 'cancer', 'fibromyalgia', 'trauma', 'muscle pain', 'neurological trofies', 'neuropathies']",24,Acupuntura,"Pseudocientífico
",383,383,498,Enxaqueca - Os Efeitos Da Acupuntura | Dr. Peter Liu,"🌿 Os suplementos que eu uso e recomendo: https://www.doctorspharmacy.com.br/formulas-exclusivas/dr--peter-liu Método de acupuntura sem agulha para quem sofre de enxaqueca.

✔Inscreva-se no meu Canal. Curta esse vídeo e compartilhe com amigos e familiares para um mundo melhor!

🟠 Meus Suplementos 
👍 Metilfolato Premium do Peter Liu  https://bit.ly/2zmFolato 
▶️ Magnésio Premium: https://bit.ly/BlendMg3  
▶️ Omega -3 Ultra:   https://bit.ly/2WPoeSo3
▶️ Vitamina D com K2: https://bit.ly/vitaminaDK2 
▶️ Triptofano FloraVita 500mg  https://bit.ly/2UvhDL8
▶️Tribulus Terrestris 700mg https://bit.ly/2XuTribulus
----------------------------------------------------------------------------------------------------------------------------------------
✅ INSCREVER NO CANAL - https://bit.ly/canalPeterLiu
✅ SEGUE NO INSTAGRAM - https://bit.ly/Instagram_PeterLiu
✅ SITE - https://www.peterliu.com.br
✅ FACEBOOK - https://www.facebook.com/saudezen
✅ AGENDA CONSULTAS - WhatsApp (19) 98410-6241 https://bit.ly/Consulta_PeterLiu
✅ Cursos: Leitura Facial – https://www.peterliu.com.br

----------------------------------------------------------------------------------------------------------------------------------------
🔵 SIGA MINHAS PRINCIPAIS PLAYLISTS
▶MEUS MELHORES VÍDEOS https://bit.ly/38r0KqY
▶MEUS SUPLEMENTOS https://bit.ly/3eWl1ah
▶ESPIRITUALIDADE & REFLEXÕES https://bit.ly/3grU8Lw

🔵 Título 1 - Acupuntura para enxaqueca
🔵 Título 2 - acupuntura sem agulha para enxaqueca


----------------------------------------------------------------------------------------------------------------------------------------
DESENCARGO DE RESPONSABILIDADE:

As informações fornecidas neste canal possuem caráter unicamente educativo, não pretendendo substituir a consulta aos profissionais competentes, e nem servir como recomendações para quaisquer protocolos de tratamento de uma ou mais condições de saúde.

Cabe destacar que, apesar do fato dos remédios, suplementos, conselhos e receitas apresentados neste canal serem naturais em sua maioria, não significa que não possam ocasionar efeitos secundários em algumas pessoas, dado que cada organismo é distinto e o que pode funcionar em um pode não funcionar em outro. Em caso de dúvidas, procure seu médico.
----------------------------------------------------------------------------------------------------------------------------------------
👋Olá,

Eu sou o Dr. Peter Liu, médico da medicina chinesa. Trabalho com medicina oriental e tenho uma clínica de acupuntura em Campinas, interior de São Paulo. 

No canal Peter Liu, temos milhares de vídeos para você poder compartilhar com seus amigos e familiares para que tenham uma qualidade de vida e a saúde melhorada. 

✔Eu tenho um curso de Leitura Facial On-Line que está disponível no meu site oficial: https://www.peterliu.com.br 

✔Quem quiser fazer este curso basta acessar o site ou entrar em contato usando o WhatsApp no número (19) 984106241. 

Praticar o bem salva a vidas das pessoas! É a graça, é de graça! A maior recompensa do bem é o reconhecimento de que você é do bem. Os seus amigos vão agradecer você eternamente por ter salvado a vida deles! 

🔵BIO
Dr. Peter Liu é um especialista de acupuntura e medicina chinesa. Trata dores musculares, neuropatias, articulações, fibromialgia, dores na coluna, doenças como diabetes, pressão alta, tireoides e problemas intestinais. Além de doenças como fobias, traumas e depressão. Também faz acompanhamento de doenças graves como câncer. 

Dr. Peter Liu criou 4 modalidades de acupuntura diferenciadas: 

1. Neuroplastia: que trata paralisias trofias neurológicos ou de sequelas de AVC ou acidentes, paralisia de Bell e paralisia facial.

 2. Varizes: Usa agulha de acupuntura para curar as varizes sem cirurgia! Pioneiro do mundo. 

3. Dores miofacial: Dores musculares com fibrose muscular. 

4. Acupuntura na língua: Essa modalidade trata fibromialgia com muita facilidade. Você poderá sentir um alívio imediato com apenas uma sessão mesmo com 5 anos de fibromialgia! 

Dr. Peter Liu trata seu corpo, mente e alma.
__________________________________________________________________
🔵CONTATO

D. Peter Liu
Medicina Chinesa
Telefone: (019) 3305-6000
WhatsApp: (019) 98410-6241",pt,False,False,,
X6izLh_x2Jw,[],0,Acupuntura,"Pseudocientífico
",863,863,416,Acupuncture الوخز بالإبر (الصينية),"في هذه الحلقة، أنظر معكم في تقنية الوخز بالإبر الصينية، كيف (يفترض أن) تعمل، سواء فيما يقوله الطب الصيني القديم الذي أتت منه أو الممارسين لها اليوم، في أي حالات تستخدم، ما مدى نجاعتها، كم تكلف، الخ. ..
شاهدوا.
 تأمّل معي هو برنامج علمي تربوي أسبوعي قصير يعرض فيه د. نضال قسوم مواضيع شيّقة للجمهور العام، يصبو من خلاله الى رفع الثقافة العلمية العربية ومواكبة التطورات في العلوم والتكنولوجيا وتصحيح الأفكار والمفاهيم.
__________
تابعونا على شبكات التواصل الاجتماعي:
https://www.facebook.com/NidhalGuessoum
https://twitter.com/NidhalGuessoum",ar,False,False,,
AvsRMatrNns,"['Sciatica', 'uric acid', 'Pain', 'Gout', 'gout', 'Constipation']",6,Acupuntura,"Pseudocientífico
",180,180,81,Acupressure Points for Gout - Massage Monday 309,"Full Post: http://bit.ly/mm-092616
Website: http://bliss2massage.com

YouTube: http://www.youtube.com/bliss2massage

Amazon Store: http://www.amazon.com/shop/bliss2massage

Facebook: http:www.facebook.com/bliss2massage

Twitter: http://twitter.com/bliss2massage

Instagram: http://instagram.com/bliss2massage

Awesome Music: Music Box Studios http://audiojungle.net/user/MusicBoxStudios 




Affiliate Link Disclaimer: I get commissions for purchases made through links in this post.


CHECK OUT MY POPULAR VIDEOS:
___________________________________________________
✔️Acupressure points for Constipation - Massage Monday 162 || https://youtu.be/3xvjmckbrPE
✔️How To Massage Sciatica To Reduce Leg Pain - Massage Monday 226 || https://youtu.be/ERSob6M3Nok
✔️Anti-Aging Fat Reducing Tanaka Self Facelift Massage (Normal Speed) || https://youtu.be/DB2gVAGITIA
✔️Acupressure Points for Tinnitus || https://youtu.be/wU06se9Qhd8
✔️Thyroid Massage to Look 40 Years Younger? || https://youtu.be/Dqvmom7Fi4Y
___________________________________________________


Thank you for watching!

Please like, comment, subscribe, and hit the bell 🔔 so that you never miss any videos!


👉Subscribe to our channel: https://www.youtube.com/c/bliss2massage


Disclaimer: Yasuko Kawamura is not a medical doctor. Information Yasuko Kawamura provides during her presentations is for informational and educational purposes only. This content is not intended to be a substitute for a professional medical advice, diagnosis, or treatment. Your viewing, commenting or subscribing to this YouTube channel does not create a therapist-client relationship. The statements made about specific products, exercise or massage are not intended to diagnose, treat, cure or prevent disease or symptoms. Yasuko Kawamura recommends that you consult your physician regarding the applicability of any of the recommendations and follow all safety instructions before beginning any exercise or massage. Yasuko Kawamura assumes no responsibility or liability for any errors or omissions in the content provided. When participating in any of this exercise, there is the possibility of physical injury. If you engage in this exercise, you agree that you do so at your own risk, are voluntarily participating in these activities, and assume all risk of injury to yourself.",en,False,False,,
dhhdmahBQU8,[],0,Acupuntura,"Pseudocientífico
",109,109,83,How does acupuncture work? | RMIT University,"RMIT University academic Dr Zhen Zheng explains how acupuncture works.

Watch other videos in this series http://goo.gl/sHD22

And if you have a question about how something works that you want answered, hit us up here ‪http://ow.ly/7LQJQ

Study Chinese Medicine at RMIT http://www.rmit.edu.au/chinese-med


Relevant links with further information about the research on acupuncture:
http://nccam.nih.gov/health/acupuncture
http://rheumatology.oxfordjournals.org/content/43/5/662.full",en,False,False,,
VLUOH10MmFM,"['fisiolution sciatica', 'sciatica', '| Fisiolution\n\n', 'hernia', 'sciatica pain', 'osteopathy']",6,Acupuntura,"Pseudocientífico
",597,597,127,CIATICA tratamiento con VENTOSAS | Fisiolution,"Como hace un tratamiento con ventosas para la CIATICA. Nuestro experto en medicina natural y acupuntura nos muestra un tutorial sobre como tratar una CIATICA con VENTOSAS o cupping. Estos consejo, recomendaciones y tips para tratar una citica tienen que ser supervisados por un profesional no os hagáis daño.

Suscríbete al canal de Fisiolution: http://bit.ly/Fisiolution_SUB
Guion: 
0:19 Como tratar la ciática con ventosas
1:20 Elección e puntos a tratar para aliviar la ciática
3:02 Inicio de tratamiento de la ciática con ventosas
8:50 Recomendaciones y consejos para quitar la CIATICA

Síguenos en nuestras redes sociales:
TiktoK: https://www.tiktok.com/@fisiolution
Facebook: https://www.facebook.com/fisiolution?fref=ts
Instagram: https://www.instagram.com/fisiolution.oficial/?hl=es
Twitter: https://twitter.com/fisiolution
Si te ha gustado este video, NO TE PUEDES PERDER:
sciatica CIATICA 5 errores más comunes | Fisiolution
DIGITO PUNTURA para la ANSIEDAD y ESTRES Acupuntura | Fisiolution https://youtu.be/dm5QJZip2J0
ACUPUNTURA | TRATAMIENTO para DEJAR de FUMAR o COMO DEJAR de FUMAR | Fisiolution https://youtu.be/TPYIPQtKi1E

¿Quieres apoyar el proyecto de Fisiolution? Conviértete en miembro de este canal para disfrutar de ventajas:
https://www.youtube.com/channel/UCeiZeyN4UYhCB6mlsyHm-vQ/join

En el canal de Fisiolution ponemos la fisioterapia a tu alcance (physiotherapy) . Además de darte recomendaciones y consejos sobre , salud y bienestar.  Vídeos de tratamientos con las tecnologías más innovadoras, consejos, ejercicios, masajes (массаж), osteopatia y kinesiologia para todas las partes del cuerpo y mucho más. 

Para cualquier consulta y más informaciones, visita nuestra web: https://fisiolution.com/
Sesión fisioterapia online y telerehabilitacion: https://cutt.ly/RfcHP3L

#Ciatica #TratamientoVentosas #Fisiolution
¿Quieres apoyar el proyecto de Fisiolution? Conviértete en miembro de este canal para disfrutar de ventajas: https://cutt.ly/eR1tNWU
 
Hasta la curación y más allá!
 tratamiento ventosas estiramiento piramidal",es,True,True,2021-12-14T12:15:11Z,2021-12-14T12:27:03Z
arptbpFaA5k,"['FISAUDE', 'osteopathy', 'damages', 'injuries']",4,Acupuntura,"Pseudocientífico
",60,60,68,ADIOS ESTRES 👉 remedio natural 🤩 milenario ACUPUNTURA  #fisiolution #acupuncture #acupuntura,"Conviértete en miembro de este canal para disfrutar de ventajas: https://cutt.ly/1ZnLgPr Suscríbete al canal de Fisiolution: http://bit.ly/Fisiolution_SUB
Tienda FISIOLUTION https://my-store-b798f3.creator-spring.com/
Partner Oficial FISIOCREM https://acortar.link/p1yyuc
Camilla NAGURA gracias a FISAUDE: https://acortar.link/yRh9qc
Inestimable ayuda de Complete Anatomy from ELSEVIER:  https://bit.ly/3onUegQ 
En el canal de Fisiolution ponemos la fisioterapia a tu alcance (physiotherapy) . Además de darte recomendaciones y consejos sobre , salud y bienestar.  Vídeos de tratamientos con las tecnologías más innovadoras, consejos, ejercicios, masajes (массаж), osteopatia y kinesiologia para todas las partes del cuerpo y mucho más. 

Para cualquier consulta y más informaciones, visita nuestra web: https://fisiolution.com/
Ponemos la fisioterapia tu alcance con sesiones de fisioterapia online y telerehabilitacion: https://cutt.ly/RfcHP3L
¿Quieres apoyar el proyecto de Fisiolution? Conviértete en miembro de este canal para disfrutar de ventajas: https://cutt.ly/1ZnLgPr

# # #Fisiolution
Síguenos en nuestras redes sociales:
TiktoK: https://www.tiktok.com/@fisiolution
Facebook: https://www.facebook.com/fisiolution?fref=ts
Instagram: https://www.instagram.com/fisiolution.oficial/?hl=es
Twitter: https://twitter.com/fisiolution

Hasta la curación y más allá!
00:00 intro

Evidencia científica, estudios y artículos:

*DESCARGO DE RESPONSABILIDAD MÉDICA*
Toda la información, el contenido y el material de este video o sitio web son solo para fines informativos y de demostración. No pretende servir como sustituto de la consulta, el diagnóstico y/o el tratamiento médico de un médico o proveedor de atención médica calificado.
No utilice este contenido como reemplazo del tratamiento y el consejo que le brinde su médico o proveedor de atención médica. Consulte con su médico o profesional de la salud antes de hacer cualquier cosa incluida en este contenido.
Al ver este video, acepta indemnizar y eximir de responsabilidad a Fisiolution (y sus representantes) por todas y cada una de los problemas, lesiones o daños que resulten de todas y cada una de las reclamaciones que surjan de su uso o mal uso de este contenido. Fisiolutin no se responsabiliza de la exactitud o idoneidad de este contenido.
EL USO DE ESTE CONTENIDO ES BAJO SU PROPIO RIESGO. - RENUNCIA DE AFILIADOS -
Podemos recibir comisiones cuando hace clic en los enlaces de este video y realiza compras. Esto ayuda a respaldar nuestro canal para que podamos continuar brindándole contenido útil.",es,False,False,,
Jk-0JC6giFI,"['MTC', 'para']",2,Acupuntura,"Pseudocientífico
",4337,4337,469,Aula Express de Acupuntura - Teoria dos Cinco Elementos,"A Acupuntura é uma das mais apaixonantes técnicas que conheço! Assista a uma aula grátis sobre um dos mais difíceis tópicos, que é a Teoria dos 5 Elementos!

Nesse vídeo, preste atenção nos exemplos e veja onde você se localiza, em qual elemento está a sua fraqueza ou virtude. Vale lembrar que todos nós temos todos os cinco elementos, portanto é comum nos percebemos em todos eles e não em um ou dois.

Para saber mais:
https://blog.thiagonishida.com.br/acupuntura-aula-gratis/

Para fazer o Download do MP3 direto pelo SoundCloud:
https://soundcloud.com/thiago-nishida/acupuntura-cinco-elementos

DICA: no SoundCloud procure o link para fazer o download  (é uma seta para baixo) atualização: já expirou os downloads gratuitos...

A acupuntura é uma “ferramenta” da Medicina Tradicional Chinesa, ou seja, a Medicina Chinesa é uma filosofia e abrange mais “ferramentas”, como a fitoterapia e algumas técnicas de massagem, além da própria acupuntura.",pt,False,False,,
N1G7XiUq2fw,"['Pain', 'Anxiety']",2,Acupuntura,"Pseudocientífico
",431,431,214,"3 puntos de digitopresión que deberías conocer: dolor, ansiedad y energía","Conocer estos puntos de acupresión para incorporarlos a nuestro botiquín nos ayudará en más de una ocasión. Sencillos y eficaces, todo el mundo puede utilizarlos.

¿QUIERES MÁS VÍDEOS? HAZTE MIEMBRO DE NUESTRA COMUNIDAD: 
* ......... https://www.patreon.com/javierarnanz

MIRA ESTOS CURSOS QUE HE CREADO PARA TI:
https://cursos.movimientoysalud.es/

APÚNTATE A NUESTRA LISTA DE CORREO
* ......... https://movimientoysalud.es/newsletter/

¿QUIERES AGRADECER ESTE VÍDEO? INVÍTAME A UN CAFÉ (O A COMER 😋): 
* ......... https://www.paypal.me/javierarnanz

Puedes consultar todos nuestros materiales en nuestra WEB: 
* ......... http://movimientoysalud.es  

Facebook: 
* ......... https://www.facebook.com/Institutomovimientoysalud/",es,False,False,,
amUkAWEuufE,"['Electroacupuncture', 'Acupuncture', 'electroacupuncture']",3,Acupuntura,"Pseudocientífico
",73,73,0,Acupuncture and Electroacupuncture,This video provides footage of an acupuncturist demonstrating the practice of acupuncture and electroacupuncture. Learn more about acupuncture at http://nccam.nih.gov/health/acupuncture/introduction.htm.,en,False,False,,
rPK2-gWfO4M,"['Urination', 'Sciatica', 'Pain', 'infection', 'Constipation', 'urinary tract infection', 'Tract Infection']",7,Acupuntura,"Pseudocientífico
",110,110,69,Acupressure Points for Urinary Tract Infection (UTI),"This week I will share the acupressure points for Urinary Tract Infection or UTI. (Massage Monday 591)

How to Prevent Incontinence and Frequent Urination (OAB) - Massage Monday 573
https://youtu.be/619N0wfpByE

Acupressure for Pee Emergency - Massage Monday 509
https://youtu.be/kNkr-XvocKQ

Full Post: http://bit.ly/mm-591
Website: http://bliss2massage.com

YouTube: http://www.youtube.com/bliss2massage

Amazon Store: http://www.amazon.com/shop/bliss2massage

Facebook: http:www.facebook.com/bliss2massage

Twitter: http://twitter.com/bliss2massage

Instagram: http://instagram.com/bliss2massage

Awesome Music: Music Box Studios http://audiojungle.net/user/MusicBoxStudios 




Affiliate Link Disclaimer: I get commissions for purchases made through links in this post.


CHECK OUT MY POPULAR VIDEOS:
___________________________________________________
✔️Acupressure points for Constipation - Massage Monday 162 || https://youtu.be/3xvjmckbrPE
✔️How To Massage Sciatica To Reduce Leg Pain - Massage Monday 226 || https://youtu.be/ERSob6M3Nok
✔️Anti-Aging Fat Reducing Tanaka Self Facelift Massage (Normal Speed) || https://youtu.be/DB2gVAGITIA
✔️Acupressure Points for Tinnitus || https://youtu.be/wU06se9Qhd8
✔️Thyroid Massage to Look 40 Years Younger? || https://youtu.be/Dqvmom7Fi4Y
___________________________________________________


Thank you for watching!

Please like, comment, subscribe, and hit the bell 🔔 so that you never miss any videos!


👉Subscribe to our channel: https://www.youtube.com/c/bliss2massage


Disclaimer: Yasuko Kawamura is not a medical doctor. Information Yasuko Kawamura provides during her presentations is for informational and educational purposes only. This content is not intended to be a substitute for a professional medical advice, diagnosis, or treatment. Your viewing, commenting or subscribing to this YouTube channel does not create a therapist-client relationship. The statements made about specific products, exercise or massage are not intended to diagnose, treat, cure or prevent disease or symptoms. Yasuko Kawamura recommends that you consult your physician regarding the applicability of any of the recommendations and follow all safety instructions before beginning any exercise or massage. Yasuko Kawamura assumes no responsibility or liability for any errors or omissions in the content provided. When participating in any of this exercise, there is the possibility of physical injury. If you engage in this exercise, you agree that you do so at your own risk, are voluntarily participating in these activities, and assume all risk of injury to yourself.",en,False,False,,
7CKv5JEGCAA,"['gallbladder pain', 'gallstones', 'electroacupuncture', 'gallstone pain', 'Gallstones', 'pain', 'abdominal pain', 'Acupuncture', 'nausea and vomiting', 'gallstone', 'cholelithiasis']",11,Acupuntura,"Pseudocientífico
",463,463,158,3 Acupuncture Points for Gallstones,"LINKS
Digestive Harmony Plus https://drbaritz.com/products/digestive-harmony?variant=37754485211311

For more information about my 60-day Gallbladder Support bundle that includes 2 months of my powerful Gallbladder Supplements: https://drbaritz.com/products/gallbladder-support-60-day-program

For my Gallbladder Mastery training only: https://drbaritz.com/products/healthy-gallbladder-mastery-60-day-program

In the next few minutes, I am going to show you how to relive gallbladder pain using three acupuncture points.
-A gallbladder attack is often a sudden onset of abdominal pain that gets worse.
-Pain may last for 20 minutes to an hour and can be accompanied with nausea and vomiting. 
-The pain can be scary and often leads to a trip to the emergency room.
-Each year about one million Americans have their gallbladder surgically removed, making removal of the gallbladder is one of the most common abdominal surgeries.
-Although you can live without a gallbladder, loss of the gallbladder can result in other problems.
-I am happy to report that gallbladder pain and gallstones have been treated with acupuncture points for over 2 thousand years
and a slew of recent studies confirm its effectiveness.
-In this video I will show you how to locate and activate three key acupuncture points to relieve and fortify the gallbladder.
-I will also introduce my favorite herbal formula for supporting gallbladder and digestive health.

REFERENCES
Zhao, J., Yu, Y., Luo, M., Li, L., &amp; Rong, P. (2017). Bi-directional regulation of acupuncture on extrahepatic biliary system: An approach in guinea pigs. Scientific Reports, 7(1). doi:10.1038/s41598-017-14482-x
Song MP. [Clinical observation on frequency-changeable electroacupuncture for treatment of cholelithiasis]. Zhongguo Zhen Jiu. 2006 Nov;26(11):772-4. Chinese. PMID: 17165496.

BOOK BY DR BARITZ
The Fat-Burning Lifestyle https://www.amazon.com/gp/product/B07D24LZ61/ref=dbs_a_def_rwt_hsch_vapi_taft_p1_i0

WEBSITES
Dr. Baritz, Holistic Health & Nutrition - https://drbaritz.com
Baritz Wellness Center - https://www.baritzwellness.com

DISCLAIMER
Dr. Robert Baritz received his Doctor of Chiropractic degree from Los Angles College of Chiropractic in 1985. His use of “doctor” or “Dr.” in relation to himself solely refers to that degree. Dr. Baritz is a licensed chiropractor in Massachusetts. This video is for general informational purposes only. It should not be used to self-diagnose and it is not a substitute for a medical exam, cure, treatment, diagnosis, and prescription or recommendation. It does not create a doctor-patient relationship between Dr. Baritz and you. You should not make any change in your health regimen or diet before first consulting a physician and obtaining a medical exam, diagnosis, and recommendation. Always seek the advice of a physician or other qualified health provider with any questions you may have regarding a medical condition. Drbaritz.com, Baritz Wellness Center and Dr. Robert Baritz D.C. are not liable or responsible for any advice, course of treatment, diagnosis or any other information, services or product you obtain through this video or site. If you wish to become a patient of Dr. Baritz please call his office at 508 583-2565.",en,False,False,,
04ohXKkmOOk,[],0,Acupuntura,"Pseudocientífico
",1171,1171,204,"⭐ASMR Acupuntura Facial para Relajarte 💜[Sub] Soft Spoken, Sonidos Realistas","⭐Hola, soy la Doctora Noa, bienvenido a esta sesión de acupuntura. Utilizaré estas agujas para ayudarte a dormir, no te preocupes que todo será muy relajante. Empecemos :)
Timestamps:
00:00 Bienvenido a la sesión de acupuntura
01:06 Mostrando Cartilla
02:04 Escribiendo en tu carita
07:40 Spray, gel de manos
08:43 Acupuntura facial
12:04 Incienso
15:43 Quitando las agujas
18:02 Últimos detalles

⭐Mi nombre es Noa y soy Chilena! hablo Español, Inglés y un poco de Japonés: Hi! Hola! こんにちは! :) 
Mis videos de ASMR son principalmente Roleplays realistas, con Soft Spoken y Cinematic. 
Me encantaría que juntos podamos ver la magia que hay en cada situación simple de la vida cotidiana. Relajémonos juntos! 💜
☆Si te gusta lo que hago no olvides suscribirte y activar la campanita 🔔 
☆VIDEOS cada LUNES, MIERCOLES Y VIERNES☆

☆✵✦⚹☽⚹☆✵✦⚹☽⚹☆✵✦⚹☽⚹☆✵✦⚹☽⚹☆✵✦⚹☽⚹☆✵
TODAS mis Redes Sociales AQUÍ!: https://linktr.ee/Noa.Noa
Spotify: https://open.spotify.com/intl-es/artist/1Ef9tNwYoRa8MqteOZdLeN
☆✵✦⚹☽⚹☆✵✦⚹☽⚹☆✵✦⚹☽⚹☆✵✦⚹☽⚹☆✵✦⚹☽⚹☆✵

☆SETUP ♥ Link afiliados de Amazon☆
https://amzn.to/3u5rXhC
Camara: https://amzn.to/3FEXBF4
Lente: https://amzn.to/3tSHEbL
Micrófonos: https://amzn.to/49luGn6            
Audífonos: https://amzn.to/3FHB6iR
Todo mi equipo: https://amzn.to/3QO9n6F
Cosas Bonitas que uso en los videos: https://amzn.to/49mbk1t
☆✵✦⚹☽⚹☆✵✦⚹☽⚹☆✵✦⚹☽⚹☆✵✦⚹☽⚹☆✵✦⚹☽⚹☆✵

🎬Playlist para Mimir🎬
Roleplay: https://youtube.com/playlist?list=PLta2hcyg4okveQ4PjSzfysKkY_pZcAjOr&si=bKwbWXOX5YEO41Aa
Atención Personal: https://youtube.com/playlist?list=PLta2hcyg4oksbPq5Qw_jXp8tOQPooxbez&si=-AbwU5XollUJ6S4u
Asmr en Inglés: https://youtube.com/playlist?list=PLta2hcyg4okutiv_xGzHH4haAL1AVtagV&si=rW7EEN2YNn1NjhC5
Asmr en Español: https://youtube.com/playlist?list=PLta2hcyg4okvQacSMflNFklScliGKOly9&si=2CMm39wfShQZBUrd
☆✵✦⚹☽⚹☆✵✦⚹☽⚹☆✵✦⚹☽⚹☆✵✦⚹☽⚹☆✵✦⚹☽⚹☆✵

⭐Si te gusta lo que hago, puedes darme una propina aquí:
☆Kofi: https://ko-fi.com/asmrnoa
☆Amazon Wishlist: https://www.amazon.com/hz/wishlist/ls/VMNLO55FZJM6?ref_=wl_share
☆Patreon con contenido exclusivo: https://www.patreon.com/AsmrwithNoa
☆Conviértete en miembro de este canal para disfrutar de ventajas:
https://www.youtube.com/channel/UCLnFYJtpa_-rxW1KqkfJjbQ/join
☆Mail para colaboraciones: noa.relax.asmr@gmail.com
☆✵✦⚹☽⚹☆✵✦⚹☽⚹☆✵✦⚹☽⚹☆✵✦⚹☽⚹☆✵✦⚹☽⚹☆✵

#asmr #asmrespañol #asmrvideo",es,True,True,2022-08-16T03:15:11Z,2022-08-16T03:36:36Z
UarxkGRAfL0,"['pain', 'paralysis', 'anxiety', 'Pain', 'migraines', 'injuries']",6,Acupuntura,"Pseudocientífico
",160,160,1,Getting To The Root Of Pain With Acupuncture,"By stimulating certain pressure points across the body, acupuncture promotes natural healing and wellness. Some added benefits of acupuncture include improvements in sleep, mood, energy and even blood circulation. Having also practiced as a medical doctor in China, Dr. Martin Fu specializes in integrating Western medicine with traditional Chinese medicine practices. Dr. Fu treats the whole person, and is especially skilled in treating chronic pain, shoulder and back injuries, facial paralysis, stress, anxiety and migraines.

To learn more about the acupuncture services offered at Ochsner Health or to schedule an appointment with Dr. Fu, please visit https://www.ochsner.org/l/acupuncture",en,False,False,,
ygGuv1aShi0,[],0,Acupuntura,"Pseudocientífico
",2656,2656,390,OS BENEFÍCIOS DA ACUPUNTURA - COMPLETO | Peter Liu,"🌿 Os suplementos que eu uso e recomendo: https://www.doctorspharmacy.com.br/formulas-exclusivas/dr--peter-liu 👍Meus Suplementos: https://bit.ly/34AowPD​
🚩Inscreva-se no meu curso de Leitura Facial : https://bit.ly/2WWkkGU​
----------------------------------------------------------------------------------------------------------------------------------------
✅ INSCREVER NO CANAL - https://bit.ly/canalPeterLiu​
✅ SEGUE NO INSTAGRAM - https://bit.ly/Instagram_PeterLiu​
✅ SITE - https://www.peterliu.com.br​
✅ FACEBOOK - https://www.facebook.com/saudezen​
✅ AGENDA CONSULTAS - WhatsApp (19) 98410-6241 https://bit.ly/Consulta_PeterLiu​
✅ Cursos: Leitura Facial – https://bit.ly/2WWkkGU​

----------------------------------------------------------------------------------------------------------------------------------------
🔵 SIGA MINHAS PRINCIPAIS PLAYLISTS
▶️MEUS MELHORES VÍDEOS https://bit.ly/38r0KqY​
▶️MEUS SUPLEMENTOS https://bit.ly/3eWl1ah​
▶️ESPIRITUALIDADE & REFLEXÕES https://bit.ly/3grU8Lw​
▶️DICAS DE BELEZA https://bit.ly/38wEP1v​

#ACUPUNTURA
----------------------------------------------------------------------------------------------------------------------------------------
DESENCARGO DE RESPONSABILIDADE:

As informações fornecidas neste canal possuem caráter unicamente educativo, não pretendendo substituir a consulta aos profissionais competentes, e nem servir como recomendações para quaisquer protocolos de tratamento de uma ou mais condições de saúde.

Cabe destacar que, apesar do fato dos fitoterápicos, suplementos, conselhos e receitas apresentados neste canal serem naturais em sua maioria, não significa que não possam ocasionar efeitos secundários em algumas pessoas, dado que cada organismo é distinto e o que pode funcionar em um pode não funcionar em outro. Em caso de dúvidas, procure seu médico.
----------------------------------------------------------------------------------------------------------------------------------------
👋Olá,

Sou  Peter Liu,  terapeuta holística em acupuntura e medicina chinesa e tenho uma clínica de acupuntura em Campinas, interior de São Paulo. 

No meu canal tenho milhares de vídeos para você poder compartilhar com seus amigos e familiares para que tenham uma qualidade de vida e a saúde melhorada. 

✔Eu tenho um curso de Leitura Facial On-Line que está disponível no meu site oficial: https://www.peterliu.com.br​ 

✔Quem quiser fazer este curso basta acessar o site ou entrar em contato usando o WhatsApp no número (19) 984106241 ou (019) 3305-6000",pt,False,False,,
JnKPNw9K2Ng,['Acupuncture'],1,Acupuntura,"Pseudocientífico
",177,177,5,What Happens During an Acupuncture Session?,This narrated video provides an overview of the practice of acupuncture and what to expect during an acupuncture treatment session. Acupuncture has been practiced in China and other Asian countries for thousands of years and it is one of the key components of traditional Chinese medicine. (NIHSeniorhealth.gov),en,False,False,,
tP7qtH73w9k,"['diabetes', 'Sciatica', 'Diabetes', 'Pain', 'Constipation']",5,Acupuntura,"Pseudocientífico
",145,145,243,Acupressure for Diabetes - How to Lower Blood Sugar Level,"This week I'm showing an alternative acupressure point for diabetes to lower blood sugar level. (Massage Monday 595)

Other Acupressure Points for Diabetes
https://youtu.be/Zuip-8ldpfw

Full Post: http://bit.ly/mm-595
Website: http://bliss2massage.com

YouTube: http://www.youtube.com/bliss2massage

Amazon Store: http://www.amazon.com/shop/bliss2massage

Facebook: http:www.facebook.com/bliss2massage

Twitter: http://twitter.com/bliss2massage

Instagram: http://instagram.com/bliss2massage

Awesome Music: Music Box Studios http://audiojungle.net/user/MusicBoxStudios 




Affiliate Link Disclaimer: I get commissions for purchases made through links in this post.


CHECK OUT MY POPULAR VIDEOS:
___________________________________________________
✔️Acupressure points for Constipation - Massage Monday 162 || https://youtu.be/3xvjmckbrPE
✔️How To Massage Sciatica To Reduce Leg Pain - Massage Monday 226 || https://youtu.be/ERSob6M3Nok
✔️Anti-Aging Fat Reducing Tanaka Self Facelift Massage (Normal Speed) || https://youtu.be/DB2gVAGITIA
✔️Acupressure Points for Tinnitus || https://youtu.be/wU06se9Qhd8
✔️Thyroid Massage to Look 40 Years Younger? || https://youtu.be/Dqvmom7Fi4Y
___________________________________________________


Thank you for watching!

Please like, comment, subscribe, and hit the bell 🔔 so that you never miss any videos!


👉Subscribe to our channel: https://www.youtube.com/c/bliss2massage


Disclaimer: Yasuko Kawamura is not a medical doctor. Information Yasuko Kawamura provides during her presentations is for informational and educational purposes only. This content is not intended to be a substitute for a professional medical advice, diagnosis, or treatment. Your viewing, commenting or subscribing to this YouTube channel does not create a therapist-client relationship. The statements made about specific products, exercise or massage are not intended to diagnose, treat, cure or prevent disease or symptoms. Yasuko Kawamura recommends that you consult your physician regarding the applicability of any of the recommendations and follow all safety instructions before beginning any exercise or massage. Yasuko Kawamura assumes no responsibility or liability for any errors or omissions in the content provided. When participating in any of this exercise, there is the possibility of physical injury. If you engage in this exercise, you agree that you do so at your own risk, are voluntarily participating in these activities, and assume all risk of injury to yourself.",en,False,False,,
ltSkRf54lQM,"['accidents', 'muscle fibrosis', 'joints', 'herpes Zoster', 'stroke', 'Muscle pain', 'Myofascial pain', 'depression', 'phobias', ""Bell's palsy"", 'diabetes', 'pain', 'paralysis', 'cancer', 'fibromyalgia', 'trauma', 'venous insufficiency', 'muscle pain', 'neurological paralysis', 'neuropathies']",20,Acupuntura,"Pseudocientífico
",377,377,337,"Pés e Pernas Inchados, Miomas | Peter Liu","🌿 Os suplementos que eu uso e recomendo: https://www.doctorspharmacy.com.br/formulas-exclusivas/dr--peter-liu #pernasinchadas #pésinchados #alivioparapernas

Está com pés e as pernas inchadas? Pode ser circulação venosa ou linfática retenção de líquidos.  No caso de insuficiência circulação venosa pode parecer com os varizes e sentir pernas pesadas.  O que pode ajudar castanha da Índia.  

Caso tem retenção de líquidos, é  tomar chá diurético como cavalinha ou chapéu de couro.  

In suspeito faz escalda-pés. 

Faz natação. 

✔👍Gostou do vídeo, aperta gosta. Se inscrever. Recebe mais novidades. Compartilhe o máximo com seus amigos. Se libertar da mente. Estamos presos pela nossa mente. 

Mais informações no site Medicina Oriental 
Https://m.facebook.com/saudezen 

Agente sua consulta: 

Medicina Oriental 
Rua engenheiro Cândido Gomide 85
Jd Guanabara, Campinas, SP 

WhatsApp 019984106241 com Lilian


Olá,

Eu sou Peter Liu, sou médico da medicina Chinesa. Tenho uma clínica de acupuntura em Campinas, interior de São Paulo de Medicina Oriental.

No Canal Peter Liu, temos mais de 1200 vídeos para você compartilhar com seus amigos e familiares para que tenham uma qualidade de vida e a saúde melhorada no seu dia-a-dia.

Eu tenho um curso de leitura facial On-Line que está disponível no site oficial do Dr. Peter Liu: https://www.peterliu.com.br, Para quem quiser fazer este curso, basta acessar o site ou entrar em contato usando o WhatsApp no número 019 984106241.

Praticar o Bem salva a vidas das pessoas! É a graça, é de graça! A maior recompensa do bem é o reconhecimento de que você é do bem. Os seus amigos vão agradecer você eternamente por ter salvado a vida deles! Dr. Peter Liu é um especialista de acupuntura e medicina Chinesa, trata as dores musculares, neuropatias, articulações, fibromialgia, dores na coluna. Doenças como diabetes, pressão alta, tireoides e problemas Intestinais. Doenças como fobias, traumas e depressão. Doenças graves como câncer, tem acompanhamento.

Dr. Peter Liu criou 4 modalidades de acupuntura diferenciadas:

1. Neuroplastia: que trata paralisias trofias neurológicos ou de sequelas AVC ou acidentes, paralisia de Bell, paralisia facial, paralisia facial causado por herpes Zoster, paraplégico.

2. Varizes: Usa agulha de acupuntura para curar as varizes sem cirurgia! Pioneiro do mundo.

3. Dores miofacial: Dores musculares com fibrose muscular.

4. Acupuntura na língua: Essa modalidade trata fibromialgia com muita facilidade. Você poderá sentir um alívio imediato com apenas uma sessão mesmo com 5 anos de fibromialgia!

Dr. Peter Liu trata seu corpo, mente e alma.

-------------------------------------------------------------------------------------------------------------
ESTRUTURA DIGITAL

💻 Site Oficial - https://www.peterliu.com.br

-------------------------------------------------------------------------------------------------------------
REDES SOCIAIS

▶️ Facebook: https://www.facebook.com/saudezen
▶️ Instagram: https://www.instagram.com/drpeterliu
-------------------------------------------------------------------------------------------------------------
TREINAMENTOS CRIADOS

✅ Leitura Facial – https://www.peterliu.com.br

__________________________________________________________________
CONTATO

D. Peter Liu
Medicina Chinesa
Telefone: (019) 3305-6000
WhatsApp: (019) 98410-6241",pt,False,False,,
ArKll1BRb54,"['Pain', 'Sciatica', 'Constipation']",3,Acupuntura,"Pseudocientífico
",175,175,244,Acupressure for Irregular Period - Massage Monday 261,"Full Post: http://bit.ly/mm-102615
Website: http://bliss2massage.com

YouTube: http://www.youtube.com/bliss2massage

Amazon Store: http://www.amazon.com/shop/bliss2massage

Facebook: http:www.facebook.com/bliss2massage

Twitter: http://twitter.com/bliss2massage

Instagram: http://instagram.com/bliss2massage

Awesome Music: Music Box Studios http://audiojungle.net/user/MusicBoxStudios 




Affiliate Link Disclaimer: I get commissions for purchases made through links in this post.


CHECK OUT MY POPULAR VIDEOS:
___________________________________________________
✔️Acupressure points for Constipation - Massage Monday 162 || https://youtu.be/3xvjmckbrPE
✔️How To Massage Sciatica To Reduce Leg Pain - Massage Monday 226 || https://youtu.be/ERSob6M3Nok
✔️Anti-Aging Fat Reducing Tanaka Self Facelift Massage (Normal Speed) || https://youtu.be/DB2gVAGITIA
✔️Acupressure Points for Tinnitus || https://youtu.be/wU06se9Qhd8
✔️Thyroid Massage to Look 40 Years Younger? || https://youtu.be/Dqvmom7Fi4Y
___________________________________________________


Thank you for watching!

Please like, comment, subscribe, and hit the bell 🔔 so that you never miss any videos!


👉Subscribe to our channel: https://www.youtube.com/c/bliss2massage


Disclaimer: Yasuko Kawamura is not a medical doctor. Information Yasuko Kawamura provides during her presentations is for informational and educational purposes only. This content is not intended to be a substitute for a professional medical advice, diagnosis, or treatment. Your viewing, commenting or subscribing to this YouTube channel does not create a therapist-client relationship. The statements made about specific products, exercise or massage are not intended to diagnose, treat, cure or prevent disease or symptoms. Yasuko Kawamura recommends that you consult your physician regarding the applicability of any of the recommendations and follow all safety instructions before beginning any exercise or massage. Yasuko Kawamura assumes no responsibility or liability for any errors or omissions in the content provided. When participating in any of this exercise, there is the possibility of physical injury. If you engage in this exercise, you agree that you do so at your own risk, are voluntarily participating in these activities, and assume all risk of injury to yourself.",en,False,False,,
Zywc5w0RGkc,"['Pain', 'Sciatica', 'Constipation', 'allergy']",4,Acupuntura,"Pseudocientífico
",77,77,182,Acupressure for Runny Nose - Massage Monday 285,"Full Post: http://bit.ly/mm-041116
Website: http://bliss2massage.com

YouTube: http://www.youtube.com/bliss2massage

Amazon Store: http://www.amazon.com/shop/bliss2massage

Facebook: http:www.facebook.com/bliss2massage

Twitter: http://twitter.com/bliss2massage

Instagram: http://instagram.com/bliss2massage

Awesome Music: Music Box Studios http://audiojungle.net/user/MusicBoxStudios 




Affiliate Link Disclaimer: I get commissions for purchases made through links in this post.


CHECK OUT MY POPULAR VIDEOS:
___________________________________________________
✔️Acupressure points for Constipation - Massage Monday 162 || https://youtu.be/3xvjmckbrPE
✔️How To Massage Sciatica To Reduce Leg Pain - Massage Monday 226 || https://youtu.be/ERSob6M3Nok
✔️Anti-Aging Fat Reducing Tanaka Self Facelift Massage (Normal Speed) || https://youtu.be/DB2gVAGITIA
✔️Acupressure Points for Tinnitus || https://youtu.be/wU06se9Qhd8
✔️Thyroid Massage to Look 40 Years Younger? || https://youtu.be/Dqvmom7Fi4Y
___________________________________________________


Thank you for watching!

Please like, comment, subscribe, and hit the bell 🔔 so that you never miss any videos!


👉Subscribe to our channel: https://www.youtube.com/c/bliss2massage


Disclaimer: Yasuko Kawamura is not a medical doctor. Information Yasuko Kawamura provides during her presentations is for informational and educational purposes only. This content is not intended to be a substitute for a professional medical advice, diagnosis, or treatment. Your viewing, commenting or subscribing to this YouTube channel does not create a therapist-client relationship. The statements made about specific products, exercise or massage are not intended to diagnose, treat, cure or prevent disease or symptoms. Yasuko Kawamura recommends that you consult your physician regarding the applicability of any of the recommendations and follow all safety instructions before beginning any exercise or massage. Yasuko Kawamura assumes no responsibility or liability for any errors or omissions in the content provided. When participating in any of this exercise, there is the possibility of physical injury. If you engage in this exercise, you agree that you do so at your own risk, are voluntarily participating in these activities, and assume all risk of injury to yourself.",en,False,False,,
KHeccBLrXGs,"['accidents', 'muscle fibrosis', 'herpes', 'joints', 'B12', 'shock', 'stroke', 'paralyses', 'Myofascial pain', 'Muscle pain', 'depression', 'crooked mouth', 'Vitamin D', 'phobias', ""Bell's palsy"", 'diabetes', 'pain', 'paralysis', 'cancer', 'fibromyalgia', 'trauma', 'muscle pain', 'neuropathies']",23,Acupuntura,"Pseudocientífico
",459,459,1015,PARALISIA FACIAL MÉTODO CASEIRO QUE RESOLVE | Dr. Peter Liu,"🌿 Os suplementos que eu uso e recomendo: https://www.doctorspharmacy.com.br/formulas-exclusivas/dr--peter-liu Paralisia facial, também conhecida como paralisia de bell é uma disfunção dos nervos da face geralmente ocasionada por um choque térmico, herpes, imunidade baixa e outras causas menos comuns. Saiba como resolver com esse método caseiro.
Suplementos:
▶️ Citoneurin (B1, B6, B12) tomar 01 cp , 1x ao dia. 
▶️ Magnésio Prêmio: http://bit.ly/3qfirst
▶️ Vitamina D com K2: http://bit.ly/3qfirst
▶️ Coenzima Q10 http://bit.ly/3qfirst
----------------------------------------------------------------------------------------------------------------------------------------
✅ INSCREVER NO CANAL - https://bit.ly/canalPeterLiu
✅ SEGUE NO INSTAGRAM - https://bit.ly/Instagram_PeterLiu
✅ SITE - https://www.peterliu.com.br
✅ FACEBOOK - https://www.facebook.com/saudezen
✅ AGENDA CONSULTAS - WhatsApp (19) 98410-6241 https://bit.ly/Consulta_PeterLiu
✅ Cursos: Leitura Facial – https://www.peterliu.com.br

----------------------------------------------------------------------------------------------------------------------------------------
🔵 SIGA MINHAS PRINCIPAIS PLAYLISTS
▶MEUS MELHORES VÍDEOS https://bit.ly/38r0KqY
▶MEUS SUPLEMENTOS https://bit.ly/3eWl1ah
▶ESPIRITUALIDADE & REFLEXÕES https://bit.ly/3grU8Lw
▶DICAS DE BELEZA https://bit.ly/38wEP1v

#ParalisiaFacial #DrPeterLiu


----------------------------------------------------------------------------------------------------------------------------------------
DESENCARGO DE RESPONSABILIDADE:

As informações fornecidas neste canal possuem caráter unicamente educativo, não pretendendo substituir a consulta aos profissionais competentes, e nem servir como recomendações para quaisquer protocolos de tratamento de uma ou mais condições de saúde.

Cabe destacar que, apesar do fato dos remédios, suplementos, conselhos e receitas apresentados neste canal serem naturais em sua maioria, não significa que não possam ocasionar efeitos secundários em algumas pessoas, dado que cada organismo é distinto e o que pode funcionar em um pode não funcionar em outro. Em caso de dúvidas, procure seu médico.
----------------------------------------------------------------------------------------------------------------------------------------
👋Olá,

Eu sou o Dr. Peter Liu, médico da medicina chinesa. Trabalho com medicina oriental e tenho uma clínica de acupuntura em Campinas, interior de São Paulo. 

No canal Peter Liu, temos milhares de vídeos para você poder compartilhar com seus amigos e familiares para que tenham uma qualidade de vida e a saúde melhorada. 

✔Eu tenho um curso de Leitura Facial On-Line que está disponível no meu site oficial: https://www.peterliu.com.br 

✔Quem quiser fazer este curso basta acessar o site ou entrar em contato usando o WhatsApp no número (19) 984106241. 

Praticar o bem salva a vidas das pessoas! É a graça, é de graça! A maior recompensa do bem é o reconhecimento de que você é do bem. Os seus amigos vão agradecer você eternamente por ter salvado a vida deles! 

🔵BIO
Dr. Peter Liu é um especialista de acupuntura e medicina chinesa. Trata dores musculares, neuropatias, articulações, fibromialgia, dores na coluna, doenças como diabetes, pressão alta, tireoides e problemas intestinais. Além de doenças como fobias, traumas e depressão. Também faz acompanhamento de doenças graves como câncer.  

Dr. Peter Liu criou 4 modalidades de acupuntura diferenciadas: 

1. Neuroplastia: que trata paralisias trofias neurológicos ou de sequelas de AVC ou acidentes, paralisia de Bell e paralisia facial.

 2. Varizes: Usa agulha de acupuntura para curar as varizes sem cirurgia! Pioneiro do mundo. 

3. Dores miofacial: Dores musculares com fibrose muscular. 

4. Acupuntura na língua: Essa modalidade trata fibromialgia com muita facilidade. Você poderá sentir um alívio imediato com apenas uma sessão mesmo com 5 anos de fibromialgia! 

Dr. Peter Liu trata seu corpo, mente e alma.
__________________________________________________________________
🔵CONTATO

D. Peter Liu
Medicina Chinesa
Telefone: (019) 3305-6000
WhatsApp: (019) 98410-6241",pt,False,False,,
SnuYD9_nrD4,['ginger'],1,Acupuntura,"Pseudocientífico
",187,187,317,Herbal Medicine 101 From a Doctor of Chinese Medicine,"Want to know more about the healing power of herbal medicine? We asked Dr. Daniel Hsu, a NY-based doctor of acupuncture and Chinese medicine.",en,False,False,,
IsMEr0uwbdk,[],0,Acupuntura,"Pseudocientífico
",321,321,119,人面に鍼100本！ - Facial Acupuncture,"鍼灸師、北川毅（きたがわ・たけし）先生が務める東京健康美容鍼灸センター「東方健美」にVICE特派員のジョーが訪問。

人間の全身には数え切れないほどのツボがある。それを目がけて鍼を打ち込むことで、元来人間が持ち備える自然治癒能力を活性化させる。

2010年末にはUNESCOによって無形文化遺産指定された中国発祥の鍼灸。その伝統治療の効果とは果たして......!? 

ジョーの逞しい体で実験だ！

VICE correspondent Joe visits an acupuncture clinic in the well-to-do neighbourhood of Azabu-Juban, Tokyo. Here he receives the ancient Chinese method of both body and facial acupuncture. In his face.

VICEチャンネル登録: http://www.youtube.com/subscription_center?add_user=VICEjpch
VICEビデオ・リスト: http://www.youtube.com/user/VICEjpch/videos
公式ウェブサイト: http://vice.com/jp
Facebook: http://fb.com/vice
Twitter: https://twitter.com/VICEJapan
Google+: https://plus.google.com/100639827441905861550/
Instagram: http://instagram.com/vicejapan",ja,False,False,,
fb0miieP2Bo,['chronic pain'],1,Acupuntura,"Pseudocientífico
",261,261,165,Acupuncture | Q&A,"Rachel Waldman, an acupuncturist in the Johns Hopkins Integrative Medicine & Digestive Center, discusses acupuncture: what it is, how it works and how it can help those with chronic pain. Visit http://www.hopkinsmedicine.org/integrativemed or call 410-828-3585 to learn more.",en,False,False,,
tHTRO-ofw4M,"['accidents', 'joints', ""Bell's palsy"", 'muscle fibrosis', 'diabetes', 'strokes', 'pain', 'paralysis', 'depression', 'cancer', 'fibromyalgia', 'Muscle pain', 'Myofascial pain', 'traumas', 'herpes zoster', 'muscle pain', 'phobias', 'neuropathies']",18,Acupuntura,"Pseudocientífico
",455,455,398,COMO TIRAR A DOR DO OMBRO E BURSITE? |Dr. |Peter Liu,"🌿 Os suplementos que eu uso e recomendo: https://www.doctorspharmacy.com.br/formulas-exclusivas/dr--peter-liu ▶️Suplementos para colunas
▶️ Cálcio, Magnésio, Zinco (sundown) https://amzn.to/3dLnfbs 
▶️ Magnésio Prêmio: https://bit.ly/BlendMg3
▶️ Vitamina D com K2: https://bit.ly/vitaminaDK2
▶️ Coenzima Q10  https://bit.ly/xCoenzimaq10
▶️ Harpago (Garra do Diabo)  https://amzn.to/2ZEsmGG  


Olá, 

Eu sou Peter Liu, sou médico da medicina Chinesa. Tenho uma clínica de acupuntura em Campinas, interior de São Paulo de Medicina Oriental.

No Canal Peter Liu, temos mais de 1200 vídeos para você compartilhar com seus amigos e familiares para que tenham uma qualidade de vida e a saúde melhorada no seu dia-a-dia.

Eu tenho um curso de leitura facial On-Line que está disponível no site oficial do Dr. Peter Liu: https://www.peterliu.com.br, Para quem quiser fazer este curso, basta acessar o site ou entrar em contato usando o WhatsApp no número 019 984106241.

Praticar o Bem salva a vidas das pessoas! É a graça, é de graça! A maior recompensa do bem é o reconhecimento de que você é do bem. Os seus amigos vão agradecer você eternamente por ter salvado a vida deles! Dr. Peter Liu é um especialista de acupuntura e medicina Chinesa, trata as dores musculares, neuropatias, articulações, fibromialgia, dores na coluna. Doenças como diabetes, pressão alta, tireoides e problemas Intestinais. Doenças como fobias, traumas e depressão. Doenças graves como câncer, tem acompanhamento.

Dr. Peter Liu criou 4 modalidades de acupuntura diferenciadas:

1. Neuroplastia: que trata paralisias trofias neurológicos ou de sequelas AVC ou acidentes, paralisia de Bell, paralisia facial, paralisia facial causado por herpes Zoster, paraplégico.

2. Varizes: Usa agulha de acupuntura para curar as varizes sem cirurgia! Pioneiro do mundo.

3. Dores miofacial: Dores musculares com fibrose muscular.

4. Acupuntura na língua: Essa modalidade trata fibromialgia com muita facilidade. Você poderá sentir um alívio imediato com apenas uma sessão mesmo com 5 anos de fibromialgia!

Dr. Peter Liu trata seu corpo, mente e alma.

-------------------------------------------------------------------------------------------------------------
ESTRUTURA DIGITAL

💻 Site Oficial - https://www.peterliu.com.br

-------------------------------------------------------------------------------------------------------------
REDES SOCIAIS

▶️ Facebook: https://www.facebook.com/saudezen
▶️ Instagram: https://www.instagram.com/drpeterliu
-------------------------------------------------------------------------------------------------------------
TREINAMENTOS CRIADOS

✅ Leitura Facial – https://www.peterliu.com.br

__________________________________________________________________
CONTATO

D. Peter Liu
Medicina Chinesa
Telefone: (019) 3305-6000
WhatsApp: (019) 98410-6241",pt,False,False,,
kNkr-XvocKQ,['Urinary retention'],1,Acupuntura,"Pseudocientífico
",367,367,166,Acupressure for Pee Emergency - Massage Monday 509,"Although you shouldn’t hold your pee, there are times you have to until you can get to the bathroom. Try these acupressure points for pee emergency so your bladder can hold urine little bit more. 

Donation/tip is very much appreciated 🙏 http://paypal.me/b2m

Travel John on Amazon: https://amzn.to/39K7TTX

Full Post: http://bit.ly/mm-509

Acupressure  for Poo Emergency - Massage Monday 510
https://youtu.be/REweD11VNvI",en,False,False,,
2yu4GPwmrF0,"['Laurieanne', 'pain', 'insomnia', 'CIH']",4,Acupuntura,"Pseudocientífico
",670,670,0,Acupressure Self-Care for Sleep,"Acupuncturist Laurieanne Nabinger, RN, LEAMP instructs Veterans in an acupressure self-care routine for sleep. This acupressure video is not intended to replace regular medical care, or treat undiagnosed conditions. Click here: https://www.va.gov/files/2021-12/4312_AcupressureforSleep.pdf to download a handout to accompany the video above.",en,False,False,,
d-gZyholppo,[],0,Acupuntura,"Pseudocientífico
",310,310,69,Radiestesia na detecção de chacras e pontos de acupuntura,"Neste vídeo explico como utilizar a radiestesia para a localização precisa de chacras e pontos de acupuntura.
Imprescindível para todos que querem usar a radiestesia em conjunto com tais técnicas.
Temos a única formação de radiestesia no Brasil com reconhecimento internacional. Conheça nossa Escola. 
https://escola.radiestesia.net/ 
Nos siga no Instagram 
https://www.instagram.com/sergio_nogueira_rad/
 _________________________________
#RadiestesiaTecnica #UsoDoPendulo #CursoDeRadiestesia #Abrad",pt,False,False,,
tt5ftHgGEw4,['Acupuncture'],1,Acupuntura,"Pseudocientífico
",28,28,0,Discover Acupuncture at MCPHS,"Students engage in hands-on acupuncture work and benefit from safety protocols at MCPHS's New England School of Acupuncture (NESA) in Worcester, MA.

Learn more at https://www.mcphs.edu/academics/school-of-acupuncture",en,False,False,,
ihZPt3cqgVM,"['Sciatica', 'Pain', 'Diarrhea', 'diarrhea', 'Constipation']",5,Acupuntura,"Pseudocientífico
",181,181,34,Acupressure Points for Diarrhea - Massage Monday 303,"Full Post: http://bit.ly/mm-081516
Website: http://bliss2massage.com

YouTube: http://www.youtube.com/bliss2massage

Amazon Store: http://www.amazon.com/shop/bliss2massage

Facebook: http:www.facebook.com/bliss2massage

Twitter: http://twitter.com/bliss2massage

Instagram: http://instagram.com/bliss2massage

Awesome Music: Music Box Studios http://audiojungle.net/user/MusicBoxStudios 




Affiliate Link Disclaimer: I get commissions for purchases made through links in this post.


CHECK OUT MY POPULAR VIDEOS:
___________________________________________________
✔️Acupressure points for Constipation - Massage Monday 162 || https://youtu.be/3xvjmckbrPE
✔️How To Massage Sciatica To Reduce Leg Pain - Massage Monday 226 || https://youtu.be/ERSob6M3Nok
✔️Anti-Aging Fat Reducing Tanaka Self Facelift Massage (Normal Speed) || https://youtu.be/DB2gVAGITIA
✔️Acupressure Points for Tinnitus || https://youtu.be/wU06se9Qhd8
✔️Thyroid Massage to Look 40 Years Younger? || https://youtu.be/Dqvmom7Fi4Y
___________________________________________________


Thank you for watching!

Please like, comment, subscribe, and hit the bell 🔔 so that you never miss any videos!


👉Subscribe to our channel: https://www.youtube.com/c/bliss2massage


Disclaimer: Yasuko Kawamura is not a medical doctor. Information Yasuko Kawamura provides during her presentations is for informational and educational purposes only. This content is not intended to be a substitute for a professional medical advice, diagnosis, or treatment. Your viewing, commenting or subscribing to this YouTube channel does not create a therapist-client relationship. The statements made about specific products, exercise or massage are not intended to diagnose, treat, cure or prevent disease or symptoms. Yasuko Kawamura recommends that you consult your physician regarding the applicability of any of the recommendations and follow all safety instructions before beginning any exercise or massage. Yasuko Kawamura assumes no responsibility or liability for any errors or omissions in the content provided. When participating in any of this exercise, there is the possibility of physical injury. If you engage in this exercise, you agree that you do so at your own risk, are voluntarily participating in these activities, and assume all risk of injury to yourself.",en,False,False,,
FZk2BMD9W58,"['dementia', ""alzheimer's disease""]",2,Acupuntura,"Pseudocientífico
",487,487,128,Treatment of PARKINSON by Acupressure & Seed Therapy,"Hello friends, iss video mein main aapko PARKINSON ka treatment acupressure k dura kase kare iss k bare me  bataungi. Iska koi side effect nahi hai.

Hello friends, in this video I have explained how to treat PARKINSON with the help of acupressure points. It doesn’t not have any side effect.
#parkinson #dementia #divinecare
Please do subscribe, like and share
Website: http://divinereikienergy.com/
Video Link: https://youtu.be/FZk2BMD9W58
Email ID :- divinecareofficial@gmail.com
About: On our channel you'll find health related tips to get rid from your day to day problems without any side effects.",hi,False,False,,
8S0UurZqgVQ,['ALS'],1,Acupuntura,"Pseudocientífico
",150,150,36,Could an Acupressure Mat Help You Sleep Better?,"The Doctors try a mat with thousands of sharp points that makers say work acupressure points to help relieve a variety of ailments like relaxation, improve circulation and get you a better night’s sleep.

Subscribe to The Doctors: http://bit.ly/SubscribeTheDrs
Like us on Facebook: http://bit.ly/FacebookTheDoctors
Follow us on Twitter: http://bit.ly/TheDrsTwitter
Follow us on Instagram: http://bit.ly/InstagramTheDoctorsTV
Follow us on Pinterest: http://bit.ly/PinterestTheDrs

About The Doctors:

The Doctors is an Emmy award-winning daytime talk show hosted by ER physician Dr. Travis Stork, plastic surgeon Dr. Andrew Ordon and OB-GYN Dr. Nita Landry.

The Doctors helps you understand the latest health headlines, such as the ice bucket challenge for ALS and the Ebola outbreak; delivers exclusive interviews with celebrities dealing with health issues, such as Lamar Odom, Teen Mom star Farrah Abraham, reality stars Honey Boo Boo and Mama June, and activist Chaz Bono; brings you debates about health and safety claims from agricultural company Monsanto and celebrities such as Jenny McCarthy; and shows you the latest gross viral videos and explains how you can avoid an emergency situation. The Doctors also features the News in 2:00 digest of the latest celebrity health news and The Doctors’ Prescription for simple steps to get active, combat stress, eat better and live healthier. 

Now in its eighth season, The Doctors celebrity guests have included Academy Award Winners Sally Field, Barbra Streisand, Jane Fonda, Marcia Gay Harden, Kathy Bates and Marisa Tomei; reality stars from Teen Mom and The Real Housewives, as well as Kris Jenner, Caitlyn Jenner, Melissa Rivers, Sharon Osbourne, Tim Gunn and Amber Rose; actors Jessica Alba, Christina Applegate, Julie Bowen, Patricia Heaton, Chevy Chase, Kristin Davis, Lou Ferrigno, Harrison Ford, Grace Gealey, Cedric the Entertainer, Valerie Harper, Debra Messing, Chris O’Donnell, Betty White, Linda Gray, Fran Drescher, Emmy Rossum, Roseanne Barr, Valerie Bertinelli, Suzanne Somers; athletes Magic Johnson, Apolo Ohno and Danica Patrick; musicians Tim McGraw, Justin Bieber, Clint Black, LL Cool J,  Nick Carter, Kristin Chenoweth, Paula Abdul, Gloria Gaynor, La Toya Jackson, Barry Manilow, Bret Michaels, Gene Simmons and Jordin Sparks; and celebrity chefs Wolfgang Puck, Guy Fieri and Curtis Stone.",en,False,False,,
ik959GJnnpI,['constipation'],1,Acupuntura,"Pseudocientífico
",141,141,18,Facial Acupuncture 101,"Needles in my face? Sure or not! Facial Acupuncture is believed to beautify and promote better health overall. According to this TCM physician, you needle try it to believe it.😉

📍PULSE TCM Clinic, 501 Orchard Rd, #03-04, Singapore 238880.

SUBSCRIBE TO US!
https://bit.ly/OGSYouTube

This video is part of our Offbeat series. Welcome to our no-judge zone, where nothing is off-limits. Join us to create open, honest dialogues for a more progressive society.

Find #OurGrandfatherStory everywhere!
IG: https://instagram.com/ourgrandfatherstory/
FB: https://fb.com/ourgrandfatherstory/
FB Group: https://fb.com/groups/ourlittlekampong/
Telegram: https://t.me/ourgrandfatherstory/

For media releases, events and invites: press@ourgrandfatherstory.com
For business enquiries: limkopi@ourgrandfatherstory.com",en,False,False,,
_XWZ6iCLfHE,[],0,Acupuntura,"Pseudocientífico
",168,168,0,People Turning To Acupuncture To Deal With Stresses Of Holiday Season,Stephanie Stahl reports.,en,False,False,,
iCZEfmGATFs,[],0,Acupuntura,"Irrelevante
",73,73,0,Acupuncture for women's health,,en,False,False,,
9i3uf0gQIWQ,"['pain', 'Acupuncture', 'infections']",3,Acupuntura,"Pseudocientífico
",630,630,77,¿Cómo funciona la acupuntura? w/subt,"¿Qué se ha investigado hasta ahora sobre cómo funciona la acupuntura?

Documentos referidos durante el video:
https://www.painscience.com/articles/acupuncture-for-pain.php
ScienceBasedMedicine.org. Atwood KC. Acupuncture Anesthesia: A proclamation from Chairman Mao; 2009 May 15

Reston J. Now, About My Operation in Peking, New York Times, July 26, 1971: 
https://www.nytimes.com/1971/07/26/archives/now-about-my-operation-in-peking-now-let-me-tell-you-about-my.html

BodyInMind.org. O'Connell N. Location location location! Acupuncture and chronic shoulder pain: CAM or Sham?; 2011 Mar 8

Haake: https://www.painscience.com/bibliography.php?haa

Chae Y, Lee IS, Jung WM, et al. Psychophysical and neurophysiological responses to acupuncture stimulation to incorporated rubber hand. Neurosci Lett. 2015 Feb;591C:48–52. PubMed #25681621.
https://www.painscience.com/biblio/brains-respond-to-acupuncture-needles-in-rubber-hands-just-like-real-ones.html

Woo PC, Lin AW, Lau SK, Yuen KY. Acupuncture transmitted infections. BMJ. 2010 Mar 18
https://www.bmj.com/cgi/content/full/340/mar18_1/c1268?view=long&pmid=20299695

https://www.researchgate.net/publication/230768826_Patient_safety_incidents_from_acupuncture_treatments_a_review_of_reports_to_the_National_Patient_Safety_Agency

https://www.dailymail.co.uk/health/article-6496311/Woman-94-acupuncture-needles-buried-spine-30-YEARS.html


Gracias por apoyar con tus vistas y compartiendo el canal. Puedes apoyar también con una pequeña donación destinada a que podamos llegar a más personas aquí:
https://www.patreon.com/profcinreyes

-----------------------------------------------------------------------
#YTEduMx #MitosCientíficos #DivulgoCiencia
#YouTubeEduMx #ProfaCinthiaReyes

Si te gustó el video sugiere temas para revisar en los comentarios o contáctame en mis redes sociales:
https://www.twitter.com/profcinreyes
https://www.facebook.com/CienciasIngenieriaTecnologia/
---------------------------------------------------",es,False,False,,
wseBaABNMdM,"['Stroke', 'stroke']",2,Acupuntura,"Pseudocientífico
",132,132,25,Craneopuntura: combatiendo los efectos del derrame cerebral,Una técnica moderna relacionada con la acupuntura es utilizada para ayudar a los pacientes que han sufrido un derrame cerebral.,es,False,False,,
ugtyPN2OqQk,"['Acupuncture', 'auriculo']",2,Acupuntura,"Pseudocientífico
",501,501,110,Auriculoterapia Fácil - Curso de Acupuntura Auricular,"Se você gostou do meu método para ensinar auriculoterapia, não pode ficar de fora de um dos melhores cursos de Auriculoterapia do país! 

Mais de 3000 alunos formados!

Autor do Mapa Auricular 

Para o Curso De Auriculoterapia Online:
https://vidaterapia.com/cursos-online/curso-auriculoterapia-online/",pt,False,False,,
C-PR4Egm12w,"['pain', 'Pain', 'Flu', 'Muscle spasm', 'Electroacupuncture']",5,Acupuntura,"Pseudocientífico
",208,208,0,Electro-acupuncture and Cupping,"Electro-acupuncture, similar to a TENS unit that physical therapists use, is a gentle adjunct to acupuncture for pain and circulatory problems. It can also be used to induce labor. Or perhaps you’ve seen circular cupping marks on Olympic athletes, like Michael Phelps, or movie stars, like Gwyneth Paltrow. If you’re curious, this video gives a brief introduction to both.
(Opening photo by Freda Kreitzer)
www.abigailsuraskyacupuncture.com",en,False,False,,
z4qFKWZBjd4,[],0,Acupuntura,"Pseudocientífico
",476,476,0,"Feline Palpation and Acupuncture Treatment by CuraCore, Part II","Narda G. Robinson, DO, DVM, MS, FAAMA provides instruction on gentle and effective myofascial palpation in a feline patient.  To learn more about our science-based instruction for veterinarians and human practitioners, please visit CuraCore.org .  Questions?  Email us at info@curacore.org .  We look forward to connecting with you.",en,False,False,,
e_y_TiMe7Sk,"['pain', 'anxiety']",2,Acupuntura,"Pseudocientífico
",306,306,17,We tried acupuncture to relieve pain & stress. Here's what happened,"Some people swear acupuncture has changed their life while others are less than convinced. It's a great debate in the health world because it's considered a major pillar in ancient Chinese medicine but an alternative treatment here in the U.S. So, Glam Lab checks it out for themselves. From acupuncture to cupping, the team at ORA are experts in the treatment. If you want to try to relieve some stress ... ORA Spa in SoHo is back open after the pandemic!",en,False,False,,
1Huxjk3vn3c,[],0,Acupuntura,"Pseudocientífico
",60,60,0,Benefits of Acupuncture,Rush acupuncture specialist Angela Johnson explains how the centuries-old treatment works and how it helps promote physical and emotional well-being. Learn more at https://www.rush.edu/treatments/acupuncture.,en,False,False,,
UJUoDnbouZE,['pain'],1,Acupuntura,"Pseudocientífico
",336,336,205,"PONTOS SECRETOS PARA FORTALECER PULMÃO, CORAÇÃO, RINS E IMUNIDADE | Peter Liu","🌿 Os suplementos que eu uso e recomendo: https://www.doctorspharmacy.com.br/formulas-exclusivas/dr--peter-liu Pontos descobertos pelo Mestre Tungs para fortalecer os meridianos do pulmão, coração, rins e imunidade. Tire suas dores você mesma!

Meus principais suplementos: 
▶️Magnésio Blend (3 em 1) http://bit.ly/3qfirst
▶️Ômega-3  http://bit.ly/3qfirst
▶️ Vitamina D3 + K2(MK7) http://bit.ly/3qfirst
▶️Osteo 2 (colágeno tipo 2 complex) Plus :  http://bit.ly/3qfirst
▶️ Metilfolato do Peter Liu:  https://bit.ly/2zmFolato 
▶️ Libido, Energia e Força: Tribulus Terrestris 700mg http://bit.ly/3tribulus
▶️Formula  para  Turbinar Cérebro:  https://bit.ly/2ZQVbyw
▶️Formula de emagrecimento SLIMFIT http://bit.ly/3pRtksA
▶️Formula para aumentar imunidade http://bit.ly/3bTPwgL
📖 Meu livro ""Liberte Sua Mente"" https://bit.ly/3hSPvhM
👍 Meus Suplementos: https://bit.ly/34AowPD
🚩Inscreva-se no meu curso de Leitura Facial : https://bit.ly/2WWkkGU

----------------------------------------------------------------------------------------------------------------------------------------
✅ INSCREVER NO CANAL - https://bit.ly/canalPeterLiu
✅ INSTAGRAM - https://bit.ly/Instagram_PeterLiu
✅ FACEBOOK - https://www.facebook.com/saudezen
✅ SITE https://www.peterliu.com.br
✅ AGENDAR CONSULTAS - WhatsApp (19) 98410-6241 https://bit.ly/Consulta_PeterLiu
----------------------------------------------------------------------------------------------------------------------------------------
🔵 SIGA MINHAS PRINCIPAIS PLAYLISTS
▶️MEUS MELHORES VÍDEOS https://bit.ly/38r0KqY
▶️MEUS SUPLEMENTOS https://bit.ly/3eWl1ah
▶️ESPIRITUALIDADE & REFLEXÕES https://bit.ly/3grU8Lw
▶️DICAS DE BELEZA https://bit.ly/38wEP1v

----------------------------------------------------------------------------------------------------------------------------------------
DESENCARGO DE RESPONSABILIDADE:

As informações fornecidas neste canal possuem caráter unicamente educativo, não pretendendo substituir a consulta aos profissionais competentes, e nem servir como recomendações para quaisquer protocolos de tratamento de uma ou mais condições de saúde.

Cabe destacar que, apesar do fato dos fitoterápicos, suplementos, conselhos e receitas apresentados neste canal serem naturais em sua maioria, não significa que não possam ocasionar efeitos secundários em algumas pessoas, dado que cada organismo é distinto e o que pode funcionar em um pode não funcionar em outro. Em caso de dúvidas, procure seu médico.
----------------------------------------------------------------------------------------------------------------------------------------
👋Olá,

Sou  Peter Liu,  terapeuta holística em acupuntura e medicina chinesa e tenho uma clínica de acupuntura em Campinas, interior de São Paulo. 

No meu canal tenho milhares de vídeos para você poder compartilhar com seus amigos e familiares para que tenham uma qualidade de vida e a saúde melhorada. 

✔Eu tenho um curso de Leitura Facial On-Line que está disponível no meu site oficial: https://www.peterliu.com.br 

✔Quem quiser fazer este curso basta acessar o site ou entrar em contato usando o WhatsApp no número (19) 984106241 ou (019) 3305-6000",pt,False,False,,
UhT2x_Ijwe8,"['Pain', 'Fatigue', 'Acupuncture']",3,Acupuntura,"Científico
",1705,1705,183,Deconstructing the Legitimization of Acupuncture: How Science Helped Move Acupuncture to Mainstream,"Rick Harris, PhD
Associate Professor, Anesthesiology and Medicine
Director, Pain and Fatigue Neuroimaging
University of Michigan",en,False,False,,
yhJkTlPpdm8,[],0,Acupuntura,"Pseudocientífico
",309,309,47,Gwyneth Paltrow's Acupuncture Session | goop,"For the acupuncture-curious, we filmed Gwyneth in a session with her New York acupuncturist, Paul Kempisty, L.Ac. He took her through a typical appointment, finishing as he often does with an aromatherapy session. GP asked questions during the video, and we followed up with a few more, getting at everything from his approach to treatment and the nature of modern acupuncture research to what you need to know if you’re looking for a practitioner in your area.

Learn more about our GP's acupuncture session with Paul Kempisty here: https://goop.be/2NRZ3Hn

Subscribe to goop here: https://www.youtube.com/user/goop

Follow goop on social here: 
Facebook: https://www.facebook.com/Goop 
Twitter: https://twitter.com/goop 
Instagram: https://www.instagram.com/goop/ 
Pinterest: https://www.pinterest.com/goop/ 
Spotify: https://open.spotify.com/user/gooptunes 

Want more goop? 
Sign up for your weekly note from us right here: http://goop.com/subscribe/",en,False,False,,
TJSoH8DF2E8,[],0,Acupuntura,"Pseudocientífico
",594,594,241,Episodio #1251 Acupuntura y Metabolismo,"En este episodio Frank explica de qué manera la acupuntura permite mejorar el funcionamiento del organismo.  
 


Para obtener la ayuda de un Consultor Certificado en Metabolismo hable al 1-888-348-7352 o visítenos online en https://us.naturalslim.com/?utm_source=mtvyoutube&utm_medium=organic?el=youtube

En Puerto Rico hable 1-787-763-2527 o visítenos en http://www.naturalslimstore.com

En Europa +3120-2296-300 o visítenos en https://www.naturalslim.eu

En México hable al (55) 5256-1368

En República Dominicana envíe mensaje por Whatapps al 1-787-249-3198

En Panamá +507 396-6000

En Costa Rica (506)2430-2010

En Colombia al (57-1) 7020928

Subscríbete a Unimetab aquí y permite que Frank te lleve de la mano paso a paso: https://www.unimetab.com/

Subscríbete a MetabolismoTV en Messenger para acceso a educación exclusiva por Frank en el tema del metabolismo: https://www.messenger.com/t/MetabolismoTV/

Para hacer su prueba de metabolismo gratis haga click aquí: https://www.naturalslim.com/prueba-tu...

Para ordenar el libro en uno de los países listados abajo contacte a través de https://www.naturalslim.com a su distribuidor local quien le ayudará a obtenerlo. 

Descubre tu metabolismo junto con el autor Frank Suárez, especialista en Obesidad y Metabolismo, y escritor del Best-Seller ""El Poder del Metabolismo"", para que puedas adelgazar y mejorar tu salud.

Sigue a Frank y MetabolismoTV en Facebook aquí: https://www.facebook.com/MetabolismoTV/

Envíale un mensaje a Frank y al equipo de MetabolismoTV aquí: https://www.messenger.com/t/Metabolis...

Acceso a Libros Digitales con Membresia a www.MetabolismoVIP.com

La información que se brinda en MetabolismoTV® tiene un propósito puramente educacional. No pretendemos diagnosticar, curar o de alguna otra forma sustituir la ayuda profesional de su médico, nutricionista, dietista u otro profesional de la salud cualificado. Usted siempre debe consultar con su médico antes de empezar a hacer cualquier cambio en su dieta muy en especial si está recibiendo tratamiento médico o utiliza medicamentos recetados.

#Metabolismo #FrankSuarez #LaVerdadSiempreTriunfa #ElPoderdelMetabolismo  #MetabolismoTV",es,False,False,,
