,BC5CDR_Terms,BC5CDR_Count,Search_Term,Content_Classification,duration_seconds,duration_seconds,comment_count,video_title,video_description,detected_language,is_live_broadcast,is_archived_live,live_actual_start_time,live_actual_end_time
V3vhXQy48jo,"['psychiatric', 'Somatic Experiencing', 'Der', 'worry', 'OCD', 'mental illness', 'anxiety']",7,Terapia Cognitivo Conductual,"Científico
",1204,1204,6906,Intrusive Thoughts and Overthinking: The Skill of Cognitive Defusion 20/30,"Do you want to learn How to Process Emotions and improve your Mental Health? Sign up for a Therapy in a Nutshell Membership, you'll get access to all of Emma’s courses, workbooks, and a Live Q and A with 100’s of exclusive videos: https://courses.therapyinanutshell.com/membership

Get the course: How to Help: Peer-to-Peer Support Certification
https://courses.therapyinanutshell.com/practical-psychotherapy-skills?utm_campaign=Jul%202,%202021&utm_medium=Description&utm_source=YouTube

Get the course: How to Process Your Emotions
https://courses.therapyinanutshell.com/emotion-processing?utm_campaign=Jul%202,%202021&utm_medium=Description&utm_source=YouTube

Do you ever find yourself overthinking a situation or battling intrusive thoughts? This video will teach you the skill of cognitive defusion, which will help you separate yourself from your thoughts so that you can look at them rather than through them.

Intrusive thoughts can be scary, dark or painful. They can make you worry that you're losing your mind. they are associated with OCD but they can also just pop up out of nowhere. But Intrusive thoughts don't have to ruin your life. 
Overthinking is another problem that many people face, constantly dwelling on thoughts or rehashing them over and over. 
We swim through our thoughts like a fish swims through water. We don’t even notice that the way we think colors our view of the world. 
Or sometimes we do notice thoughts that we don’t like, and then we don’t know what to do with them. Sometimes you fight them or struggle against them, but that doesn’t feel any better. 
So sometimes you get stuck in an endless loop of overthinking, obsessively struggling against a thought. But that’s not any better, because struggle steals your attention and energy. 
In this video you’re going to learn how to get unstuck from your intrusive thoughts and break free from patterns of overthinking.  You’re going to learn how to look at your thoughts instead of through them. 
This skill is called cognitive defusion. 

Looking for affordable online therapy? My sponsor, BetterHelp, connects you to a licensed professional from the comfort of your own home. Try it now for 10% off: https://betterhelp.com/therapyinanutshell

Learn more in one of my in-depth mental health courses: https://courses.therapyinanutshell.com/?utm_campaign=07012021&utm_medium=Description&utm_source=YouTube
Support my mission on Patreon: https://www.patreon.com/therapyinanutshell
Sign up for my newsletter: https://courses.therapyinanutshell.com/free-resources
Check out my favorite self-help books: https://kit.co/TherapyinaNutshell/best-self-help-books
Check out my podcast, Therapy in a Nutshell: https://tinpodcast.podbean.com/

Therapy in a Nutshell, LLC, and the information provided by Emma McAdam are solely intended for informational and entertainment purposes and are not a substitute for advice, diagnosis, or treatment regarding medical or mental health conditions. Although Emma McAdam is a licensed marriage and family therapist, the views expressed on this site or any related content should not be taken for medical or psychiatric advice. Always consult your physician before making any decisions related to your physical or mental health.
In therapy I use a combination of Acceptance and Commitment Therapy, Systems Theory, positive psychology, and a bio-psycho-social approach to treating mental illness and other challenges we all face in life. The ideas from my videos are frequently adapted from multiple sources. Many of them come from Acceptance and Commitment Therapy, especially the work of Steven Hayes, Jason Luoma, and Russ Harris. The sections on stress and the mind-body connection derive from the work of Stephen Porges (the Polyvagal theory), Peter Levine (Somatic Experiencing) Francine Shapiro (EMDR), and Bessel Van Der Kolk. I also rely heavily on the work of the Arbinger institute for my overall understanding of our ability to choose our life's direction. 
And deeper than all of that, the Gospel of Jesus Christ orients my personal worldview and sense of security, peace, hope, and love https://www.churchofjesuschrist.org/comeuntochrist/believe

If you are in crisis, please contact the National Suicide Prevention Hotline at https://suicidepreventionlifeline.org/ or 1-800-273-TALK (8255) or your local emergency services.
Copyright Therapy in a Nutshell, LLC
----
Music licensed from www.Bensound.com or Artlist.io
Images from Freepik.com (premium license), Pixabay, or Wikimedia commons",en,False,False,,
mxwUyUoXHVc,"['excoriation disorder', 'mania', 'trichotillomania', 'cognitive behavior', 'major depression', 'attention deficit disorder', 'Lip', 'compulsive behavior', 'inositol', 'anxiety disorders', 'ADHD', 'skin-picking', 'N-acetylcysteine', 'bipolar disorder', 'repetitive disorders']",15,Terapia Cognitivo Conductual,"Científico
",477,477,18071,Skin Picking and Hair Pulling Explained. What are Body Focused Repetitive Behaviors?,"✨ UNLOCK YOUR BRAIN'S FULL POTENTIAL! My free 2-minute quiz reveals your unique ""Brain Operating System"" and gives you a personalized guide to master your focus, handle stress, and perform at your best. Take the Quiz → https://drmarks.co/BrainQuiz-yt

The two most common behaviors are hair pulling and skin picking. These two have official names in the diagnostic manual. Hair pulling is called trichotillomania and skin-picking is called excoriation disorder. Even though trichotillomania has mania in the name, it has nothing to do with the mania of bipolar disorder.

Some other body focused repetitive disorders include:
Nail biting also called Onychotillomania
Lip biting
Nose picking

Some of the therapies used to help this condition are habit reversal training, which is a type of cognitive behavior therapy and a self-help technique called decoupling. With decoupling, you perform a different behavior whenever you feel the tension that normally triggers the compulsion. The idea is that this other behavior that you do, decouples or disrupts the connection between the emotion and the compulsion. Engaging in the other behavior allows you to gain some control over the compulsive behavior.

We don’t have any medications that are standardly used for this disorder. There’s been some evidence that inositol and N-acetylcysteine have been helpful. Both of these are supplements that you can get without a prescription. Other alternative therapies are yoga, aerobic exercise, acupuncture, biofeedback and hypnosis.

Download the Habit Reversal Handout here: https://markspsychiatry.com/habit-reversal/

References
Grant JE, Odlaug BL, Chamberlain SR, et al: Skin picking disorder. Am J Psychiatry 169(11):1143–1149, 2012 PubMed ID: 23128921

Moritz S, Rufer M. Movement decoupling: A self-help intervention for the treatment of trichotillomania. J Behav Ther Exp Psychiatry. 2011 Mar;42(1):74-80. doi: 10.1016/j.jbtep.2010.07.001. Epub 2010 Jul 14. PMID: 20674888.

Torales J, Barrios I, Villalba J. Alternative Therapies for Excoriation (Skin Picking) Disorder: A Brief Update. Adv Mind Body Med. 2017 Winter;31(1):10-13. PMID: 28183072.

Disclaimer: All of the information on this channel is for educational purposes and not intended to be specific/personal medical advice from me to you. Watching the videos or getting answers to comments/question, does not establish a doctor-patient relationship. If you have your own doctor, perhaps these videos can help prepare you for your discussion with your doctor.",en,False,False,,
q6aAQgXauQw,"['depression', 'self-harm', 'insomnia', 'panic', 'anxiety']",5,Terapia Cognitivo Conductual,"Científico
",235,235,571,What is Cognitive Behavioral Therapy?,"Explore CBT care options: https://psychhub.com/

CBT is an evidence-based treatment that can help people with depression, anxiety, panic attacks, hard relationships, and many other problems.

#CognitiveBehavioralTherapy #MentalHealth
__

Follow and subscribe to Psych Hub:
https://www.facebook.com/PsychHubEd/
https://twitter.com/psychhub
https://www.instagram.com/psychhubeducation/ 
https://www.linkedin.com/company/psychhubeducation/ 

__

Psych Hub is an educational service, and the information in this video is not a substitute for professional advice, diagnosis, or treatment. If you or someone you know are experiencing what you believe are mental health symptoms, please consult with a trained medical professional or a licensed mental health provider. We recommend consulting with a licensed behavioral health provider before trying any of the strategies mentioned in our materials. 

If you or someone you know is in immediate danger, please call 911. For information on how to find support and treatment, and hotlines for specific issues and audiences, visit PsychHub.com/Hotline.

If you or someone you know are having thoughts of suicide or self-harm or are experiencing a mental health crisis, please call a national 24/7 hotline. For United States residents, those are:

988 Lifeline
Support for anyone experiencing a mental health crisis.
Availability: 24/7/365
Call or text: 988
Chat: https://chat.988lifeline.org/
Website: https://988lifeline.org/
Ayuda en Español: 988, presione 2 o escriba ayuda
sitio web: https://988lifeline.org/es/inicio/
Deaf, Hard of Hearing, Hearing Loss: https://988lifeline.org/deaf-hard-of-hearing-hearing-loss/
ASL Now: https://988.aslnow.io/phones/100030001/
TTY: Use your preferred relay service or dial 711 then 988

Crisis Text Line
AVAILABILITY: 24/7/365
US: Text HOME to 741741
CA: Text 686868
UK: Text 85258
Ireland: Text 50808
WEBSITE: www.crisistextline.org  

© 2024 Psych Hub, LLC. All Rights Reserved.",en,False,False,,
aAVGyRMS3gE,"['cognitive distortions', 'Cognitive distortions', 'psychiatric', 'cognitive behavior', 'Somatic Experiencing', 'cognitive distortion', 'Der', 'depression', 'mental illness', 'anxiety']",10,Terapia Cognitivo Conductual,"Científico
",1043,1043,815,Cognitive Distortions: Cognitive Behavioral Therapy Techniques 18/30,"Do you want to learn How to Process Emotions and improve your Mental Health? Sign up for a Therapy in a Nutshell Membership, you'll get access to all of Emma’s courses, workbooks, and a Live Q and A with 100’s of exclusive videos: https://courses.therapyinanutshell.com/membership

Get the course: Overcoming Perfectionism and People Pleasing
https://courses.therapyinanutshell.com/perfectionism-and-people-pleasing?utm_campaign=Jun%2017,%202021&utm_medium=Description&utm_source=YouTube

Get the course: How to Process Your Emotions
https://courses.therapyinanutshell.com/emotion-processing?utm_campaign=Jun%2017,%202021&utm_medium=Description&utm_source=YouTube

Cognitive distortions are thoughts that aren't actually true but feel true. Your thoughts twist reality, and you start to feel like you’re bad, broken, or deficient. Or you begin to see the world as dangerous, threatening, or cruel. 
But here’s the thing with cognitive distortions: you don’t realize you’re doing it. You think the way you see things is reality. It feels true. When you think or talk through the lens of a cognitive distortion, you sound rational and accurate to yourself. So is there anything you can do about this? Cognitive Behavioral Therapy can help you change how you feel by changing how you think. 
The first step is to learn what cognitive distortions are and notice when you’re using them. 

Looking for affordable online therapy? My sponsor, BetterHelp, connects you to a licensed professional from the comfort of your own home. Try it now for 10% off: https://betterhelp.com/therapyinanutshell

Learn more in one of my in-depth mental health courses: https://courses.therapyinanutshell.com/?utm_campaign=06172021&utm_medium=Description&utm_source=YouTube
Support my mission on Patreon: https://www.patreon.com/therapyinanutshell
Sign up for my newsletter: https://courses.therapyinanutshell.com/free-resources
Check out my favorite self-help books: https://kit.co/TherapyinaNutshell/best-self-help-books
Check out my podcast, Therapy in a Nutshell: https://tinpodcast.podbean.com/

Therapy in a Nutshell, LLC, and the information provided by Emma McAdam are solely intended for informational and entertainment purposes and are not a substitute for advice, diagnosis, or treatment regarding medical or mental health conditions. Although Emma McAdam is a licensed marriage and family therapist, the views expressed on this site or any related content should not be taken for medical or psychiatric advice. Always consult your physician before making any decisions related to your physical or mental health.

In therapy I use a combination of Acceptance and Commitment Therapy, Systems Theory, positive psychology, and a bio-psycho-social approach to treating mental illness and other challenges we all face in life. The ideas from my videos are frequently adapted from multiple sources. Many of them come from Acceptance and Commitment Therapy, especially the work of Steven Hayes, Jason Luoma, and Russ Harris. The sections on stress and the mind-body connection derive from the work of Stephen Porges (the Polyvagal theory), Peter Levine (Somatic Experiencing) Francine Shapiro (EMDR), and Bessel Van Der Kolk. I also rely heavily on the work of the Arbinger institute for my overall understanding of our ability to choose our life's direction. 
And deeper than all of that, the Gospel of Jesus Christ orients my personal worldview and sense of security, peace, hope, and love https://www.churchofjesuschrist.org/comeuntochrist/believe

If you are in crisis, please contact the National Suicide Prevention Hotline at https://suicidepreventionlifeline.org/ or 1-800-273-TALK (8255) or your local emergency services.
Copyright Therapy in a Nutshell, LLC
----
Music licensed from www.Bensound.com or Artlist.io
Images from Freepik.com (premium license), Pixabay, or Wikimedia commons",en,False,False,,
5YJ_t41Z440,[],0,Terapia Cognitivo Conductual,"Científico
",3444,3444,290,"Cómo dejar de ser tu peor enemigo | Alba Cardalda, psicóloga","Entra en nuestra web: https://aprendemosjuntos.bbva.com/
Suscríbete a nuestro canal de YouTube: https://www.youtube.com/channel/UCI6QcXatdaEAaRTRjl3dc0w
Síguenos en Instagram: https://www.instagram.com/aprendemosjuntosbbva/
Síguenos en Facebook: http://fb.com/aprendemosjuntosBBVA
Síguenos en TikTok: https://www.tiktok.com/@aprendemosjuntosbbva?_t=8q4wz5Xt8bI&_r=1
Síguenos en X: http://twitter.com/aprenderjuntos_
Escucha nuestros podcasts en Spotify: https://open.spotify.com/show/07rXxtOlzNI0NuB8vpAgvE

¿Qué sucedería si silenciásemos nuestra voz interior? ¿Seríamos más felices o infelices? ¿Cómo establecer límites y comunicarse con asertividad? ¿Es posible una forma más sana de relacionarnos con nosotros y los demás? A estas y otras preguntas responde la psicóloga Alba Cardalda en este vídeo, donde propone estrategias para afrontar la comunicación y relaciones sociales con seguridad, autoestima y fortaleza. 

Alba Cardalda se define como psicóloga, neuropsicóloga, conferenciante, escritora y nómada. Porque un día, después de años de experiencia y asistencia en un centro de neurorrehabilitación, decidió escuchar los consejos y reflexiones de los pacientes mayores que trataba, atender a su vocación, dejarlo todo, hacer la mochila y empezar un viaje por el mundo. Lo que pensaba que serían dos meses de viaje y aprendizajes vitales se convirtió en una nueva forma de entender su vida y expandir su consulta clínica desde cualquier lugar del mundo. Cardalda es terapeuta especializada en psicoterapia breve y estratégica, terapia cognitivo-conductual y autora de dos libros, ‘Cómo dejar de ser tu peor enemigo’ y ‘Cómo mandar a la mierda de forma educada’, donde aporta herramientas prácticas que mejoran el bienestar y las relaciones humanas. 

“Si en la escuela, tal como nos enseñan matemáticas o lengua, y nos enseñaran a comunicarnos de forma asertiva, a identificar cuáles son nuestros límites y a poder expresarlos, y a que no nos sentara mal cuando las otras personas nos los expresan a nosotros, seguramente aprenderíamos a tener relaciones mucho más sanas y hoy en día nuestra vida sería bastante diferente”, reflexiona la autora. Estrategias para afrontar conversaciones incómodas, claves de asertividad y seguridad en uno mismo y herramientas de ‘mindfulness’ para silenciar el diálogo interior destructivo son algunas de las prácticas recomendaciones que comparte con sus pacientes y seguidores, a través de sus libros, conferencias y creación de contenido digital.

#AprendemosJuntos",es,False,False,,
mdFUUwXiq9w,"['depressions', 'depression', 'treatment-resistant depression']",3,Terapia Cognitivo Conductual,"Científico
",48,48,1021,¿Eutanasia por depresión? #terapiaanalitica #news #terapiapsicologica,"💔 El 22 de mayo, una joven de 29 años fue eutanasiada en Holanda tras ser diagnosticada con una """"depresión resistente"""". Pero, ¿qué significa realmente ese término?

🧠 Muchos psiquiatras alertan de que, en realidad, estas depresiones no son resistentes, sino maltratadas. Una verdadera depresión resistente no responde a tres psicofármacos, ni a terapia electroconvulsiva, ni a intervención psicoterapéutica como la TCC.

⚠ Cada día, miles de personas como ella se quiebran ante el sufrimiento, después de escuchar frases como: “Esto es crónico, nunca mejorarás, solo te queda medicarte de por vida”.

💬 ¿Estamos fallando en la forma en que abordamos los casos más complejos? ¿Hasta qué punto el sistema valida el abandono terapéutico?

🎥 📺 Puedes ver la charla completa en el enlace de la biografía.
🎥 @COPM

. . #Psicoterapia #Psicoterapeuta #SaludMental #Terapia #Bienestar #FormaciónPsicoterapéutica #BienestarEmocional #PsicoterapeutasEnFormación #CrecimientoProfesional #PsicologíaIntegrativa #EnfoqueBasadoEnEvidencia",es,False,False,,
9G81Nfb5anc,"['panic attacks', 'panic', 'Anxiety', 'anxiety']",4,Terapia Cognitivo Conductual,"Científico
",417,417,2154,Treino para Ansiedade e Pânico | Psicólogo Diego Falco,"Conheça meu curso Completo e Definitivo de TCC: https://www.essencialdatcc.com.br/

Conheça também minha plataforma de Imunidade Mental: https://www.imunidademental.com.br/

-----------------------------------------------------------------

Teste Grátis por 30 dias o Kindle Unlimited: https://amzn.to/3idHGzy - Tenha acesso à Mais de um milhão de eBooks para você ler onde e quando quiser. Incluindo o MEU! :)

Teste Grátis por 30 dias o Amazon prime: https://amzn.to/3cM7fXf - Tenha frete grátis e acesso ao Prime Vídeo e assista séries famosas como Anéis do Poder e The Boys - Você ajuda o canal através deste link ;)

Se você for estudante de psicologia ou profissional da área, e quiser se aprofundar na Terapia Cognitivo-Comportamental e ter mais confiança clínica, conheça nosso Ebook Gratuito TCC em detalhes: https://essencialdatcc.com.br/tccemdetalhes

Baixe também, GRATUITAMENTE, materiais para uso clínico: https://essencialdatcc.com.br/materiais-gratuitos-tcc/

Para conhecer meus ebooks e meu trabalho:

[Best-Seller 💎] Ebook Essencial da TCC: https://amzn.to/2Q0EZHa

Ebook VENCENDO O BURNOUT: https://amzn.to/2RRgWgJ

Um dos maiores medos das pessoas que possuem uma ansiedade exagerada, mais improdutiva do que produtiva, é a possibilidade de se ter uma crise de ansiedade ou ataque de pânico e não saber o que fazer com isso. Neste vídeo, você descobrirá como lidar com essas crises e se sentirá mais seguro em seu dia dia.

Hoje eu vou falar sobre um treino respiratório que nós da terapia cognitivo comportamental utilizamos no consultório e que pode te ajudar a lidar melhor com sua Ansiedade e cortar as crises de ansiedade e pânico.

--------------------------------------------------------------------------------------

Caso seja terapeuta ou estudante, o mais indicado é o livro da Judith Beck Terapia Cognitivo Comportamental: teoria e prática. http://amzn.to/2vqGgLp

Para aprender os ensinamentos e também aplicar algumas técnicas da terapia cognitiva o livro a mente vencendo o humor: http://amzn.to/2vqtAEi

_______________________________________

Siga nas redes sociais e nosso podcast: 

http://facebook.com/falcoericci

https://instagram.com/terapiacognitivaonline

https://anchor.fm/diego-falco




Nosso canal busca uma melhor qualidade de vida para você! Por isso, inscreva-se em nosso canal para ficar atualizado 
com todos os nossos vídeos, nos ajudar a crescer e assim mais pessoas serem ajudadas:

http://bit.ly/falcoyoutube


Temos vídeo novo toda Terça-feira com temas variados.

Aos sábados teremos vídeos respondendo as perguntas de nossos seguidores, por isso, não deixe de nos enviar uma pergunta pelo Instagram e Youtube na quarta-feira.


Produção: Diego Falco

Roteiro: Diego Falco / Alcione Ricci

Direção: Diego Falco

Psicólogos: 

Diego Candeloro Falco CRP 06/122081
Alcione Candeloro Ricci CRP 06/13108

FALCO E RICCI QUALIDADE DE VIDA 
Cadastrada pelo número CRP 5264/J
e pelo CNPJ 22.029.976/0001­-20
_______________________


Imagens designed by Freepik.com


Obrigado e até a próxima! ,)

#TerapiaCognitiva #Psicologia #TerapiaCognitivoComportamental #SaúdeMental #SaúdeEmocional #Psicólogo",pt,False,False,,
YBzvkgARehg,"['cognitive distortions', 'psychiatric', 'Somatic Experiencing', 'cognitive distortion', 'Der', 'depression', 'Anxiety', 'trauma', 'mental illness', 'anxiety']",10,Terapia Cognitivo Conductual,"Pseudocientífico
",952,952,591,Emotional Reasoning- The Cognitive Distortion that makes you Emotionally Reactive - Anxiety 18/30,"Stop emotional reasoning—learn how this cognitive distortion fuels anxiety and reactivity, and discover CBT tools to boost emotional regulation and clarity.
Join Therapy in a Nutshell’s membership: https://courses.therapyinanutshell.com/membership
You'll get instant access to all 10 life-changing courses, live weekly Q&As, and a supportive community for just $27/month. Learn how to manage anxiety, process trauma, regulate emotions, and build lasting resilience so that you can live a deeply rich and meaningful life! 

Break the Anxiety Cycle in 30 Days - Online course: https://courses.therapyinanutshell.com/anxietyskills

In this video I’m going to teach you an important skill to be less emotionally reactive. Essentially, how to control your emotions. Emotions lie to you all the time. But they feel so real. They are very powerful motivators, but they aren’t always accurate. In this video you’ll learn how to be less emotionally reactive by learning to combat emotional reasoning. You’ll learn 4 ways to slow yourself down in an intense moment and 3 steps to combating emotional reasoning. We'll also talk for a minute about the difference between emotions and intuition.
Emotional reasoning is a cognitive distortion where you believe that something is true simply because it feels true. You use emotions as your evidence, instead of logic or, you know, evidence. 
If you want to control your emotions, you need to learn how to recognize emotional reasoning and replace it with a combination of logic and values-based decision making. This is a fundamental skill from CBT, cognitive behavioral therapy. 

00:00 Intro 
02:22 OK, So What Is Emotional Reasoning?
06:40 So, If You Want To Be Less Emotionally Reactive, You’ve Got To Slow Things Down.

Click the link below to access the transcript: 
https://therapyinanutshell.com/emotional-reasoning/

Looking for affordable online counseling? My sponsor, BetterHelp, connects you to a licensed professional from the comfort of your own home. Try it now for 10% off your first month: https://betterhelp.com/therapyinanutshell

Join Therapy in a Nutshell’s membership and get instant access to all 10 life-changing courses, live weekly Q&As, and a supportive community for just $27/month. Learn how to manage anxiety, process trauma, regulate emotions, and build lasting resilience. Take small, powerful steps toward healing and a richer, more meaningful life. Start your journey today! https://courses.therapyinanutshell.com/membership


Looking for affordable online counseling? My sponsor, BetterHelp, connects you to a licensed professional from the comfort of your own home. Try it now for 10% off your first month: https://betterhelp.com/therapyinanutshell

FREE Mental Health Resources: https://courses.therapyinanutshell.com/free-resources
Check out my podcast, Therapy in a Nutshell: https://tinpodcast.podbean.com/

Therapy in a Nutshell and the information provided by Emma McAdam are solely intended for informational and entertainment purposes and are not a substitute for advice, diagnosis, or treatment regarding medical or mental health conditions. Although Emma McAdam is a licensed marriage and family therapist, the views expressed on this site or any related content should not be taken for medical or psychiatric advice. Always consult your physician before making any decisions related to your physical or mental health.
In therapy I use a combination of Acceptance and Commitment Therapy, Systems Theory, positive psychology, and a bio-psycho-social approach to treating mental illness and other challenges we all face in life. The ideas from my videos are frequently adapted from multiple sources. Many of them come from Acceptance and Commitment Therapy, especially the work of Steven Hayes, Jason Luoma, and Russ Harris. The sections on stress and the mind-body connection derive from the work of Stephen Porges (the Polyvagal theory), Peter Levine (Somatic Experiencing) Francine Shapiro (EMDR), and Bessel Van Der Kolk. I also rely heavily on the work of the Arbinger institute for my overall understanding of our ability to choose our life's direction. 
And deeper than all of that, the Gospel of Jesus Christ orients my personal worldview and sense of security, peace, hope, and love https://www.churchofjesuschrist.org/comeuntochrist/believe

If you are in crisis, please contact the National Suicide Prevention Hotline at https://suicidepreventionlifeline.org/ or 1-800-273-TALK (8255) or your local emergency services.
Copyright Therapy in a Nutshell, LLC",en,False,False,,
GC6TAVyfHkk,['anxiety'],1,Terapia Cognitivo Conductual,"Científico
",943,943,1697,PENSAMIENTOS REPETITIVOS POR ANSIEDAD | FANNY PSIQUIATRA,"😀Hola amigos en este video voy a hablarles acerca de los pensamientos repetitivos 

Adivinen que este tema tiene que ver por supuesto con la #ansiedad, cuando llegamos a tener pensamientos repetitivos o #pensamientosobsesivos 🙃regularmente estamos hablando de ansiedad.

Un pensamiento puede ser algo muy variado es decir desde una idea, una frase,  una imagen, una escena,  porque el pensamiento es algo mucho más complejo que propiamente las palabras,  un #pensamientorepetitivo o una #ideaobsesiva es que justamente esta imagen palabra escena que no podemos sacarla de nuestra cabeza, es decir sin importar el esfuerzo mayor que nosotros hagamos para dejar de pensar en eso simplemente no podemos o bien podemos hacerlo pero nos cuesta muchísimo trabajo,  esto está relacionado justamente con ansiedad.  

Cuando nosotros estamos preocupados, angustiados por algo nuestra mente trata de protegernos, cuando algo le angustia comienza a repetirlo y repetirlo y repetirlo o bien comienza a hacer diferentes caminos para tratar de canalizar esa emoción que él está sobrepasando y que no sabe qué hacer con ella 

A veces algo que he visto es que las personas que tienen ideas obsesivas se llegan a preocupar mucho también pensando en otras cosas por ejemplo, pensar en tener enfermedades:
Les dejo el vínculo del video sobre hipocondría 

👉https://youtu.be/86GxnorJzfo

Espero que este video les sea de utilidad, justo para saber que hacer cuando tenemos pensamientos repetitivos. 

Les mando un fuerte abrazo 

Recuerden darle like al video, suscribirse al canal, decirme de que quieren que hablemos aquí y nos vemos en el próximo video. 


😀 https://www.facebook.com/fannypsiquiatra  
😀 https://www.twitter.com/fannypsiquiatra 
😀 https://www.youtube.com/fannypsiquiatra 
😀 suscríbete 👉https://bit.ly/2Y241Jy
✔ blog  👉 https://www.saludemocional.mx

👉Vean mis videos con el Doctor Vic 
https://youtu.be/Xt_n9_Xr_XYtado y qué te ha funcionado?

https://youtu.be/_Au4Ju_m2mg

https://youtu.be/FNSE-R7DJvY😀😀😀😀",es,True,True,2020-06-01T01:30:09Z,2020-06-01T01:47:50Z
hKWzh9E0SXI,"['https://instagram.com/terapiacognitivaonline', 'na nossa lista', 'também', 'crescer', 'perguntas de nossos seguidores, por isso', 'isso', 'Psicólogos', 'humor']",8,Terapia Cognitivo Conductual,"Científico
",898,898,675,As 4 Técnicas de TCC Que Mais Uso (e os 3 Processos Por Trás),"Essas são as 4 técnicas de TCC que mais uso na clínica — e os 3 processos de transformação por trás delas. Se você sabe a teoria mas trava na aplicação, esse vídeo te entrega o que realmente importa antes de você atender amanhã.

⏱️ Capítulos:
0:00 - Por que entender PROCESSOS antes das técnicas
[1:58] - Processos 1: Restruturação Cognitiva
[2:05] - Processos 2: Aceitação
[2:14] - Processos 3: Resolução de Problemas (Teoria)
[2:30] - Técnica 1: Questionamentos Socráticos
[7:00] - Técnica 2: Cartão de Enfrentamento
[10:30] - Técnica 3: Experimento Comportamental
[13:15] - Técnica 4: Resolução de Problemas (Estratégia)

▶️ Quer aprofundar essas técnicas? Acabei de lançar o e-book ""Processos de Transformação da TCC e as 6 Principais Técnicas da Abordagem"" — aprendizado direto ao ponto, no formato que você quiser estudar: https://essencialdatcc.com.br/info1/

━━━━━━━━━━━━━━━━━━━━━━━━━

🎁 MATERIAIS GRATUITOS

📱 App de Estudos em TCC: https://essencialdatcc.com.br/cbt-essential-study-app
📕 E-book ""TCC em Detalhes"" (grátis): https://essencialdatcc.com.br/tccemdetalhes
📂 Materiais para uso clínico: https://essencialdatcc.com.br/materiais-gratuitos-tcc/

📚 QUERO APRENDER TCC NA PRÁTICA

▸ Formação Introdutória em TCC: https://essencialdatcc.com.br/formacao-introdutoria/
▸ Combo de Workshops (Modelo Cognitivo + Ansiedade): https://essencialdatcc.com.br/workshop-desvendando-o-modelo-cognitivo-combo-bio/
▸ Curso Completo e Definitivo de TCC: https://www.essencialdatcc.com.br/
▸ E-book ""Essencial da TCC"" (Best-Seller na Amazon): https://amzn.to/2Q0EZHa

━━━━━━━━━━━━━━━━━━━━━━━━━

👤 SOBRE O DIEGO FALCO

Psicólogo especialista em TCC, com aprofundamento no Beck Institute (EUA) e especialização em Psicologia Positiva pela University of Pennsylvania. Coordenador de pós-graduação em TCC. Mais de 5.800 alunos já passaram pelos meus cursos. Atendo clinicamente desde 2015.

🌐 Site: https://diegofalco.com.br
📸 Instagram: https://instagram.com/terapiacognitivaonline
📘 Facebook: https://facebook.com/falcoericci
🎙️ Podcast FALCOcast: https://anchor.fm/diego-falco

━━━━━━━━━━━━━━━━━━━━━━━━━

Psicólogo Diego Candeloro Falco — CRP 06/122081
FALCO E RICCI QUALIDADE DE VIDA — CRP 5264/J — CNPJ 22.029.976/0001-20

#TCC #TerapiaCognitivoComportamental #PsicologiaClínica #TécnicasDeTCC #ProcessosDeMudança #PsicólogoIniciante",pt,False,False,,
EpWfDdY4-vk,"['emotional distress', 'Fatigue', 'CAP', 'CCDP', 'depression', 'cognitive and emotional regulation\n\n', 'errors,', 'cognitive distortions', 'anger', 'anxiety']",10,Terapia Cognitivo Conductual,"Científico
",3375,3375,173,Mastering Cognitive Behavioral Therapy Tools for Happiness,"Continuing Education for LMFT, LCSW, LPC, LMFT.  NAADAC and State Accredited Education Provider Dawn-Elise Snipes, PhD, LPC NPI: 1699003533  Mastering Cognitive Behavioral Therapy (CBT) Skills and Tools with Doc Snipes Anxiety relief, increase resilience, relieve depression, stop ruminations, become more mindful and start moving toward your rich and meaningful life with these
#cognitivebehavioraltherapy  ( #CBT ) Skills and counseling techniques with Dr. Dawn-Elise ""Doc""  Snipes
📢SUBSCRIBE and click the BELL to get notified when new videos are uploaded. 
💲 CEU Course https://allceus.com/member/cart/index/product/id/520/c/ 

#cbt #selfhelp #psychology #cognitivebehavioraltherapy 

Introduction and Overview (0:00 - 2:00)

    Brief overview of the purpose of the presentation
    Introduction to Cognitive Behavioral Therapy (CBT) and its basic principles

Defining Cognitive Behavioral Therapy (2:01 - 7:30)

    Explanation of CBT's core principles: how thoughts, behaviors, and emotions influence each other
    The importance of helping clients develop a positive self-view

Factors Impacting Behavior (7:31 - 12:45)

    Discussion of factors like stress, emotions, physical health, and social environment that influence how individuals respond to situations
    How schemas and cognitive distortions develop

Thinking Errors and Cognitive Distortions (12:46 - 20:30)

    Common thinking errors like emotional reasoning, all-or-nothing thinking, and magnification
    How negative thinking patterns perpetuate emotional distress

Addressing Negative Core Beliefs (20:31 - 28:15)

    Techniques for identifying and challenging core beliefs
    The importance of separating thoughts from feelings and facts

CBT Strategies for Changing Thinking Patterns (28:16 - 35:00)

    Strategies like cognitive restructuring, thought-stopping, and mindfulness
    How to guide clients through the process of evaluating and correcting distorted thoughts

Impact of Stress and Fatigue on Cognitive Processing (35:01 - 40:20)

    How physical and emotional exhaustion can cloud judgment and increase thinking errors
    The need for self-care and stress management in cognitive and emotional regulation

Working with Negative Emotions (40:21 - 45:00)

    Methods for managing anxiety, depression, and anger through CBT
    Encouraging clients to view emotions as signals rather than facts

Overcoming Cognitive Biases (45:01 - 50:00)

    How biases like confirmation bias and the availability heuristic shape perceptions
    Encouraging clients to look at situations from multiple perspectives

Practical CBT Techniques for Clients (50:01 - End)

    Practical exercises for clients to use, including mindfulness check-ins, journaling, and challenging automatic thoughts
    Encouraging clients to develop a proactive mindset toward change

Unlimited CEUs $59 based on these videos at allceus.com for social work, counseling, marriage and family therapy, addiction counseling, case management, pastoral counseling and more.
Join this channel to get access to perks:

Dr. Dawn-Elise Snipes explains how Cognitive Behavioral Therapy helps people identify unhelpful thoughts and get unstuck from negative thinking, anxiety, depression and anger.  CEUs can be earned for this presentation at:  https://www.allceus.com/member/cart/index/product/id/520/c/

Cognitive Behavioral Therapy Skills: Counselor Toolbox Podcast with Dr. Dawn-Elise Snipes
#CBT #cognitivebehavioral #counselingskills

AllCEUs provides counseling education and CEs for LPCs, LMHCs, LMFTs and LCSWs as well as addiction counselor precertification training and continuing education.
Live, Interactive Webinars ($5): https://www.allceus.com/live-interactive-webinars/
Unlimited Counseling CEs for $59 https://www.allceus.com/

Nurses, addiction and mental health counselors, social workers and marriage and family therapists can earn CEs for this and other presentations at AllCEUs.com

AllCEUs is also approved as an education provider for NAADAC, the States of Florida and Texas Boards of Social Work and Mental Health/Professional Counseling, the California Consortium for Addiction Professionals and Professions. Our courses are accepted in most states through those approvals.",en,False,False,,
SKKHtnhihyQ,"['smoking', 'Nacional Autónoma de']",2,Terapia Cognitivo Conductual,"Científico
",467,467,356,10 técnicas para dejar de fumar (sin sufrir)  | R&A Psicólogos,"Dejar de fumar no es fácil y requiere de paciencia y perseverancia. En este video aprenderás 10 técnicas que te pueden ayudar a dejar de fumar. Psic. Paulina López
✅ 
R&A Psicólogos | Centro de Psicología en CDMX
Dirección: San Francisco 656-int. B, Col del Valle Centro, Benito Juárez, 03100 Ciudad de México, CDMX
Tel: 55 5709 1107
Mira el mapa aquí:: https://goo.gl/maps/pQZtos8e2k7j3Y2H7
Puedes visitar la página: www.ryapsicologos.net

✅ Si quieres asistir a terapia pero tienes dudas o preguntas agenda una entrevista 👉 GRATUITA (en videollamada) para un asesoramiento con un terapeuta: https://www.ryapsicologos.net/contacto/#reunion

👉 Puedes programar una cita de psicoterapia aquí: https://www.ryapsicologos.net/agenda-tu-cita


Puedes ver nuestros artículos sobre autoayuda: 
https://www.ryapsicologos.net/autoayuda


Lee aquí una breve semblanza de la terapeuta:
La psicóloga Paulina López Benitez (cédula profesional 08747454), terapeuta de R&A Psicólogos, realizó sus estudios de licenciatura en la Universidad Nacional Autónoma de México con enfoque en terapia cognitivo-conductual. Y sus estudios de Maestría los realizó en la Facultad de Psicología de dicha Universidad. Ha trabajado en diversos Centros y Hospitales como en el Albergue temporal de la PGJ donde brindó atención psicológica principalmente a menores de edad, o  en el Centro de Prevención de Adicciones. Imparte terapia infantil, individual y de pareja.

Síguenos en nuestras redes sociales:

Dale like a nuestra página en facebook: https://www.facebook.com/ryapsicologos
Síguenos en Twitter: https://twitter.com/ryapsicologos
Síguenos en Pinterest: https://pinterest.com/ryapsicologos
Instagram: instagram.com/ryapsicologos",es,False,False,,
ySrSAS4JBiU,['cognitive distortions'],1,Terapia Cognitivo Conductual,"Científico
",470,470,185,Cómo te engaña tu cerebro: el ABC y las distorsiones cognitivas,"En esta píldora voy a contaros algo que he explicado cientos (o miles) de veces a mis pacientes en los últimos años, y que es una de las partes más importantes de la terapia cognitiva. Hoy voy a hablaros del modelo ABC, y de cómo las creencias irracionales y las distorsiones cognitivas pueden hacernos ver una realidad que no existe. Cuando veáis el vídeo sabréis por qué sentimos lo que sentimos, de qué depende que pensemos que hoy hemos tenido un día bueno o malo, por qué a veces lo vemos todo negro o por qué dos personas distintas, se sienten de modo diferente ante una misma situación.

- - - - - - - - - - - - - -

👉 ¿Te ha gustado el vídeo? ¡Suscríbete al canal! https://www.youtube.com/channel/UCKJNeVvjAI25bHQUYFuNVwQ?sub_confirmation=1 👈

📗 Nuestro último libro es “Niños sin etiquetas” (Ed. Paidós, 2020). Hacemos un recorrido por las etiquetas que más utilizamos habitualmente para calificar a los niños y os contamos cómo podemos educarlos sin caer en esa trampa. A la venta en todas las librerías físicas y digitales (Corte Inglés, Fnac, Casa del Libro, Abbacus, etc.), así como en Amazon: https://amzn.to/3d7uGKb

📘 También te gustará nuestro libro “Hijos y Padres Felices” (Ed. Kailas, 2017) donde hablamos sobre la crianza durante la etapa 0-3 años: apego, autonomía, lactancia, premios, castigos…  También en todas las librerías y Amazon: ‎http://‎amzn.to/2kpqBtW.

📺 Y si te interesan los temas relacionados con la crianza y la educación, puedes acceder ya a nuestros cursos en la Escuela Bitácoras: “El sueño en la infancia”,  “Rabietas y límites desde el respeto” y ""Cómo fomentar la autonomía en los niños"". Cada uno de ellos con más de tres horas de contenido, en los que os contamos cuento todo lo que necesitas saber sobre estos temas ¡Y si utilizas el código ALBERTOSOLER tendrás un 10% de descuento! Puedes acceder a nuestros cursos aquí: https://escuela.bitacoras.com/profesores/alberto-soler/

👋 Mi nombre es Alberto Soler, soy Psicólogo y dirijo el Centro de Psicología Alberto Soler en Valencia (España) Puedes seguirme en:

Instagram: https://www.instagram.com/asolers/
Twitter: https://twitter.com/asolers/
Facebook: http://www.facebook.com/psicologovalencia
Centro de Psicología Alberto Soler: https://www.albertosoler.es

👫 Guión, montaje y música: Alberto Soler Sarrió y Concepción Roger Sánchez.",es,False,False,,
PBKWFkwl3Ws,[],0,Terapia Cognitivo Conductual,"Pseudocientífico
",446,446,246,"Terapia Gestalt: definición, objetivos y cómo funciona  | R&A Psicólogos","En este video te compartiré qué es la terapia gestalt, sus objetivos, cómo funciona y para quién es indicada, para que lo tengas presente a la hora de elegir qué enfoque es más conveniente para ti.

La terapia Gestalt es una forma de psicoterapia que se deriva de la escuela de pensamiento gestalt: se trata de una terapia fenomenológico-existencial, que se guía por el principio de que cada individuo es un todo (mente, cuerpo y alma), y que se entiende mejor en relación con su situación actual tal como la experimenta. 
✅ 
R&A Psicólogos | Centro de Psicología en CDMX
Dirección: San Francisco 656-int. B, Col del Valle Centro, Benito Juárez, 03100 Ciudad de México, CDMX
Tel: 55 5709 1107
Mira el mapa aquí:: https://goo.gl/maps/pQZtos8e2k7j3Y2H7
Puedes visitar la página: www.ryapsicologos.net

✅ Si quieres asistir a terapia pero tienes dudas o preguntas agenda una entrevista 👉 GRATUITA (en videollamada) para un asesoramiento con un terapeuta: https://www.ryapsicologos.net/contacto/#reunion

👉 Puedes programar una cita de psicoterapia aquí: https://www.ryapsicologos.net/agenda-tu-cita

Si te gustó este video no olvides suscribirte: https://www.youtube.com/channel/UCNfPeG_zvxgS7OFo96Sat8A

Track list
0:00 1 - Intro
0:49 2 - ¿Qué es la terapia Gestalt?
2:16 3 - ¿Cuáles son los objetivos de la terapia Gestalt?
3:27 4 - ¿Cómo funciona la terapia Gestalt?
5:18 5 - Para quién es indicada la terapia Gestalt
6:20 6 - Cómo puede ayudarme
6:53 8 - Outro

#gestalt #psicología #psicologos #psicologo 

Síguenos en nuestras redes sociales:

FACEBOOK: https://www.facebook.com/ryapsicologos
TWITTER: https://twitter.com/ryapsicologos
PINTEREST:  https://pinterest.com/ryapsicologos
INSTAGRAM:  https://instagram.com/ryapsicologos",es,False,False,,
9UHI-ra70X0,"['LPC', 'illness', 'depression', 'Anxiety', 'OPD', 'CRCC', 'anxiety']",7,Terapia Cognitivo Conductual,"Científico
",4741,4741,374,Free Yourself from Abandonment Anxiety & Insecure Attachment,"Continuing Education for LMFT, LCSW, LPC, LMFT.  NAADAC and State Accredited Education Provider Dawn-Elise Snipes, PhD, LPC NPI: 1699003533  Dr. Dawn-Elise Snipes is a Licensed Professional Counselor and Qualified Clinical Supervisor.  She received her PhD in Mental Health Counseling from the University of Florida in 2002.  In addition to being a practicing clinician, she has provided training to counselors, social workers, nurses and case managers internationally since 2006 through AllCEUs.com Cognitive Behavioral Therapy for Abandonment Anxiety
📢SUBSCRIBE and click the BELL to get notified when new videos are uploaded. 
💲 EARN CEUs for counseling and social work for this video at https://allceus.com/member/cart/index/product/id/1472/c/
Unlimited CEUs $59 based on these videos at allceus.com for social work, counseling, marriage and family therapy, addiction counseling, case management, pastoral counseling and more.

Join this channel to get access to perks:
https://www.youtube.com/channel/UCAE3JJi8tX7gfhZEXCUGd_A/join

Many people with insecure attachment have a fear of love as well as a fear of abandonment.  Prior relationships taught them not to get too comfortable in relationships because people would abandon them. 
#cognitivebehavioraltherapy #abandonment #insecureattachment


NOTE:  ALL VIDEOS are for educational purposes only and are NOT a replacement for medical advice or counseling from a licensed professional.

Most people have a certain amount of anxiety in relationships because they are vulnerable, and that person is important to them
Abandonment anxiety is an issue when it is negatively impacts multiple areas of life
Addressing abandonment anxiety means
Creating safety
Identifying and addressing the thoughts, feelings and situations that trigger the anxiety
Becoming empowered by implementing new skills and modifying outdated, or inaccurate schema

#cheapceus #allceus #counselingskills #dawnelisesnipes 

Video by Dr. Dawn Elise Snipes on integrative behavioral health approaches  including counseling techniques and skills for improving mental health and reducing mental illness.

AllCEUs provides multimedia counselor education and CEUs for LPCs, LMHCs, LMFTs and LCSWs as well as addiction counselor precertification training and continuing education.
Live, Interactive Webinars ($5)
Unlimited Counseling CEs for $59 
Specialty Certificates starting at $89

AllCEUs courses for counselor continuing education are accepted in most states because we are an approved education provider for NAADAC, the States of Florida and Texas Boards of Social Work and Mental Health/Professional Counseling, the California Consortium for Addiction Professionals and Professions, the Australian Counselling Association, CRCC,  Canadian Counselling and Psychotherapy Association and more.

Dr Dawn Elise Snipes  provides training through AllCEUs.com that are helpful for ACA OPD, Counsellor OPD, OPD Points, LPC CEUs LMHC CEUs LCPC CEUs LSW CEUs LCSW CEUs LMFT CEUs CRC CEUs LADC CEUs CADC CEUs MAC CEUs MCAP CEUs NCC CEUS  LCDC CEUs CPRS CEUs CTRS CEUs and HPCSA ACA NBCC counsellors needing counselling continuing education counseling continuing education ceus for social workers social work ceus addiction counselor training  counseling ceus continuing education training, NCMHCE, addiction treatment,  addiction recover,y mental health, anxiety relief, depression, motivation, mental health awareness, addiction awareness and integrated behavioral health approaches to treatment   CEbroker  CE broker @cebroker   lpc ceus   lmhc ceus   lcsw ceus mental health  mental illness, better help, talk space, seven cups, 7 cups, online counseling, self help",en,False,False,,
PbdwQMfhALA,"['Leite', 'Ramos']",2,Terapia Cognitivo Conductual,"Científico
",256,256,233,QUAIS SÃO AS ABORDAGENS NA PSICOTERAPIA?,"Os psicólogos usam várias abordagens teóricas na psicoterapia, mas você sabe quais são as principais? No vídeo de hoje, vamos falar sobre as quatro principais abordagens na psicoterapia: a cognitiva, a comportamental, a psicodinâmica e a humanista.

Agradecimento especial aos nossos apoiadores no Patreon e no APOIA.SE:

Patreon

Uriel Marx
Jose Caetano
Rubens Snebur
Cláudio Toma

Apoia.se

Carlos Henrique Oliveira
Elisangela De Moura Gonçalves
Gabriella Pereira Moreno
Mooura Mannu
Pedro Da Rocha Figueiredo
Renato Gama
Fernanda Gonçalves
Guilherme Ramos

Se gostou do vídeo, curta, compartilhe e inscreva-se no nosso canal! Siga as páginas do Minutos Psíquicos nas redes sociais para acompanhar os próximos vídeos e falar com a gente:

Facebook: https://www.facebook.com/minutospsiquicos/
Twitter: https://twitter.com/minutopsiquicos
Google+: https://plus.google.com/b/101696516763588936290/+minutospsiquicos/posts?pageId=101696516763588936290

Conheça a Loja Psíquica:
http://www.loja.minutospsiquicos.com/

Saiba como nos ajudar a expandir o canal e concorrer a ilustrações dos vídeos no nosso Patreon:
http://www.patreon.com/minutospsiquicos

Você também pode apoiar o nosso canal no APOIA.se! Veja mais informações aqui: https://apoia.se/minutospsiquicos

Roteiro e narração: André Rabelo (http://scienceblogs.com.br/socialmente/)

Colaboração com o roteiro: Fernando Miranda, Pedro Sampaio, Geovana N. de Jesus, Lorena Leite e Valéria Brito.

Edição: Pedro Costa (http://www.columbabsb.com)

Ilustração: Gabriela Hirata

Música: New Juno - Wistia (https://wistia.com/library/music)


Gostou? Clique aqui para fazer uma doação para nós:
https://sites.google.com/site/andrelzrabelo/doacao

Para ver nossas referências e mais informações sobre o tema do vídeo, acesse: http://scienceblogs.com.br/socialmente/",pt,False,False,,
GomzJ_MiAic,['disorders and difficulties'],1,Terapia Cognitivo Conductual,"Científico
",646,646,430,5 Exercícios de TCC Que Eu Mais Uso no Consultório,"Os 5 exercícios de TCC que eu mais uso no consultório — direto da minha prática clínica diária, sem protocolo complexo, sem paciente ""perfeito"". Se você sabe TCC na teoria mas trava na aplicação, esse vídeo te entrega prática direta de quem atende há 10 anos.

⏱️ Capítulos:
0:00 - Introdução
1:10 - Base da TCC
2:05 - Comportamentos de segurança
2:49 - Estratégias individuais
3:47 - Mapeamento dos pensamentos
4:52 - Metas de mudança
5:17 - Cartão de enfrentamento
6:48 - Novos hábitos terapêuticos
7:21 - Respiração e meditação
8:13 - Sem pílula mágica
9:43 - Prática e consistência
10:05 - Encerramento e materiais

▶️ Quer expandir esse repertório de exercícios com TCC completa, do fundamento à clínica avançada? Meu Curso Completo e Definitivo de TCC cobre o protocolo do início ao fim: https://www.essencialdatcc.com.br

━━━━━━━━━━━━━━━━━━━━━━━━━

🎁 MATERIAIS GRATUITOS

📱 App de Estudos em TCC: https://essencialdatcc.com.br/cbt-essential-study-app (ou direto em app.essencialdatcc.com.br)
📕 E-book ""TCC em Detalhes"" (grátis): https://essencialdatcc.com.br/tccemdetalhes
📂 Materiais para uso clínico: https://essencialdatcc.com.br/materiais-gratuitos-tcc/

📚 QUERO APRENDER TCC NA PRÁTICA

▸ Curso Completo e Definitivo de TCC: https://www.essencialdatcc.com.br
▸ Não sabe qual produto serve pro seu momento? Faça o Diagnóstico do Seu Momento (2 min): https://essencialdatcc.com.br/diagnostico-do-seu-momento/
▸ Método SEP — Sessão de Entrada Perfeita (conduza a 1ª sessão com estrutura clínica): https://www.essencialdatcc.com.br/info5
▸ Workshop ""Desvendando o Modelo Cognitivo"": https://www.essencialdatcc.com.br/info2
▸ Workshop ""Ansiedade"": https://www.essencialdatcc.com.br/info4
▸ Formação Introdutória em TCC (teórica — 30h, certificado, acesso vitalício): https://www.essencialdatcc.com.br/info3
▸ E-book ""Processos de Transformação da TCC e as 6 Principais Técnicas"": https://essencialdatcc.com.br/info1-pagenew/
▸ E-book ""Essencial da TCC"" (Best-Seller na Amazon): https://amzn.to/2Q0EZHa

━━━━━━━━━━━━━━━━━━━━━━━━━

👤 SOBRE O DIEGO FALCO

Psicólogo especialista em TCC, com aprofundamento no Beck Institute (EUA) e especialização em Psicologia Positiva pela University of Pennsylvania. Coordenador de pós-graduação em TCC. Mais de 5.800 alunos já passaram pelos meus cursos. Atendo clinicamente desde 2015.

🌐 Site: https://diegofalco.com.br
📸 Instagram: https://instagram.com/terapiacognitivaonline
📘 Facebook: https://facebook.com/falcoericci
🎙️ Podcast FALCOcast: https://anchor.fm/diego-falco

━━━━━━━━━━━━━━━━━━━━━━━━━

Psicólogo Diego Candeloro Falco — CRP 06/122081
FALCO E RICCI QUALIDADE DE VIDA — CRP 5264/J — CNPJ 22.029.976/0001-20

#TCC #TerapiaCognitivoComportamental #PsicologiaClínica #ExercíciosDeTCC #PsicólogoIniciante #PráticaClínica #NoConsultório",pt,False,False,,
iY6f8kvBSyM,"['psychiatric', 'mental illness', 'Somatic Experiencing', 'Der', 'depression', 'depressed', 'Anxiety', 'eating disorder', 'anxiety', 'Depression']",10,Terapia Cognitivo Conductual,"Científico
",270,270,304,Catastrophizing and How to Stop Expecting the Worst: Depression and Anxiety Skill #7,"Do you want to learn How to Process Emotions and improve your Mental Health? Sign up for a Therapy in a Nutshell Membership, you'll get access to all of Emma’s courses, workbooks, and a Live Q and A with 100’s of exclusive videos: https://courses.therapyinanutshell.com/membership

Get the course: Change Your Brain-Neuroplasticity and Mental Health
https://courses.therapyinanutshell.com/change-your-brain?utm_campaign=Mar%2021,%202019&utm_medium=Description&utm_source=YouTube

Catastrophizing is a common cognitive distortion that makes us anxious, depressed, and unmotivated. It's basically expecting the worst. When we expect the worst, we invite those things into our lives. 
In this video I teach you how to recognize catastrophizing, as well as three steps from CBT (Cognitive Behavioral Therapy) to replace those negative thoughts with something more helpful. 
When we stop expecting the worst through catastrophizing, we can live a happier, healthier, more vibrant life.

Looking for affordable online therapy? My sponsor, BetterHelp, connects you to a licensed professional from the comfort of your own home. Try it now for 10% off: https://betterhelp.com/therapyinanutshell

Learn more in one of my in-depth mental health courses: https://therapyinanutshell.teachable.com/p/home
Support my mission on Patreon: https://www.patreon.com/therapyinanutshell
Sign up for my newsletter: https://courses.therapyinanutshell.com/free-resources
Check out my favorite self-help books: https://kit.co/TherapyinaNutshell/best-self-help-books
Check out my podcast, Therapy in a Nutshell: https://tinpodcast.podbean.com/

Therapy in a Nutshell, LLC, and the information provided by Emma McAdam are solely intended for informational and entertainment purposes and are not a substitute for advice, diagnosis, or treatment regarding medical or mental health conditions. Although Emma McAdam is a licensed marriage and family therapist, the views expressed on this site or any related content should not be taken for medical or psychiatric advice. Always consult your physician before making any decisions related to your physical or mental health.

About Me:
I’m Emma McAdam. I’m a licensed Marriage and Family Therapist, and I have worked in various settings of change and growth since 2004. My experience includes juvenile corrections, adventure therapy programs, wilderness therapy programs, an eating disorder treatment center, a residential treatment center, and I currently work in an outpatient therapy clinic.  

In therapy I use a combination of Acceptance and Commitment Therapy, Systems Theory, positive psychology, and a bio-psycho-social approach to treating mental illness and other challenges we all face in life. The ideas from my videos are frequently adapted from multiple sources. Many of them come from Acceptance and Commitment Therapy, especially the work of Steven Hayes, Jason Luoma, and Russ Harris. The sections on stress and the mind-body connection derive from the work of Stephen Porges (the Polyvagal theory), Peter Levine (Somatic Experiencing) Francine Shapiro (EMDR), and Bessel Van Der Kolk. I also rely heavily on the work of the Arbinger institute for my overall understanding of our ability to choose our life's direction. 
And deeper than all of that, the Gospel of Jesus Christ orients my personal worldview and sense of security, peace, hope, and love https://www.churchofjesuschrist.org/comeuntochrist/believe

If you are in crisis, please contact the National Suicide Prevention Hotline at https://suicidepreventionlifeline.org/ or 1-800-273-TALK (8255) or your local emergency services.
Copyright Therapy in a Nutshell, LLC
----
Music licensed from www.Bensound.com or Artlist.io
Images from Freepik.com (premium license), Pixabay, or Wikimedia commons",en,False,False,,
9fZurSe2hV4,['ADHD'],1,Terapia Cognitivo Conductual,"Científico
",507,507,194,El CEREBRO del TDAH 🧠 Así funciona la mente de tu hijo.,"Si tienes un hijo con TDAH, y cada día acabas con la cabeza hecha un lío, porque no tienes forma de entender su conducta, su comportamiento, sus problemas con los estudios, sus dificultades sociales, o sus problemas emocionales, debes ver este video hasta el final
Incluso si tú misma, u otro miembro de la familia, sois los que tenéis TDAH. Te va a merecer la pena, te lo garantizo.

Las personas con TDAH, tienen formas de actuar, y comportarse, que habitualmente, se salen de lo predecible, y que, en muchas ocasiones, desconciertan a cualquiera. 

Esto, no es algo aleatorio ni casual, tiene explicación, y se basa en el funcionamiento de sus mecanismos, y circuitos cerebrales, déjame que te los explique, y así, podrás comprenderlas mejor 

En este video, te explico los funcionamientos básicos del cerebro humano, para que entiendas, en muy poquito tiempo, y sin dificultad, porque actuamos como actuamos todas las personas, y por qué, las que tienen TDAH, lo hacen de una forma, un tanto especial, que en muchas ocasiones, puede volvernos locos. ¿ok?

Contenido en este vídeo-------------------------------------

00:00 Introducción
00:42 Quién es Manuel Antonio Fernandez
01:20 Qué es el sistema nervioso
02:30 ¿Cuáles son las características del sistema de respuesta inconsciente?
03:41 ¿Cómo funciona este sistema de respuesta inconsciente?
05:31 ¿Qué significa todo esto y qué tiene que ver con el TDAH?
07:40 Cómo contactarnos

Quienes somos--------------------------------------------------

Soy Manuel Antonio Fernández, el Neuropediatra. Experto en TDAH, Director del Instituto Andaluz de Neurología Pediátrica en Sevilla y de la web para familias elneuropediatra.es. Ayudo padres de niños con problemas como el TDAH a identificarlo y dar con el tratamiento y la terapia adecuados para resolverlo y normalizar al 100% su situación académica, personal, social y familiar de una vez por todas.
Si quieres ayuda en el diagnóstico o el tratamiento de tu hijo a cualquier edad, Ponte en contacto ahora mismo con nosotros para que analicemos tu caso y nos pongamos manos a la obra. 

Contacta con nosotros. --------------------------------------

Teléfono: 0034 682 651 047 
Mail: recepcionista@elneuropediatra.es
Página de contacto: https://elneuropediatra.es/contacto/

Puedes encontrarnos en --------------------------------------

Facebook: https://www.facebook.com/elneuropediatra
Instagram: https://www.instagram.com/elneuropediatra/?hl=es
Twitter: https://twitter.com/elneuropediatra
LinkedIn: https://www.linkedin.com/in/manuelantoniofernandez/
TIKTOK: https://www.tiktok.com/@elneuropediatra.es
Web: https://elneuropediatra.es/

Descargar material de valor --------------------------------------

Descarga nuestras guías gratuitas: https://elneuropediatra.es/necesitas-ayuda-con-tu-hijo/


#asifuncionaeltdah #tdah #tdahinfantil",es,False,False,,
o0rdAnzMYyo,[],0,Terapia Cognitivo Conductual,"Científico
",627,627,276,Questionamento Socrático: O Roteiro Que Salva Sua Sessão,"O questionamento socrático é a ferramenta mais subusada da TCC. Quando você sabe perguntar, o próprio paciente chega às respostas — e o trabalho clínico fica 10x mais eficiente. Esse vídeo te entrega o roteiro de perguntas que eu uso na clínica, na ordem certa.

⏱️ Capítulos:
0:00 - Introdução
0:58 - Para quem é
1:20 - Definição do método
2:07 - Pergunte, não fale
2:21 - Origem socrática
2:53 - Pensamentos não são fatos
4:34 - Como utilizar
5:14 - Perguntas para desafiar
6:10 - Interpretações alternativas
7:18 - Pensamento ou hábito
8:15 - Dicas para terapeutas
9:27 - Cursos e encerramento

▶️ Quer dominar o questionamento socrático dentro do contexto maior da TCC, com Modelo Cognitivo, reestruturação cognitiva e o protocolo clínico completo? Meu Curso Completo e Definitivo de TCC cobre o caminho: https://www.essencialdatcc.com.br

━━━━━━━━━━━━━━━━━━━━━━━━━

🎁 MATERIAIS GRATUITOS

📱 App de Estudos em TCC: https://essencialdatcc.com.br/cbt-essential-study-app (ou direto em app.essencialdatcc.com.br)
📕 E-book ""TCC em Detalhes"" (grátis): https://essencialdatcc.com.br/tccemdetalhes
📂 Materiais para uso clínico: https://essencialdatcc.com.br/materiais-gratuitos-tcc/

📚 QUERO APRENDER TCC NA PRÁTICA

▸ Curso Completo e Definitivo de TCC: https://www.essencialdatcc.com.br
▸ Não sabe qual produto serve pro seu momento? Faça o Diagnóstico do Seu Momento (2 min): https://essencialdatcc.com.br/diagnostico-do-seu-momento/
▸ Método SEP — Sessão de Entrada Perfeita (conduza a 1ª sessão com estrutura clínica): https://www.essencialdatcc.com.br/info5
▸ Workshop ""Desvendando o Modelo Cognitivo"": https://www.essencialdatcc.com.br/info2
▸ Workshop ""Ansiedade"": https://www.essencialdatcc.com.br/info4
▸ Formação Introdutória em TCC (teórica — 30h, certificado, acesso vitalício): https://www.essencialdatcc.com.br/info3
▸ E-book ""Processos de Transformação da TCC e as 6 Principais Técnicas"": https://essencialdatcc.com.br/info1-pagenew/
▸ E-book ""Essencial da TCC"" (Best-Seller na Amazon): https://amzn.to/2Q0EZHa

━━━━━━━━━━━━━━━━━━━━━━━━━

👤 SOBRE O DIEGO FALCO

Psicólogo especialista em TCC, com aprofundamento no Beck Institute (EUA) e especialização em Psicologia Positiva pela University of Pennsylvania. Coordenador de pós-graduação em TCC. Mais de 5.800 alunos já passaram pelos meus cursos. Atendo clinicamente desde 2015.

🌐 Site: https://diegofalco.com.br
📸 Instagram: https://instagram.com/terapiacognitivaonline
📘 Facebook: https://facebook.com/falcoericci
🎙️ Podcast FALCOcast: https://anchor.fm/diego-falco

━━━━━━━━━━━━━━━━━━━━━━━━━

Psicólogo Diego Candeloro Falco — CRP 06/122081
FALCO E RICCI QUALIDADE DE VIDA — CRP 5264/J — CNPJ 22.029.976/0001-20

#TCC #TerapiaCognitivoComportamental #QuestionamentoSocrático #PsicologiaClínica #PsicólogoIniciante #ReestruturaçãoCognitiva",pt,False,False,,
9M-cA1aoEbY,[],0,Terapia Cognitivo Conductual,"Científico
",721,721,133,Regulación emocional: cómo manejar las emociones,"Las emociones nos acompañan a todos cada día; pueden ser emociones agradables que nos encantaría sentir a todas horas, o emociones desagradables que desearíamos no tener. El caso es que están ahí, y las emociones y su control (o mejor dicho su regulación) forman parte de la mayoría de los procesos terapéuticos. ¿Qué son y cómo regular las emociones?

A veces decimos que hay que aprender a gestionar o controlar las emociones pero, si lo tomamos desde un punto de vista literal, esto es muy difícil (por no decir imposible). Más que hablar de gestionar o controlar sería más correcto hablar de regular las emociones. La regulación emocional serían nuestros intentos para mantener o cambiar las emociones, y es una habilidad crítica para la vida, muy presente en nuestro día a día en la consulta. Es muy frecuente que las personas acudan al psicólogo porque tienen problemas emocionales, y parte de las intervenciones se dirigen a intentar reducir las estrategias de afrontamiento menos adaptativas o saludables y enseñar, practicar y promover estrategias más saludables, con las que puedan manejarse mejor con el problema que les trae a consulta, pero también de cara a las futuras dificultades que vayan surgiendo en el futuro. 

👉 ¿Te ha gustado el vídeo? ¡Suscríbete al canal! Todos los lunes, nuevo vídeo: https://www.youtube.com/channel/UCKJNeVvjAI25bHQUYFuNVwQ?sub_confirmation=1 👈

📚 NUESTROS LIBROS 📚

📔 ”Tengo un nudo en la barriga: un cuento sobre la ansiedad infantil” (Ed. Penguin Random House, 2022). Muchas niñas y niños sienten ansiedad, pero tienen dificultades para comprender qué les ocurre, para expresarlo o para ponerle solución. Este cuento, ilustrado por Nuria Albesa, es una herramienta para que familias y educadores ayuden a sus peques cuando tengan preocupaciones y ansiedad. A la venta en todas las librerías en formato físico y digital, así como en Amazon: https://amzn.to/3LxFe6o

📙 ”Tengo miedo: un libro para vencer aquello que nos hace sentir diminutos” (Ed. Penguin Random House, 2021). Éste es nuestro primer cuento infantil, ilustrado por Nuria Albesa. En él ayudamos a los más peques (y a sus familias) a superar los miedos más habituales en la infancia. A la venta en todas las librerías en formato físico y digital, así como en Amazon: https://amzn.to/3yCseGB

📗 “Niños sin etiquetas” (Ed. Paidós, 2020). Hacemos un recorrido por las etiquetas que más utilizamos habitualmente para calificar a los niños y os contamos cómo podemos educarlos sin caer en esa trampa. A la venta en todas las librerías en formato físico y digital, así como en Amazon: https://amzn.to/3d7uGKb

📕 “Hijos y Padres Felices” (Ed. Kailas, 2017) donde hablamos sobre la crianza durante la etapa 0-3 años: apego, autonomía, lactancia, premios, castigos…  A la venta en todas las librerías en formato físico y digital, así como en Amazon: ‎http://‎amzn.to/2kpqBtW.

📺 NUESTROS CURSOS 📺 

Y si te interesan los temas relacionados con la crianza y la educación, puedes acceder ya a nuestros cursos en la Escuela Bitácoras: “El sueño en la infancia”,  “Rabietas y límites desde el respeto” y ""Cómo fomentar la autonomía en los niños"". Cada uno de ellos con más de tres horas de contenido, en los que os contamos todo lo que necesitas saber sobre estos temas ¡Y si utilizas el código ALBERTOSOLER tendrás un 10% de descuento! Puedes acceder a nuestros cursos aquí: https://escuela.bitacoras.com/profesores/alberto-soler/

🏬 NUESTRO CENTRO DE PSICOLOGÍA 🏬

Ubicado en el centro de Valencia y dirigido por Alberto Soler y Concepción Roger. Un equipo de 8 profesionales especializados en diversos ámbitos de la psicología. Atendemos adultos, adolescentes, niños y terapia de pareja. Ansiedad, depresión, fobias, educación y crianza, adicciones, trastornos obsesivos, problemas escolares. Más información y cita en http://www.albertosoler.es

📱SÍGUENOS EN📱

Instagram: https://www.instagram.com/asolers/
Twitter: https://twitter.com/asolers/
Facebook: http://www.facebook.com/psicologovalencia
Centro de Psicología Alberto Soler: https://www.albertosoler.es

👫 Guión, montaje y música: Alberto Soler Sarrió y Concepción Roger Sánchez 👫",es,False,False,,
cLVTJhHADQI,['your disorder'],1,Terapia Cognitivo Conductual,"Científico
",748,748,358,Como funciona a Terapia Cognitivo Comportamental?,"Conheça meu curso Completo e Definitivo de TCC: https://www.essencialdatcc.com.br/

Conheça também minha plataforma de Imunidade Mental: https://www.imunidademental.com.br/

-----------------------------------------------------------------

Teste Grátis por 30 dias o Kindle Unlimited: https://amzn.to/3idHGzy - Tenha acesso à Mais de um milhão de eBooks para você ler onde e quando quiser. Incluindo o MEU! :)

Teste Grátis por 30 dias o Amazon prime: https://amzn.to/3cM7fXf - Tenha frete grátis e acesso ao Prime Vídeo e assista séries famosas como Anéis do Poder e The Boys - Você ajuda o canal através deste link ;)

Se você for estudante de psicologia ou profissional da área, e quiser se aprofundar na Terapia Cognitivo-Comportamental e ter mais confiança clínica, conheça nosso Ebook Gratuito TCC em detalhes: https://essencialdatcc.com.br/tccemdetalhes

Baixe também, GRATUITAMENTE, materiais para uso clínico: https://essencialdatcc.com.br/materiais-gratuitos-tcc/

Para conhecer meus ebooks e meu trabalho:

[Best-Seller 💎] Ebook Essencial da TCC: https://amzn.to/2Q0EZHa

Ebook VENCENDO O BURNOUT: https://amzn.to/2RRgWgJ

Neste canal, já produzi diversos vídeos sobre a Terapia Cognitivo Comportamental. Alguns sobre o que ela é e outros sobre alguns detalhes da teoria. Hoje, neste vídeo, quero falar com você sobre como ela Funciona. Como, no fim das contas, ela ajuda os pacientes/clientes que passam pelo seu processo terapêutico. Se você tem curiosidade sobre isso, confira o vídeo.


Se você é estudante de Psicologia ou Profissional da área, esse vídeo pode te ajudar a complementar um pouco o seu conhecimento sobre a terapia cognitiva e ainda ajudar na psicoeducação sobre a teoria, que você muitas vezes precisa fazer para seus pacientes. Se você está buscando uma psicoterapia, este vídeo pode te ajudar a conhecer como a TCC pode te ajudar com seu transtorno ou dificuldade.


Nosso canal busca uma melhor qualidade de vida para você! Por isso, inscreva-se em nosso canal para ficar atualizado 
com todos os nossos vídeos, nos ajudar a crescer e assim mais pessoas serem ajudadas:

http://bit.ly/falcoyoutube


Temos vídeo novo toda Terça-feira com temas variados.

Aos sábados teremos vídeos respondendo as perguntas de nossos seguidores, por isso, não deixe de nos enviar uma pergunta pelo Instagram e Youtube na quarta-feira.


Produção: Diego Falco

Roteiro: Diego Falco / Alcione Ricci

Direção: Diego Falco

Psicólogos: 

Diego Candeloro Falco CRP 06/122081
Alcione Candeloro Ricci CRP 06/13108

FALCO E RICCI QUALIDADE DE VIDA 
Cadastrada pelo número CRP 5264/J
e pelo CNPJ 22.029.976/0001­-20
___


Imagens designed by Freepik.com


Obrigado e até a próxima! ,)

#TerapiaCognitiva #Psicologia #TerapiaCognitivoComportamental #SaúdeMental #SaúdeEmocional #Psicólogo",pt,False,False,,
uMxk1wD0ELQ,[],0,Terapia Cognitivo Conductual,"Científico
",617,617,203,5 estrategias para controlar los #celos (TCC) | R&A Psicólogos,"En este video aprenderás 5 estrategias efectivas para el manejo adecuado de los celos, desde el enfoque cognitivo conductual (TCC),  así como a diferenciar entre celos sanos de celos patológicos. 
Psic. Paulina López
✅ 
R&A Psicólogos | Centro de Psicología en CDMX
Dirección: San Francisco 656-int. B, Col del Valle Centro, Benito Juárez, 03100 Ciudad de México, CDMX
Tel: 55 5709 1107
Mira el mapa aquí:: https://goo.gl/maps/pQZtos8e2k7j3Y2H7
Puedes visitar la página: www.ryapsicologos.net

Si te gustó este video no olvides suscribirte: https://bit.ly/32WS36V

#celoso #celosa #celos_enfermizos_destruye #celosdeamor

Te recomendamos 2 artículos sobre los celos:
- 10 consejos para superar los celos: https://www.ryapsicologos.net/autoayuda/10-consejos-para-superar-los-celos/
- Qué son los celos, causas, consecuencias, tratamiento: https://www.ryapsicologos.net/salud-y-trastornos-mentales/celos-y-celotipia/

El Video fue realizado por el Centro R&A Psicólogos, en la CDMX, MX. 
Puedes visitar la página: www.ryapsicologos.net

Síguenos en nuestras redes sociales:

FACEBOOK: https://www.facebook.com/ryapsicologos
TWITTER: https://twitter.com/ryapsicologos
PINTEREST:  https://pinterest.com/ryapsicologos
INSTAGRAM:  https://instagram.com/ryapsicologos",es,False,False,,
rEt3p2uGSSQ,"['Dysthymia', 'dysthymia', 'neurotic depression', 'Treatment-Resistant Depression', 'depression', 'depressive personality', 'treatment-resistant depression', 'depressive neurosis', 'antidepressants', 'Depression']",10,Terapia Cognitivo Conductual,"Científico
",489,489,410,"Distimia: la depresión (pseudo) resistente. Dr. Sergio Oliveros Calvo, Psiquiatra. Madrid","Abordamos en este video las causas, síntomas y tratamiento de la distimia, una depresión con frecuencia confundida con una depresión resistente por su respuesta incompleta a los antidepresivos y a la que se le suele privar de la psicoterapia, su verdadera solución.",es,False,False,,
77Vpe9n9X-A,"['O.C.D.', 'Anxiety']",2,Terapia Cognitivo Conductual,"Irrelevante
",410,410,276,TRUCO CLÁSICO DEL T.O.C.,"Cómo Acelerar y Asegurar Tu Recuperación de la Ansiedad

Descúbre más de tu mente en: https://www.HermanosLacasa.com/

-----------------------------------------------------------
Visítanos en:

Linkedin: https://www.linkedin.com/in/rociolacasa
Facebook: https://www.facebook.com/hermanos.lacasa
Instagram: https://www.instagram.com/hermanos.lacasa/

#HermanosLacasa #RocioLacasa #IñigoLacasa #CalmaClaridadyConfianza #ansiedad #Calma #Claridad #Confianza",es,False,False,,
uvYep7c0Wa8,[],0,Terapia Cognitivo Conductual,"Científico
",276,276,46,¿Qué es y qué estudia la Psicología Cognitiva?,"Explora el fascinante mundo de la mente humana y cómo nuestros pensamientos influyen en nuestras emociones, decisiones y comportamientos. Descubre cómo la psicología cognitiva puede mejorar tu vida, desde el desarrollo de habilidades de pensamiento crítico hasta el aumento de la memoria y la resolución de problemas. Únete a nuestra comunidad y desbloquea el potencial de tu mente a través de la psicología cognitiva.

Si ver mis videos te ayuda, imagina lo que podemos lograr trabajando juntos en tu caso de forma personalizada.

🎁 Estoy obsequiando una Sesión Inicial de 30 minutos para conocerte, evaluar tu situación y ver si soy el profesional indicado para acompañarte a sanar.

Da clic aquí para Reservar👉https://wa.link/aprendamospsicologia

Unete a nuestro grupo de lectura en WhatsApp: https://chat.whatsapp.com/GBFBR6r7TaG7E3sRy8kmDk",es,False,False,,
EDA_7zWaVEc,"['anxiety disorder', 'slowness', 'obsessive', 'Obsessive-Compulsive Disorder', 'obsessions', 'OCD', 'compulsions', 'repetitive behaviors', 'anxiety', 'sexual behaviors']",10,Terapia Cognitivo Conductual,"Científico
",145,145,158,"Qué es el trastorno obsesivo compulsivo, sus síntomas y cómo se trata","La doctora Pilar de Castro, especialista del Departamento de Psiquiatría de la Clínica Universidad de Navarra, explica en qué consiste el trastorno obsesivo compulsivo y cómo se manifiesta.

El trastorno obsesivo compulsivo (TOC) es un trastorno de ansiedad en el que el paciente (frecuentemente niños y adolescentes) presenta generalmente obsesiones y también compulsiones, aunque a veces sólo tiene obsesiones o sólo compulsiones. Al menos alguna vez se reconoce que las obsesiones o las compulsiones son excesivas o absurdas.

El componente obsesivo son palabras, ideas, imágenes o creencias repetitivas, reconocidas por el sujeto como irracionales o molestas.

Los contenidos más frecuentes son de miedo a la contaminación (a infectarse, a secreciones corporales, etc.); dudas e inseguridad (a padecer una enfermedad grave, escrúpulos morales, etc.); necesidad de simetría y de orden en las cosas y rechazo a la suciedad.

También son frecuentes los impulsos obsesivos a hacer daño a otra persona o a tener conductas sexuales que rechaza; así como discusiones mentales e interminables.

Las compulsiones son comportamientos o actos mentales también repetitivos que la persona se ve obligada a realizar para frenar una obsesión o siguiendo unas reglas estrictas. Pueden ser sencillas o alcanzar mayor complejidad (rituales). Aunque alivien temporalmente el componente obsesivo, son vividas como molestas y como irracionales o desproporcionadas.

Destacan las compulsiones de evitación del contacto frente a una posible contaminación; o de limpieza-lavado frente a las obsesiones de suciedad; o de orden en las necesidades de simetría o de comporobación para el componente de inseguridad. Con frecuencia se asocian a una marcada incapacidad de decisión y enlentecimiento.

Estos comportamientos repetitivos tienen por objeto prevenir o reducir la ansiedad o evitar que pase algo malo, aunque no tienen conexión con la acción que intentan prevenir o son claramente excesivas. Casi en el 90% de los casos de pacientes con TOC se asocian otros trastornos. 

Más información: https://www.cun.es/enfermedades-tratamientos/enfermedades/trastorno-obsesivo-compulsivo",es,False,False,,
dXO6f7AhIxY,['Death'],1,Terapia Cognitivo Conductual,"Científico
",233,233,100,"El trastorno por estrés postraumático - causas, síntomas, tratamiento","¿Qué es el trastorno de estrés postraumático? El trastorno por estrés postraumático, también conocido como TEPT, sucede cuando el recuerdo de un evento traumático - como guerra o una agresión - causa sufrimiento físico o mental.

 Find our full video library only on Osmosis: http://osms.it/more. 

Join millions of current and future clinicians who learn by Osmosis, along with hundreds of universities around the world who partner with Osmosis from Elseiver to make medical and health education more engaging and efficient. We have unparalleled tools and materials to prepare you for success in school, on your board exams, and as a future clinician. Sign up for a free trial at http://osms.it/more. If you're interested in exploring an institutional partnership, visit osmosis.org/educators to request a personalized demo.

Follow us on social:
Facebook: http://osms.it/facebook
Twitter: http://osms.it/twitter
Instagram for med: http://osms.it/instagram
Instagram for nursing: https://osms.it/ignursing
TikTok: https://osms.it/tiktok
Linkedin: https://osms.it/linkedin

Our Vision: Everyone who cares for someone will learn by Osmosis.
Our Mission: To empower the world’s clinicians and caregivers with the best learning experience possible. Learn more here: http://osms.it/mission

Medical disclaimer: Osmosis from Elsevier does not provide medical advice. Osmosis from Elsevier and the content available on the Osmosis from Elsevier properties (Osmosis.org, YouTube, and other channels) do not provide a diagnosis or other recommendation for treatment and are not a substitute for the professional judgment of a healthcare professional in diagnosis and treatment of any person or animal. The determination of the need for medical services and the types of healthcare to be provided to a patient are decisions that should be made only by a physician or other licensed healthcare provider. Always seek the advice of a physician or other qualified healthcare professional with any questions you have regarding a medical condition.

© 2024 Elsevier. All rights reserved.",en,False,False,,
_bxptnOznJ4,"['Anxiety Disorder', 'GAD', 'worry', 'anxiety']",4,Terapia Cognitivo Conductual,"Científico
",503,503,321,TAG: Trastorno de Ansiedad Generalizada,"Tener ansiedad es algo normal que forma parte de la vida, todos sentimos ansiedad y todos tenemos preocupaciones. Por ejemplo, ¿quién no se preocupa de vez en cuando por la salud, el dinero o su familia? Todos lo hacemos. Sin embargo, hay personas cuyas preocupaciones les abruman hasta el punto de llegar a interferirles con su día a día, haciéndoles sentir mal constantemente. Las personas con TAG (Trastorno de Ansiedad Generalizada) se preocupan con mucha frecuencia por asuntos cotidianos, sean más o menos relevantes, incluso cuando no existen motivos racionales para preocuparse. 

👉 ¿Te ha gustado el vídeo? ¡Suscríbete al canal! Todos los lunes, nuevo vídeo: https://www.youtube.com/channel/UCKJNeVvjAI25bHQUYFuNVwQ?sub_confirmation=1 👈

📚 NUESTROS LIBROS 📚

📔 ”Tengo un nudo en la barriga: un cuento sobre la ansiedad infantil” (Ed. Penguin Random House, 2022). Muchas niñas y niños sienten ansiedad, pero tienen dificultades para comprender qué les ocurre, para expresarlo o para ponerle solución. Este cuento, ilustrado por Nuria Albesa, es una herramienta para que familias y educadores ayuden a sus peques cuando tengan preocupaciones y ansiedad. A la venta en todas las librerías en formato físico y digital, así como en Amazon: https://amzn.to/3LxFe6o

📙 ”Tengo miedo: un libro para vencer aquello que nos hace sentir diminutos” (Ed. Penguin Random House, 2021). Éste es nuestro primer cuento infantil, ilustrado por Nuria Albesa. En él ayudamos a los más peques (y a sus familias) a superar los miedos más habituales en la infancia. A la venta en todas las librerías en formato físico y digital, así como en Amazon: https://amzn.to/3yCseGB

📗 “Niños sin etiquetas” (Ed. Paidós, 2020). Hacemos un recorrido por las etiquetas que más utilizamos habitualmente para calificar a los niños y os contamos cómo podemos educarlos sin caer en esa trampa. A la venta en todas las librerías en formato físico y digital, así como en Amazon: https://amzn.to/3d7uGKb

📕 “Hijos y Padres Felices” (Ed. Kailas, 2017) donde hablamos sobre la crianza durante la etapa 0-3 años: apego, autonomía, lactancia, premios, castigos…  A la venta en todas las librerías en formato físico y digital, así como en Amazon: ‎http://‎amzn.to/2kpqBtW.

📺 NUESTROS CURSOS 📺 

Y si te interesan los temas relacionados con la crianza y la educación, puedes acceder ya a nuestros cursos en la Escuela Bitácoras: “El sueño en la infancia”,  “Rabietas y límites desde el respeto” y ""Cómo fomentar la autonomía en los niños"". Cada uno de ellos con más de tres horas de contenido, en los que os contamos todo lo que necesitas saber sobre estos temas ¡Y si utilizas el código ALBERTOSOLER tendrás un 10% de descuento! Puedes acceder a nuestros cursos aquí: https://escuela.bitacoras.com/profesores/alberto-soler/

🏬 NUESTRO CENTRO DE PSICOLOGÍA 🏬

Ubicado en el centro de Valencia y dirigido por Alberto Soler y Concepción Roger. Un equipo de 8 profesionales especializados en diversos ámbitos de la psicología. Atendemos adultos, adolescentes, niños y terapia de pareja. Ansiedad, depresión, fobias, educación y crianza, adicciones, trastornos obsesivos, problemas escolares. Más información y cita en http://www.albertosoler.es

📱SÍGUENOS EN📱

Instagram: https://www.instagram.com/asolers/
Twitter: https://twitter.com/asolers/
Facebook: http://www.facebook.com/psicologovalencia
Centro de Psicología Alberto Soler: https://www.albertosoler.es

👫 Guión, montaje y música: Alberto Soler Sarrió y Concepción Roger Sánchez 👫",es,False,False,,
NLgyGV4cR4s,[],0,Terapia Cognitivo Conductual,"Pseudocientífico
",970,970,447,¿NECESITAS IR AL PSICÓLOGO? - Mi experiencia y consejos | VLOG,"⭐️ APÓYAME A TRAVÉS DE PATREON ⭐️
https://www.patreon.com/AmarnaMiller

En este video os explico mi experiencia personal yendo al psicólogo, todas las cosas que he aprendido después de un par de experiencias fallidas y además, os resuelvo las preguntas más comunes que me hacéis sobre el tema: precios de una sesión en España, en qué ocasiones es necesario acudir a un profesional, qué tipos de psicoterapia existen etc...

Recordad que yo no soy psicóloga, ni tengo los estudios necesarios para resolver vuestros problemas personales. Lo que intento con este vídeo es naturalizar que ir a terapia es algo bueno y positivo que puede ayudarnos tremendamente a mejorar nuestra calidad de vida. 
Si os apetece, contadme vuestra experiencia en los comentarios. Me encantaría que abriésemos un debate constructivo sobre este tema  ❤️


📚 Libros sobre inteligencia emocional y crecimiento personal 📚
- Emociones, una guía interna: https://amzn.to/2yOwGaX
- Feel The Fear And Beyond: https://amzn.to/2wqGTtc
- Cómo suprimir las preocupaciones y disfrutar de la vida: https://amzn.to/2XtKDp7
- Cuaderno de ejercicios, gestión de los conflictos: https://amzn.to/2VlSKkW
- Cuaderno de ejercicios para salir del juego de víctima, ...: https://amzn.to/2yNL6bj
- Reinventa las reglas: https://amzn.to/3c3UqWL
- El libro de los celos: https://amzn.to/3aRZFsq
- La asertividad: expresión de una sana autoestima: https://amzn.to/2y0Dx0A
- El poder del ahora: https://amzn.to/2JTbjY8
- Fluir: https://amzn.to/2RrCRIt
- Maneras de amar: https://amzn.to/2Vinmn1
- The Feel The Fear Guide To... Lasting Love: https://amzn.to/2XoqOzs
- Amores y desamores: https://amzn.to/2UTa7u9
- Los cuatro acuerdos: https://amzn.to/2UTJhSM
- Aunque tenga miedo, hágalo igual: https://amzn.to/2HHZENR

Podéis encontrar más en mi perfil de Peoople: https://peoople.app/influencers/amarnamiller/recomendaciones


🏥 Información sobre psicoterapia 🏥
Tipos de psicoterapia: https://psicologiaymente.com/clinica/tipos-terapias-psicologicas
Psicocare (terapia online a 35€ la sesión): https://www.psicocare.es/
Psicoterapia gratuita en Madrid: https://nuestropsicologoenmadrid.com/psicologos-gratuitos-seguridad-social/


▶ AYÚDAME A LLEGAR A LOS 360K ◀
Web/Blog: http://www.amarnamiller.com/
Instagram: https://instagram.com/amarnamiller
Twitter: https://twitter.com/amarnamiller
Facebook: https://www.facebook.com/AmarnaMillerOfficial/
Tumblr: http://amarnamiller.tumblr.com/

📧 COLABORACIONES 📧
info@mirandatalents.com

💖 SOBRE MÍ 💖
Bienvenido a mi canal 🙂 Soy Amarna Miller, una chica española de 29 años que está constantemente viajando. Estudié Bellas Artes y estoy obsesionada con la ecología y la sostenibilidad. Me considero una hippie moderna y una adicta a la adrenalina y a salir de la zona de confort. Cada céntimo que ahorro lo invierto en viajes alrededor del mundo. 

Sigue mi vida y mis aventuras haciendo click en el botón de suscripción y ¡siguiéndome en mis redes sociales!

🗞 Suscríbete a mi NEWSLETTER 🗞 
http://eepurl.com/cRCFIf",es,False,False,,
bNn-fwzSNcc,"['headaches', 'sore throat', 'muscle spasms', 'illness', 'muscle aches', 'depression', 'illness anxiety disorder', 'hypochondria', 'Illness Anxiety Disorder', 'anxiety disorders', 'worry']",11,Terapia Cognitivo Conductual,"Pseudocientífico
",508,508,405,¿Cómo superar la HIPOCONDRÍA? 😨 9 CLAVES imprescindibles.,"Como ya pudimos ver detenidamente en este otro video, el trastorno de ansiedad por enfermedad produce un serio sufrimiento en quien lo padece.
https://youtu.be/YVlLIwYsa_s

Las personas con hipocondría, que es como se conoce popularmente a este trastorno, manifiestan una extrema preocupación, miedo y, en ocasiones, la convicción de padecer una enfermedad grave.

Quienes sufren trastorno de ansiedad por la enfermedad viven en un estado de alarma constante, y llegan a interpretar erróneamente todo tipo de sensaciones o señales físicas en el cuerpo.

Una herida que no sabe de donde salió, un lunar nuevo, los latidos irregulares del corazón, los espasmos musculares ocasionales, dolores de cabeza, picor de garganta, dolores musculares... Cualquier percepción de un síntoma físico, por leve o inofensivo que sea realmente, se convierte en la señal de una posible enfermedad terrible.

Si crees que podrías estar padeciendo este trastorno, quédate conmigo y descubrirás 9 claves que te ayudarán a manejar los síntomas de la hipocondría 😊
---
00:00 ¿Cómo superar la HIPOCONDRÍA? 😨 9 CLAVES imprescindibles.
01:00 El trastorno de Ansiedad por la Enfermedad
02:24 Consulta el criterio de un experto
03:17 No te identifiques con los pensamientos negativos
03:58 Entiende tus emociones, no las intentes controlar
04:26 Centra tu atención en aspectos que dependen de ti
04:51 Diferencia entre un hecho posible y un hecho probable
05:34 Diferencia entre un hecho posible y un hecho probable
06:01 Realiza actividades de ocio gratificantes
06:44 Aprende a tolerar el malestar
07:19 Busca ayuda psicológica profesional
---
🔥 Si te ha gustado este video, no olvides suscribirte al canal: https://www.youtube.com/channel/https://www.youtube.com/c/PsicologíaenSerioconGuillermoOrozco?sub_confirmation=1
---
👋 Mi nombre es Guillermo Orozco y tengo un Centro de Atención Psicológica en Las Palmas de Gran Canaria, España. Estoy especializado en trastornos de ansiedad, depresión, estrés, y otros desórdenes emocionales.
---
😊 Puedes seguirme en mis redes sociales:
✅ Facebook: https://www.facebook.com/guillermoorozcopsicologo/
✅ Instagram: https://www.instagram.com/guillermoorozco.psicologo/
✅ Twitter: https://twitter.com/OrozcoPsicologo
✅ Pinterest: https://www.pinterest.es/orozcopsicologo/
✅ LinkedIn: https://www.linkedin.com/in/guillermo-orozco-psicologo/
✅ Guillermo Orozco – Psicólogo en Las Palmas: https://guillermoorozco.com/",es,False,False,,
q-cmGi3lCd0,['death'],1,Terapia Cognitivo Conductual,"Científico
",757,757,320,Superando o LUTO com a Terapia Cognitivo Comportamental,"Apesar de poucas pessoas quererem pensar sobre a morte, ela está presente na vida de todos. Não reconhecer e aceitar isso, pode fazer você sofrer mais do que necessário e, por mais tempo. O Luto, é uma experiência normal que a maioria das pessoas vivencia diante de perdas significativas. Quando não conseguimos superar esse luto de maneira saudável, ele pode se prolongar e trazer outros transtornos significativos. Neste vídeo, vou falar um pouco sobre o Luto e como você pode superá-lo com a Terapia Cognitiva.

Com a dificuldade de falarmos sobre a morte, acabamos por enfrenta-la sozinhos, sem preparo e com grande dificuldade de superação. Algumas pessoas, por mais difícil que seja, conseguem superar o luto de maneira saudável, outras, não. Podem ficar buscando entender porque o ser amado foi embora, negando que ele se foi e se culpando por tentar seguir com sua vida ou por estar vivo.

Em um primeiro momento, o luto é algo positivo que nos ajuda colocar as coisas em uma perspectiva diferente. Com a passagem do ser amado, o luto nos mostra como a vida é frágil, passageira e nos motiva a mudar de vida. Mudar nossos pensamentos, crenças e comportamentos… tudo com o intuito de melhorar a nossa qualidade de vida. O problema acontece quando esse luto não se vai e o indivíduo enlutado fica preso em sofrimento e não consegue seguir.

Se você for estudante de psicologia ou profissional da área, e quiser se aprofundar na Terapia Cognitivo-Comportamental e ter mais confiança clínica, conheça nosso Ebook Gratuito TCC em detalhes: https://terapiacognitivaonline.com/ebook-terapia-cognitiva/

Baixe também, GRATUITAMENTE, materiais para uso clínico: https://terapiacognitivaonline.com/materiais-clinicos/

Agora, se você não for da área, mas quiser melhorar a sua qualidade de vida, aprendendo a lidar com o estresse diário, conheça nossos Ebooks Gratuitos sobre Ansiedade, Estresse e Burnout: https://terapiacognitivaonline.com/ebook-ansiedade/ e https://terapiacognitivaonline.com/ebook-estresse-e-burnout/


Vídeo sobre o Método Socrático: https://youtu.be/o0rdAnzMYyo

Playlist Mindfulness: https://www.youtube.com/playlist?list=PL8nAhItwwpcRZ28C7Rg7S9P0xDmUOvPYh Para conhecer nossos conteúdos pagos, veja abaixo:

Curso: https://terapiacognitivaonline.com/essencial-da-tcc

Ebook: https://amzn.to/2Q0EZHa

Curso para Ansiedade: https://terapiacognitivaonline.com/cursoansiedade

Workshop para combate do estresse: https://terapiacognitivaonline.com/workshop-estresse/

--------------------------------------------------------------------------------------

Conheça mais dos nossos cursos de terapia cognitiva, Workshop de estresse, materiais clínicos e ebooks para baixar: https://www.terapiacognitivaonline.com/

Receba nossas novidades em primeira mão, além de descontos exclusivos de nossos Cursos e Workshops.

Se cadastre na nossa lista do Messenger: https://m.me/falcoericci?ref=w2900668

Se cadastre em nossa lista de Transmissão do Whatsapp: Coloque nosso número (18) 99822-4898 nos seus contatos e nos envie a mensagem ""entrar na lista"" ou clique no link: https://api.whatsapp.com/send?phone=5518998224898&text=Ol%C3%A1,%20tudo%20bem?%20quero%20entrar%20na%20lista%20de%20transmissão...

Para fazer parte de nosso canal do Telegram, acesse: https://t.me/terapiacognitiva

Link para nosso Grupo do Facebook: +Qualidade de vida HOJE: https://www.facebook.com/groups/261063464540375/

Caso seja terapeuta ou estudante, o mais indicado é o livro da Judith Beck Terapia Cognitivo Comportamental: teoria e prática. http://amzn.to/2vqGgLp

Para aprender os ensinamentos e também aplicar algumas técnicas da terapia cognitiva o livro a mente vencendo o humor: http://amzn.to/2vqtAEi﻿

___



Acesse o site de nossa clínica: http://falcoericci.com.br

Siga nas redes sociais e nosso podcast: 

http://facebook.com/falcoericci

http://twitter.com/Falcoericci

https://instagram.com/terapiacognitivaonline

https://anchor.fm/diego-falco




Nosso canal busca uma melhor qualidade de vida para você! Por isso, inscreva-se em nosso canal para ficar atualizado 
com todos os nossos vídeos, nos ajudar a crescer e assim mais pessoas serem ajudadas:

http://bit.ly/falcoyoutube


Temos vídeo novo toda Terça-feira com temas variados.

Aos sábados teremos vídeos respondendo as perguntas de nossos seguidores, por isso, não deixe de nos enviar uma pergunta pelo Instagram e Youtube na quarta-feira.


Produção: Diego Falco

Roteiro: Diego Falco / Alcione Ricci

Direção: Diego Falco

Psicólogos: 

Diego Candeloro Falco CRP 06/122081
Alcione Candeloro Ricci CRP 06/13108

FALCO E RICCI QUALIDADE DE VIDA 
Cadastrada pelo número CRP 5264/J
e pelo CNPJ 22.029.976/0001­-20
___


Imagens designed by Freepik.com


Obrigado e até a próxima! ,)

#TerapiaCognitiva #Psicologia #TerapiaCognitivoComportamental #SaúdeMental #SaúdeEmocional #Psicólogo",pt,False,False,,
OA-usUTuBw4,"['Tania', 'depression', 'borderline personality disorder', 'panic', 'eating disorders', 'anxiety']",6,Terapia Cognitivo Conductual,"Científico
",524,524,51,Qué es la terapia de juego y cómo funciona | R&A Psicólogos,"Este vídeo trata de: Terapia de juego: qué es y cómo funciona - Psic. Tania Herrera (colaboradora externa de R&A Psicólogos).
✅ 
R&A Psicólogos | Centro de Psicología en CDMX
Dirección: San Francisco 656-int. B, Col del Valle Centro, Benito Juárez, 03100 Ciudad de México, CDMX
Tel: 55 5709 1107
Mira el mapa aquí:: https://goo.gl/maps/pQZtos8e2k7j3Y2H7
Puedes visitar la página: www.ryapsicologos.net

✅ Si quieres asistir a terapia pero tienes dudas o preguntas agenda una entrevista GRATUITA (en videollamada) para un asesoramiento con un terapeuta: https://www.ryapsicologos.net/contacto/#reunion

👉 Puedes programar una cita de psicoterapia aquí: https://www.ryapsicologos.net/agenda-tu-cita

Si te gustó este video no olvides suscribirte: https://bit.ly/32WS36V

#juego #terapia #psicología #TerapiaDeJuego #SerPadres

La psicóloga Tania Herrera Velasco (cédula profesional 6964858), realizó sus estudios de licenciatura con énfasis en enfoque Psicodinámico por la Universidad Iberoamericana. Y sus estudios de Maestría los realizó en University College London y The Anna Freud Centre en Londres, Reino Unido y en Yale University New Haven, Connecticut, EUA,  obteniendo el grado de Maestría en Ciencias: Psychodynamic Developmental Neuroscience (Neurociencia del Desarrollo Psicodinámica), y certificada en terapia de video intervención para padres e hijos en edad preescolar
Cuenta con experiencia en terapia individual con adultos, adolescentes y niños con un enfoque psicoanalítico y con terapia de juego para niños, trabajando temas como ansiedad y ataques de pánico, duelo, depresión, bullying, transtornos alimenticios, divorcio, autolesiones,  borderline, entre otros.
Imparte terapia en español e inglés, también lleva a cabo la aplicación e interpretación de pruebas proyectivas y la realización de un reporte completo con impresión diagnostica.

Síguenos en nuestras redes sociales:

Dale like a nuestra página en facebook: https://www.facebook.com/ryapsicologos
Síguenos en Twitter: https://twitter.com/ryapsicologos
Síguenos en Pinterest: https://pinterest.com/ryapsicologos
Instagram: instagram.com/ryapsicologos",es,False,False,,
n7FfiD-O8-U,"['disorders and difficulties', 'Anxiety']",2,Terapia Cognitivo Conductual,"Científico
",720,720,118,O Modelo Cognitivo da Terapia Cognitivo-Comportamental (TCC),"Conheça nosso curso Introdutório de TCC: https://terapiacognitivaonline.com/essencial-da-tcc


Neste querido canal de psicologia, que se tornou um canal focado em Terapia Cognitivo-Comportamental, já fiz diversos vídeos sobre os conceitos da TCC.

Vendo que o meu último vídeo sobre o Modelo Cognitivo foi em 2017, achei interessante fazer um novo vídeo sobre O modelo que é a base da TCC. Ele serve para nos explicar o funcionamento do paciente/cliente e também para nos guiar no tratamento semanal dos casos clínicos. :)

Quando falamos da Definição da Terapia Cognitivo-Comportamental, dizemos que ela é uma terapia que é baseada no modelo cognitivo. E como é esse tão falado modelo cognitivo? E porque ele é tão importante para conseguirmos ajudar nossos pacientes/clientes com seus transtornos e dificuldades?

Vou falar sobre tudo isso agora.

Vídeo sobre as Crenças: https://www.youtube.com/watch?v=BTe2M8MLpqg

Playlist de Pensamentos: https://www.youtube.com/watch?v=lanBFC9xOYQ&list=PL8nAhItwwpcSJ9Jo4AIjcuxsEe0cQSvlq

Se você for estudante de psicologia ou profissional da área, e quiser se aprofundar na Terapia Cognitivo-Comportamental e ter mais confiança clínica, conheça nosso Ebook Gratuito TCC em detalhes: https://terapiacognitivaonline.com/ebook-terapia-cognitiva/

Baixe também, GRATUITAMENTE, materiais para uso clínico: https://terapiacognitivaonline.com/materiais-clinicos/

Agora, se você não for da área, mas quiser melhorar a sua qualidade de vida, aprendendo a lidar com o estresse diário, conheça nossos Ebooks Gratuitos sobre Ansiedade, Estresse e Burnout: https://terapiacognitivaonline.com/ebook-ansiedade/ e https://terapiacognitivaonline.com/ebook-estresse-e-burnout/


Para conhecer nossos conteúdos pagos, veja abaixo:

Curso: https://terapiacognitivaonline.com/essencial-da-tcc

Ebook: https://amzn.to/2Q0EZHa

Versão impressão: http://bit.ly/essencialtccpapel

Conheça o Amazon Prime e teste por 30 dias: https://amzn.to/2XPVb1D

Curso para Ansiedade: https://terapiacognitivaonline.com/cursoansiedade

Workshop para combate do estresse: https://terapiacognitivaonline.com/workshop-estresse/

--------------------------------------------------------------------------------------

Conheça mais dos nossos cursos de terapia cognitiva, Workshop de estresse, materiais clínicos e ebooks para baixar: https://www.terapiacognitivaonline.com/

Receba nossas novidades em primeira mão, além de descontos exclusivos de nossos Cursos e Workshops.

Se cadastre na nossa lista do Messenger: https://m.me/falcoericci?ref=w2900668

Se cadastre em nossa lista de Transmissão do Whatsapp: Coloque nosso número (18) 99822-4898 nos seus contatos e nos envie a mensagem ""entrar na lista"" ou clique no link: https://api.whatsapp.com/send?phone=5518998224898&text=Ol%C3%A1,%20tudo%20bem?%20quero%20entrar%20na%20lista%20de%20transmissão...

Para fazer parte de nosso canal do Telegram, acesse: https://t.me/terapiacognitiva

Link para nosso Grupo do Facebook: +Qualidade de vida HOJE: https://www.facebook.com/groups/261063464540375/

Caso seja terapeuta ou estudante, o mais indicado é o livro da Judith Beck Terapia Cognitivo Comportamental: teoria e prática. http://amzn.to/2vqGgLp

Para aprender os ensinamentos e também aplicar algumas técnicas da terapia cognitiva o livro a mente vencendo o humor: http://amzn.to/2vqtAEi﻿

_______________________________________



Acesse o site de nossa clínica: http://falcoericci.com.br

Siga nas redes sociais e nosso podcast: 

http://facebook.com/falcoericci

http://twitter.com/Falcoericci

https://instagram.com/terapiacognitivaonline

https://anchor.fm/diego-falco




Nosso canal busca uma melhor qualidade de vida para você! Por isso, inscreva-se em nosso canal para ficar atualizado 
com todos os nossos vídeos, nos ajudar a crescer e assim mais pessoas serem ajudadas:

http://bit.ly/falcoyoutube


Temos vídeo novo toda Terça-feira com temas variados.

Aos sábados teremos vídeos respondendo as perguntas de nossos seguidores, por isso, não deixe de nos enviar uma pergunta pelo Instagram e Youtube na quarta-feira.


Produção: Diego Falco

Roteiro: Diego Falco / Alcione Ricci

Direção: Diego Falco

Psicólogos: 

Diego Candeloro Falco CRP 06/122081
Alcione Candeloro Ricci CRP 06/13108

FALCO E RICCI QUALIDADE DE VIDA 
Cadastrada pelo número CRP 5264/J
e pelo CNPJ 22.029.976/0001­-20
_______________________


Imagens designed by Freepik.com


Obrigado e até a próxima! ,)

#TerapiaCognitiva #Psicologia #TerapiaCognitivoComportamental #SaúdeMental #SaúdeEmocional #Psicólogo",pt,False,False,,
H0dYsGeu-aI,"['autism', 'cognitive behavioral therapies']",2,Terapia Cognitivo Conductual,"Pseudocientífico
",3100,3100,96,Documental - El Muro,"Documental sobre el tratamiento psicoanalítico del autismo, y como los psicoanalistas se oponen a tratamientos que si son efectivos basados en terapias cognitivo conductuales, mostrando una historia real.
http://www.facebook.com/AteosDeTucuman",es,False,False,,
_Omkc9s4AEA,"['Pain', 'URJCx']",2,Terapia Cognitivo Conductual,"Científico
",536,536,0,URJCx-MOOC LUMBAR. Ejemplo de aplicación de la reestructuración cognitiva,"Tema 5: Abordaje psicológico
Apartado 2.1: Reestructuración cognitiva 
Ejemplo de aplicación de la reestructuración cognitiva 

MOOC: Mucho más que un dolor (URJCx109)
URJCx: Abiertos al conocimiento

www.urjcx.urjc.es
www.online.urjc.es
www.urjc.es
Vídeo disponible en: https://tv.urjc.es/video/58d92933d68b1410068b4672",es,False,False,,
qcd5IYBSMEU,[],0,Terapia Cognitivo Conductual,"Científico
",483,483,153,O que são as Crenças Centrais?,"Conheça nosso curso Introdutório de TCC: http://www.essencialdatcc.com.br/



Se você acompanha o canal há um tempo ou tem um mínimo de conhecimento de terapia cognitivo comportamental, já deve ter ouvido falar das crenças. Aqui não estou falando de crenças religiosas ou algo do tipo, mas das Crenças Nucleares ou Centrais.


Acredito que durante a sua vida você já deve ter se perguntado por que as pessoas reagem de maneira diferente perante uma mesma situação e até já saber que elas fazem isso por conta dos pensamentos diferentes que passam em suas cabeças. Mas e o que gera esses pensamentos diferentes?


É sobre isso que eu vou falar nesse vídeo. Se quer conhecer mais então sobre as Crenças Centrais ou nucleares, só continuar aqui.



Teste Grátis por 30 dias o Kindle Unlimited: https://amzn.to/3idHGzy - Tenha acesso à Mais de um milhão de eBooks para você ler onde e quando quiser. Incluindo o MEU! :)

Teste Grátis por 30 dias o Amazon prime: https://amzn.to/3cM7fXf - Tenha frete grátis e acesso ao Prime Vídeo

Se você for estudante de psicologia ou profissional da área, e quiser se aprofundar na Terapia Cognitivo-Comportamental e ter mais confiança clínica, conheça nosso Ebook Gratuito TCC em detalhes: https://terapiacognitivaonline.com/ebook-terapia-cognitiva/

Baixe também, GRATUITAMENTE, materiais para uso clínico: https://terapiacognitivaonline.com/materiais-clinicos/

Agora, se você não for da área, mas quiser melhorar a sua qualidade de vida, aprendendo a lidar com o estresse diário, conheça nossos Ebooks Gratuitos sobre Ansiedade, Estresse e Burnout: https://terapiacognitivaonline.com/ebook-ansiedade/ e https://terapiacognitivaonline.com/ebook-estresse-e-burnout/


Para conhecer nossos conteúdos pagos, veja abaixo:

Curso: https://terapiacognitivaonline.com/essencial-da-tcc

Ebook: https://amzn.to/2Q0EZHa

Versão impressão: http://bit.ly/essencialtccpapel

Conheça o Amazon Prime e teste por 30 dias: https://amzn.to/2XPVb1D

Curso para Ansiedade: https://terapiacognitivaonline.com/cursoansiedade

Workshop para combate do estresse: https://terapiacognitivaonline.com/workshop-estresse/

--------------------------------------------------------------------------------------

Conheça mais dos nossos cursos de terapia cognitiva, Workshop de estresse, materiais clínicos e ebooks para baixar: https://www.terapiacognitivaonline.com/

Receba nossas novidades em primeira mão, além de descontos exclusivos de nossos Cursos e Workshops.

Para fazer parte de nosso canal do Telegram, acesse: https://t.me/terapiacognitiva

Link para nosso Grupo do Facebook: +Qualidade de vida HOJE: https://www.facebook.com/groups/261063464540375/

Caso seja terapeuta ou estudante, o mais indicado é o livro da Judith Beck Terapia Cognitivo Comportamental: teoria e prática. http://amzn.to/2vqGgLp

Para aprender os ensinamentos e também aplicar algumas técnicas da terapia cognitiva o livro a mente vencendo o humor: http://amzn.to/2vqtAEi﻿

_______________________________________



Acesse o site de nossa clínica: http://falcoericci.com.br

Siga nas redes sociais e nosso podcast: 

http://facebook.com/falcoericci

http://twitter.com/Falcoericci

https://instagram.com/terapiacognitivaonline

https://anchor.fm/diego-falco




Nosso canal busca uma melhor qualidade de vida para você! Por isso, inscreva-se em nosso canal para ficar atualizado 
com todos os nossos vídeos, nos ajudar a crescer e assim mais pessoas serem ajudadas:

http://bit.ly/falcoyoutube


Temos vídeo novo toda Terça-feira com temas variados.

Aos sábados teremos vídeos respondendo as perguntas de nossos seguidores, por isso, não deixe de nos enviar uma pergunta pelo Instagram e Youtube na quarta-feira.


Produção: Diego Falco

Roteiro: Diego Falco / Alcione Ricci

Direção: Diego Falco

Psicólogos: 

Diego Candeloro Falco CRP 06/122081
Alcione Candeloro Ricci CRP 06/13108

FALCO E RICCI QUALIDADE DE VIDA 
Cadastrada pelo número CRP 5264/J
e pelo CNPJ 22.029.976/0001­-20
_______________________


Imagens designed by Freepik.com


Obrigado e até a próxima! ,)

#TerapiaCognitiva #Psicologia #TerapiaCognitivoComportamental #SaúdeMental #SaúdeEmocional #Psicólogo",pt,False,False,,
-kqGdnb81WQ,"['cognitive impairment', 'Cognitive Impairment']",2,Terapia Cognitivo Conductual,"Científico
",56,56,10,Deterioro cognitivo - Qué es y primeros síntomas,"¿Sabes en qué consiste el deterioro cognitivo? Explica la Dra. Pérez del Tío que tiene en cuenta todo lo que la palabra cognición implica, es decir, conocimiento. Por tanto, el deterioro cognitivo estudia qué y cómo está alterado cuando aparecen los primeros síntomas. Descubre cuáles son. 

¿Quieres más información sobre el deterioro cognitivo? Solicita una cita aquí: http://www.topdoctors.es/doctor/leticia-perez-del-tio",es,False,False,,
hVpw2JrlQMs,"['depression', 'anxiety']",2,Terapia Cognitivo Conductual,"Científico
",310,310,22,¿Qué es Reestructuración Cognitiva? Explicación clara en 5 Minutos,"¡Bienvenidos al video sobre qué es la reestructuración cognitiva! En este video, exploraremos el concepto de la reestructuración cognitiva y cómo puede ser utilizada como una herramienta poderosa para mejorar la salud mental y el bienestar.
En este video, aprenderás sobre el proceso de reestructuración cognitiva y cómo se puede utilizar para identificar y cambiar patrones de pensamiento negativos o disfuncionales. Te proporcionaremos ejemplos concretos de cómo se puede aplicar la reestructuración cognitiva en diferentes situaciones, incluyendo la ansiedad, la depresión y la baja autoestima.
Además, hablaremos sobre las diferentes técnicas utilizadas en la reestructuración cognitiva, incluyendo la identificación de pensamientos negativos, la búsqueda de evidencia para desafiar estos pensamientos, y la creación de nuevas formas de pensar más positivas y realistas.
Este video es ideal para aquellos que buscan aprender más sobre la reestructuración cognitiva y cómo puede ser utilizada como una herramienta efectiva para mejorar la salud mental y el bienestar. Si estás interesado en aprender más sobre cómo cambiar patrones de pensamiento negativos, ¡este video es para ti! No olvides darle like, compartir y suscribirte a nuestro canal para obtener más contenido sobre salud mental y bienestar.

Si ver mis videos te ayuda, imagina lo que podemos lograr trabajando juntos en tu caso de forma personalizada.

🎁 Estoy obsequiando una Sesión Inicial de 30 minutos para conocerte, evaluar tu situación y ver si soy el profesional indicado para acompañarte a sanar.

Da clic aquí para Reservar👉https://wa.link/aprendamospsicologia",es,False,False,,
V1yq1S2f0YA,"['Cognitive distortions', 'worry', 'humor', 'pain', 'cognitive distortions']",5,Terapia Cognitivo Conductual,"Científico
",601,601,230,¿Por qué sufres tanto? Filosofía Estoica y Psicología Cognitivo Conductual,"¿Puedes dejar de sufrir por cada pequeño contratiempo? Descubre cómo la filosofía estoica y la terapia cognitivo conductual te ayudan a resolver tus problemas emocionales.

SUSCRÍBETE AQUÍ: http://goo.gl/teCPK3
FACEBOOK https://fb.me/familiadharma
INSTAGRAM: https://instagram.com/juan.dharma
Más en: https://juandharma.com

ÍNDICE
0:30 Tu realidad depende de tu interpretación
1:56 Sufres porque malinterpretas lo que ocurre
2:06 Distorsiones cogntivas de la terapia cognitiva conductual
2:45 Catastrofismo
3:14 Tomarse todo de manera personal
3:34 Subestimarse
3:40 Sobreestimación de la opinión de los demás
4:16 Truco 1: Volver objetivo tu pensamiento
6:19 Truco 2: Mirar tu vida desde el cielo
7:00 Truco 3: Escribe los pensamientos positivos
7:53 Para dejar de sufrir haz interpretaciones objetivas
8:28 Truco 4: Tómatelo todo con buen humor

Aunque la filosofía estoica tiene más de 2000 años, sus ideas sobre la felicidad son tan importantes que han llegado a influir en la psicología más científica, la corriente cognitivo conductual. Es una filosofía práctica que busca alcanzar la felicidad a pesar de las dificultades de la vida, a través de trucos mentales muy sencillos.

La idea básica es que todo lo que experimentas en la vida es el resultado de una interpretación. Las personas más pesimistas interpretan todo lo que les ocurre como una desgracia terrible, mientras que las optimistas no se hunden ante los contratiempos. La terapia cognitivo conductual estudió las distorsiones cognitivas que nos llevan a estas malas interpretaciones: pensar que todo es terrible, tomárselo todo de manera personal, subestimarse y dar demasiada importancia al juicio de los demás.

Frente a estas malas interpretaciones, el primer truco psicológico es pensar con objetividad: Acostumbrarte a que no confundir sus interpretaciones con la realidad. Y puedes aprender a hacerlo describiendo cada cosa que ocurra de manera objetiva y neutra. Por ejemplo: “Tengo una sensación” y no “un dolor terrible que no puedo aguantar, que puede que no pare nunca y destruya mi vida...”. Centrarte en lo que de verdad está sucediendo te ayudará a disfrutar de la vida y apartar las preocupaciones.

El filósofo Marco Aurelio recomienda el ejercicio mental de imaginar que ves tu propia vida desde el cielo, como si le pasara a otra persona. Este truco psicológico te ayuda a darte cuenta de que las cosas que te preocupan no son tan importantes, y que aunque te lo parezca, nadie está tan pendiente de ti como para preocuparse de lo que haces o dejas de hacer.

El tercer truco psicológico es tener un cuaderno donde apuntas todos los pensamientos positivos y empoderantes que quieres incorporar en tu forma de pensar. Esto te ayudará a aprender a pensar en positivo y ser más feliz.

Por último, lo mejor que puedes hacer para no agobiarte es tomártelo todo con buen humor. 

#trucos #psicologia #felicidad

IMAGEN DE LA MINIATURA
Creada a partir de imágenes del usuario rawpixel.com de freepick.com.",es,False,False,,
DEztbnt322A,"['psychiatric', 'depressive disorder', 'brain depression', 'Somatic Experiencing', 'eating disorder', 'depression', 'Der', 'mental illness', 'anxiety', 'Depression']",10,Terapia Cognitivo Conductual,"Científico
",208,208,143,Can You Rewire Depression? Neuroplasticity Nugget #1: Depression and Neuroplasticity,"Discover how neuroplasticity and cognitive behavioral therapy can help rewire the brain to overcome depression in this Therapy in a Nutshell video.
Join Therapy in a Nutshell’s membership: https://courses.therapyinanutshell.com/membership
You'll get instant access to all 10 life-changing courses, live weekly Q&As, and a supportive community for just $27/month. Learn how to manage anxiety, process trauma, regulate emotions, and build lasting resilience so that you can live a deeply rich and meaningful life! 

People often have the misconception that if they experience anxiety or depression, there’s something permanently wrong with them or with their brain. And while mental illness does show up in our biology, we can also treat mental illness through a variety of approaches. But when you change how you think, you physically change your brain. You can rewire your brain by changing how you think. This is the fundamental idea of neuroplasticity. 
So I have made a series of short videos highlighting neuroplasticity using research and stories. Here's Neuroplasticity Nugget #1. 

Thanks to BetterHelp for sponsoring the video. BetterHelp: Professional, affordable online counseling starting at around $65 a week: betterhelp.com/therapyinanutshell

Sign up for my newsletter: www.therapynutshell.com
Learn more in one of my in-depth mental health courses: https://courses.therapyinanutshell.com/?utm_campaign=08282020&utm_medium=Description&utm_source=YouTube

Check out my favorite books for mental health:
https://kit.co/TherapyinaNutshell/best-self-help-books

https://news.feinberg.northwestern.edu/2014/09/redei-blood-test/
Redei, Eva & Andrus, Brian & Kwasny, Mary & Seok, J & Cai, X & Ho, Joyce & Mohr, David. (2014). Blood transcriptomic biomarkers in adult primary care patients with major depressive disorder undergoing cognitive behavioral therapy. Translational psychiatry. 4. e442. 10.1038/tp.2014.66.

Music licensed from www.Bensound.com or Artlist.io
Images from Freepik.com (premium license), Pixabay, or Wikimedia commons

Therapy in a Nutshell, LLC, and the information provided by Emma McAdam are solely intended for informational and entertainment purposes and are not a substitute for advice, diagnosis, or treatment regarding medical or mental health conditions. Although Emma McAdam is a licensed marriage and family therapist, the views expressed on this site or any related content should not be taken for medical or psychiatric advice. Always consult your physician before making any decisions related to your physical or mental health.

About Me:
I’m Emma McAdam. I’m a licensed Marriage and Family Therapist, and I have worked in various settings of change and growth since 2004. My experience includes juvenile corrections, adventure therapy programs, wilderness therapy programs, an eating disorder treatment center, a residential treatment center, and I currently work in an outpatient therapy clinic.  

In therapy I use a combination of Acceptance and Commitment Therapy, Systems Theory, positive psychology, and a bio-psycho-social approach to treating mental illness and other challenges we all face in life. The ideas from my videos are frequently adapted from multiple sources. Many of them come from Acceptance and Commitment Therapy, especially the work of Steven Hayes, Jason Luoma, and Russ Harris. The sections on stress and the mind-body connection derive from the work of Stephen Porges (the Polyvagal theory), Peter Levine (Somatic Experiencing) Francine Shapiro (EMDR), and Bessel Van Der Kolk. I also rely heavily on the work of the Arbinger institute for my overall understanding of our ability to choose our life's direction. 
And deeper than all of that, the Gospel of Jesus Christ orients my personal worldview and sense of security, peace, hope, and love https://www.churchofjesuschrist.org/comeuntochrist/believe

If you are in crisis, please contact the National Suicide Prevention Hotline at https://suicidepreventionlifeline.org/ or 1-800-273-TALK (8255) or your local emergency services.
Copyright Therapy in a Nutshell, LLC
----
Music licensed from www.Bensound.com or Artlist.io
Images from Freepik.com (premium license), Pixabay, or Wikimedia commons",en,False,False,,
RXw8rmJw1gs,"['depression', 'anxiety', 'obsessive-compulsive disorder']",3,Terapia Cognitivo Conductual,"Científico
",1238,1238,146,¿Eres perfeccionista? Esto es lo que ocurre en tu mente,"¿Sueles buscar la perfección? ¿Nunca te parece que has hecho lo suficiente? En este video exploramos el perfeccionismo, un rasgo de personalidad que funciona como un arma de doble filo: puede ayudarnos a mejorar, pero, cuando es excesivo, también puede dañarnos emocionalmente y afectar nuestra salud mental.

Veremos cómo el perfeccionismo se manifiesta a nivel cognitivo, emocional y conductual. También abordaremos el cómo el perfeccionismo patológico o extremo puede llevar a problemas de salud mental como la ansiedad, la depresión, el trastorno obsesivo compulsivo o hacia algunos trastornos de la conducta alimentaria. 
Además, te proporcionaremos algunas pautas para gestionar el perfeccionismo y mejorar tu tu estado emocional y, si no eres tú la persona perfeccionista, también podrás aprender cómo lidiar con alguien perfeccionista.

https://epsibapsicologia.es/gestionar-el-perfeccionismo-su-influencia-en-la-salud-mental/

Este video te vendrá bien si te consideras perfeccionista, si buscas comprender y manejar mejor este rasgo de personalidad, así como para convivir con alguien perfeccionista. También puede ser útil para psicólogos y otros profesionales de la salud mental que deseen profundizar en este rasgo de personalidad, el perfeccionismo.

Si te ha gustado este vídeo, no olvides suscribirte a mi canal y, si quieres apoyarme aún más, también puedes hacerte entrar en la comunidad de miembros.
¡Un saludo y hasta el próximo vídeo!
https://www.youtube.com/channel/UCEahqZfzfTvlL3tS3yC9XpQ/join

#perfeccionismo #personalidad #autoconocimiento #desarrollopersonal #crecimientopersonal #psicologia #saludmental #emociones #estres #autoestima #personasperfeccionistas #ansiedad #depresion #anorexia #bulimia #tcas #trastornoobsesivo #psicologa",es,False,False,,
REEhLyiqxXQ,[],0,Terapia Cognitivo Conductual,"Científico
",1114,1114,50,3. Psicología Clínica | Psicología Básica y no tan básica,"¿Qué es la psicología clínica? ¿Qué terapia funciona mejor? ¿Qué es la terapia cognitivo conductual? ¿Qué es el psicoanálisis? ¿Qué es la psiquatría? ¿Qué es el DSM? Todas estas preguntas y más se responden en este vídeo.


Curso EN LÍNEA de Metodología y Estadística desde cero para Psicología y Ciencias Sociales (SPSS) http://bit.ly/MetodologiaEstadistica

Curso EN VIVO de Metodología y Estadística desde cero para Psicología y Ciencias Sociales (SPSS) https://forms.gle/F8mXAJ4mJ5ZmHmjv9 (Julio 2021)

Ver los demás videos de ""Psicología básica y no tan básica"":
https://www.youtube.com/playlist?list=PLzj1AQIvlYMtru6umY0slj9_1Zawuf5TI


Curso intensivo y presencial ""Estadística y Metodología Desde Cero""
https://forms.gle/fFGy44UBbSZH8yJq9



#YoutubeLearning #habiaspensado #psicologia
Redes sociales:
www.instagram.com/habiaspensado
www.twitter.com/habiaspensado
www.facebook.com/habiaspensado
www.patreon.com/habiaspensado

#YoutubeLearning #habiaspensado #psicologia

Leer más:
Serra Padilla, C. (2014). Psicología Clínica. México: Instituto Politécnico Nacional

Nezu, A., Nezu, C. & Lombardo, E. (2006). Formulación de casos y diseño de tratamientos 
cognitivo-conductuales. Un enfoque basado en problemas. Manual Moderno

Referencias:

Barlow, D. (2014). The Oxford handbook of clinical psychology. OXFORD LIBRARY OF PSYCHOLOGY.

American Psychiatric Publishing. (2013). Diagnostic and statistical manual of mental disorders (5th ed.). Arlington.

Kramer, G., Bernstein, D., & Phares, V. (2013). Introduction to Clinical Psychology (8th ed.). Pearson.

Trull, T., & Prinstein, M. (2012). Clinical psychology. Wadswoth Cengage Learning.

http://cgservicios.df.gob.mx/prontuario/vigente/r410203.htm

https://dictionary.apa.org/automatic-thoughts
 
https://dictionary.apa.org/cognitive-behavior-therapy;
 
https://dictionary.apa.org/cognitive-restructuring
 
https://dictionary.apa.org/humanistic-therapy

https://dictionary.apa.org/integrative-psychotherapy

https://dictionary.apa.org/mental-disorder

https://dictionary.apa.org/maladaptation

https://dictionary.apa.org/psychotherapy

https://www.div12.org/

https://www.div12.org/treatment/psychoanalytic-treatment-for-panic-disorder/

https://www.nhs.uk/about-us/about-the-nhs-website/

https://www.verywellmind.com/what-is-cognitive-behavior-therapy-2795747

https://www.verywellmind.com/what-is-psychoanalysis-2795246",es,False,False,,
_ZLSnA40Yeo,"['depression', 'anxiety']",2,Terapia Cognitivo Conductual,"Científico
",418,418,22,¿Qué es y en qué consiste la Terapia Cognitivo Conductual?,"Hola a todos, en esta ocasión veremos todo lo que necesitamos saber acerca de la terapia cognitivo conductual, para que conductas, trastornos, síntomas y demás procesos del pensamiento se recomienda; su enfoque, duración y tipos. Además de los pasos que el profesional de la salud mental seguirá durante la sesiones. Esperamos que la información les sea de utilidad. Hasta la próxima.

Si ver mis videos te ayuda, imagina lo que podemos lograr trabajando juntos en tu caso de forma personalizada.

🎁 Estoy obsequiando una Sesión Inicial de 30 minutos para conocerte, evaluar tu situación y ver si soy el profesional indicado para acompañarte a sanar.

Da clic aquí para Reservar👉https://wa.link/aprendamospsicologia

Unete a nuestro grupo de lectura en WhatsApp: https://chat.whatsapp.com/GBFBR6r7TaG7E3sRy8kmDk


0:00 Introducción
0:04 TERAPIA COGNITIVO CONDUCTUAL
0:17 ASISTIENDO A UNA CANTIDAD LIMITADA DE SESIONES
0:52 RÁPIDA Y SENCILLA
2:07 TERAPIA DE EXPOSICIÓN
2:29 LA TERAPIA CONDUCTUAL A MENUDO INCLUYE
3:13 TIPO DE TERAPIA
3:42 DURANTE LA TERAPIA
4:20 IDENTIFICAR SITUACIONES PROBLEMÁTICAS O TRASTORNOS DE TU VIDA
5:08 IDENTIFICAR PENSAMIENTOS NEGATIVOS O INEXACTOS
5:30 REFORMAR PENSAMIENTOS NEGATIVOS O INEXACTOS
5:40 UNA PERCEPCIÓN INEXACTA DE LO QUE SUCEDE
6:04 A 20 SESIONES
6:29 RESULTADOS",es,False,False,,
BdfihokX4M0,[],0,Terapia Cognitivo Conductual,"Pseudocientífico
",139,139,5,Terapia EMDR - En qué consiste,"¿Conoces esta nueva tendencia de la psicología? Esta técnica en la que es experta la psicóloga Ana Lucas Prieto aporta excelentes resultados.

¿Quieres saber más sobre la terapia EMDR? Solicita tu cita aquí: http://www.topdoctors.es/doctor/ana-lucas-prieto",es,False,False,,
lniO4l9ZJ5c,"['cyclothymia', 'Bipolar', 'bipolar disorder', 'cyclothymic disorder']",4,Terapia Cognitivo Conductual,"Científico
",238,238,83,CICLOTIMIA. TODO LO QUE DEBES SABER (SÍNTOMAS TRATAMIENTO Y DIFERENCIA CON EL TRASTORNO BIPOLAR),"#Ciclotimia #DSM5 #Edutuber #EdutubersColombianos

Aprende fácil y rápido los trastornos psicológicos y psiquiátricos desde una perspectiva científica. EL MEJOR RESUMEN: CRITERIOS DIAGNÓSTICOS, SÍNTOMAS, ETIOLOGÍA, INTERVENCIÓN Y TRATAMIENTO: En nuestro capítulo de hoy veremos de la sección de Trastorno bipolar y relacionados: el trastorno ciclotímico.

CAPÍTULOS:
0:00 Definición de Trastorno
0:38 Criterios Diagnósticos ciclotimia
2:27 Diferencias con el trastorno bipolar y diagnóstico diferencial
2:46 Prevalencia y Tratamiento

Contáctame para asesorías académicas e intervención psicológica a excelentes precios:
💬 (Whatsapp): https://wa.me/message/SEUQKTHUENG4L1 

Ayúdanos a crecer volviéndote miembro de psicofácil y recibe beneficios exclusivos:
https://www.youtube.com/channel/UCNpLEIvi0tZClD-pSFlk4xg/join
Apóyanos con tu donación vía Paypal:
https://www.paypal.me/psicofacilc

¡Gracias por ayudarnos a traer contenido de calidad y gratuito para estudiantes de Latinoamérica!

Si te gustó nuestro contenido dale like, comparte y suscríbete, es totalmente gratis:
📽️ ¡SUSCRÍBETE! https://www.youtube.com/channel/UCNpLEIvi0tZClD-pSFlk4xg?sub_confirmation=1

★SÍGUEME EN MIS OTRAS REDES★ 
►Instagram: https://instagram.com/psicofacil
►Facebook: https://www.facebook.com/psicofacil1
►Tik Tok: https://www.tiktok.com/@psicofacil?lang=es


★CONTRATACIONES, PUBLICIDAD Y EVENTOS★ 
📩  Gmail: psicofacilcanal@gmail.com

Investigación, guion, voz  edición:
Javier Parra Pulido. Psicólogo, Magister (MsC) en Neurociencias de la conducta.
►Instagram: https://instagram.com/javierpapu",es,False,False,,
mg0AkeL0ta0,"['Depresion', 'Depression']",2,Terapia Cognitivo Conductual,"Científico
",,,,,,,False,False,,
CLzA0zTwytI,[],0,Terapia Cognitivo Conductual,"Científico
",289,289,24,¿Cómo HACER un ANALISIS FUNCIONAL DE LA CONDUCTA? ✅️ (Guía PASO a PASO) 🧠,en este video te voy a mostrar que es un análisis funcional de la conducta y como hacerlo paso a paso .  Veremos por qué es importante un análisis funcional de la conducta y también los antecedentes y consecuentes de la conducta,es,True,True,2023-10-10T01:48:42Z,2023-10-10T01:55:29Z
KbRPnnWJZLE,"['Anxiety Disorder', 'Anxiety']",2,Terapia Cognitivo Conductual,"Científico
",307,307,50,"ANSIEDAD: Trastorno de Ansiedad por Separación RESUMIDO: Diagnóstico, síntomas, causas y tratamiento","#Ansiedad #DSM5 #Edutuber #EdutubersColombia
Aprende fácil y rápido los trastornos psicológicos y psiquiátricos desde una perspectiva científica. EL MEJOR RESUMEN: CRITERIOS DIAGNÓSTICOS, SÍNTOMAS, ETIOLOGÍA, INTERVENCIÓN Y TRATAMIENTO: Trastorno de Ansiedad por separación

Contáctame para asesorías académicas e intervención psicológica a excelentes precios:
💬 (Whatsapp): https://wa.me/message/SEUQKTHUENG4L1 

Ayúdanos a crecer volviéndote miembro de psicofácil y recibe beneficios exclusivos:
https://www.youtube.com/channel/UCNpLEIvi0tZClD-pSFlk4xg/join
Apóyanos con tu donación vía Paypal:
https://www.paypal.me/psicofacilc

¡Gracias por ayudarnos a traer contenido de calidad y gratuito para estudiantes de Latinoamérica!

CAPÍTULOS:
0:00 Definición de Trastorno
0:38 Trastorno de Ansiedad por separación: Criterios Diagnósticos
2:39 Diagnóstico diferencial
3:25 Epidemiología y Tratamiento del Trastorno de Ansiedad por Separación

Si te gustó nuestro contenido dale like, comparte y suscríbete, es totalmente gratis:
📽️ ¡SUSCRÍBETE! https://www.youtube.com/channel/UCNpLEIvi0tZClD-pSFlk4xg?sub_confirmation=1

★SÍGUEME EN MIS OTRAS REDES★ 
►Instagram: https://instagram.com/psicofacil
►Facebook: https://www.facebook.com/psicofacil1
►Tik Tok: https://www.tiktok.com/@psicofacil?lang=es


★CONTRATACIONES, PUBLICIDAD Y EVENTOS★ 
📩  Gmail: psicofacilcanal@gmail.com

Investigación, guion, voz  edición:
Javier Parra Pulido. Psicólogo, Magister (MsC) en Neurociencias de la conducta.
►Instagram: https://instagram.com/javierpapu",es,False,False,,
wI1ueiT7nZY,"['anxiety disorder', 'panic disorder', 'epileptic seizures', 'seizures', 'obsessive-compulsive disorder', 'Seizures', 'anxiety']",7,Terapia Cognitivo Conductual,"Científico
",281,281,88,Convulsiones por Ansiedad,"0:00 Convulsiones por ansiedad
1:06 Síntomas de convulsiones por ansiedad
2:58 Tratamientos para las convulsiones por ansiedad

====================
Las convulsiones por ansiedad son un fenómeno relativamente común que a menudo es malinterpretado. Pueden ser confundidas con convulsiones epilépticas y otras afecciones neurológicas, pero a menudo son el resultado de un trastorno de ansiedad: ansiedad generalizada, el trastorno de pánico o el trastorno obsesivo-compulsivo.

Conoce más del tema visitando el siguiente link: https://centroaura.mx/convulsiones/causas/ansiedad

Si deseas una consulta con nuestros especialistas comunícate con nosotros:

* TELÉFONO:(55) 5523-9155  
* WHATSAPP:(55) 5917-3610
*DIRECCIÓN: San Francisco #524 Colonia Del Valle C.P 03100, México D.F. 

Visita nuestras redes sociales ======================

Facebook: https://www.facebook.com/centroepilepsia 
Instagram: https://www.instagram.com/centro_aura_mx/ 
Twitter: https://twitter.com/Centro_AuraMX",es,False,False,,
6Etcup5Ghpk,[],0,Terapia Cognitivo Conductual,"Científico
",1073,1073,4,"Carmen Luciano sobre las Terapias Contextuales, parte 1 - ENGLISH SUBTITLES","Carmen Luciano habla sobre el pasado, presente y futuro de las terapias contextuales y la psicología contextual. Entrevista por Verónica Mayado.

Carmen Luciano and her thoughts on the past, present and future of contextual psychology. Interview by Verónica Mayado. ENGLISH SUBTITLES AVAILABLE (lower right corner).

Entrevista de Madrid Institute of Contextual Psychology (MICPSY) en colaboración con iComportamiento.

Traducción por Claudia Avila (colaboradora en MICPSY). Producción y edición por MICPSY.",es,False,False,,
_MRGtPrHJRY,['cognitive flexibility'],1,Terapia Cognitivo Conductual,"Científico
",506,506,30,Flexibilidad Cognitiva: La clave para adaptarse a los cambios,"¿Alguna vez te has preguntado qué es la flexibilidad cognitiva y por qué es tan importante? En este video, exploramos la flexibilidad cognitiva, una habilidad que podría verse como un superponer humano que nos permite adaptarnos a situaciones cambiantes y novedosas entre otras cosas.

https://epsibapsicologia.es/que-es-la-flexibilidad-cognitiva/

La flexibilidad cognitiva forma parte de las funciones ejecutivas, las cuales nos permiten regular nuestros comportamientos, emociones y cogniciones para lograr nuestras metas. Una alta flexibilidad cognitiva nos permite cambiar de atención, seleccionar información relevante, cambiar comportamientos y patrones de pensamiento, inferir nuevas reglas y cambiar de una tarea a otra.

Además, discutiremos cómo la flexibilidad cognitiva se relaciona con la inteligencia fluida y el pensamiento divergente, y cómo afecta nuestros procesos de razonamiento, imaginación y creatividad. También exploraremos cómo se desarrolla la flexibilidad cognitiva a lo largo de nuestra vida y cómo ciertos trastornos y condiciones pueden afectarla.

Finalmente, aprenderás las características de las personas con alta flexibilidad cognitiva y cómo puedes mejorar la tuya.

Si te ha gustado este vídeo, no olvides suscribirte a mi canal y, si quieres apoyarme aún más, también puedes hacerte entrar en la comunidad de miembros.
¡Un saludo y hasta el próximo vídeo!
https://www.youtube.com/channel/UCEahqZfzfTvlL3tS3yC9XpQ/join

#FlexibilidadCognitiva #psicologia  #adaptacion  #personalidad #autoconocimiento #crecimientopersonal #desarrollopersonal #saludmental #salud #ciencia #funcionesejecutivas #habilidades #cambio #emociones",es,False,False,,
CdhZQxcucL0,['Anxiety'],1,Terapia Cognitivo Conductual,"Pseudocientífico
",,,,,,,False,False,,
SSaZqP1vdjY,[],0,Terapia Cognitivo Conductual,"Científico
",426,426,4,¡Ventajas de la Terapia Cognitivo Conductual sobre otras Terapias!,"Ahora veremos las ventajas de la terapia cognitivo conductual, lo que nos ayudará a elegir el tipo de corriente de psicoterapia si estamos considerando iniciar un proceso de terapia psicológica. Asimismo veremos en que consiste la terapia cognitivo conductual.

Si ver mis videos te ayuda, imagina lo que podemos lograr trabajando juntos en tu caso de forma personalizada.

🎁 Estoy obsequiando una Sesión Inicial de 30 minutos para conocerte, evaluar tu situación y ver si soy el profesional indicado para acompañarte a sanar.

Da clic aquí para Reservar👉https://wa.link/aprendamospsicologia

Unete a nuestro grupo de lectura en WhatsApp: https://chat.whatsapp.com/GBFBR6r7TaG7E3sRy8kmDk",es,False,False,,
Sa7DHkIbmGI,['ADHD'],1,Terapia Cognitivo Conductual,"Pseudocientífico
",249,249,0,Tratamiento del TDAH mediante Estimulación Cognitiva,"¿Después de poner al día y normalizar el funcionamiento de los circuitos cerebrales alterados en el TDAH gracias a la estimulación cerebral, el tratamiento farmacológico, los suplementos nutricionales y el neurofeedback? ¿No caes? No te preocupes, te lo respondo yo. Entrenarlos para potenciarlos al máximo y sacar todo su potencial. 

Sí, se puede. ¿Cómo? Tenemos diferentes formas pero me voy a centrar en las más efectivas y útiles para los chicos. 

Hola, Soy Manuel Antonio Fernández, el Neuropediatra. Experto en TDAH, Director del Instituto Andaluz de Neurología Pediátrica en Sevilla y de la web para familias elneuropediatra.es. Ayudo padres de niños con problemas como el TDAH a identificarlo y dar con el tratamiento y la terapia adecuados para resolverlo y normalizar al 100% su situación académica, personal, social y familiar de una vez por todas.
Si quieres ayuda en el diagnóstico o el tratamiento de tu hijo a cualquier edad, Ponte en contacto ahora mismo con nosotros para que analicemos tu caso y nos pongamos manos a la obra. Llama al 682 651 047 o escríbenos al mail recepcionista@elneuropediatra.es

En este video te voy a contar en qué consiste la estimulación cognitiva neuropsicológica y cual es la estrategia que consigue mejores y más rápidos resultados combinando las sesiones de terapia y el trabajo autónomo desde casa ¿Te interesa? Pues vamos a ello.

Dime una cosa ¿Eres partidaria de que tu hijo haga tarea en casa o de las que aboga por abolir los deberes? Pues si eres de las primeras, quiero que sepa que la ciencia te da la razón. 
No significa que los niños tengan que pasar las 24 horas del día con obligaciones escolares pero la única forma que tiene nuestro cerebro de aprender es en base a la repetición. Precisamente por eso, en todos los reportajes y documentales sobre el cerebro explican que las personas necesitamos repetir una actividad durante al menos, veintiún días seguidos para adquirir una hábito o una rutina.
¿Sabes por qué? Por que es aproximadamente lo que tarda en generarse un nuevo circuito cerebral, una condición indispensable para que realmente, aprendamos algo de forma definitiva hasta que nuestro cerebro lo asuma como algo rutinario y normal. Además de ser importante para el aprendizaje, también es importante para las terapias neurológicas. 
Podemos tener sesiones de terapia individual con un neuropsicólogo una o dos veces por semana, pero los efectos de este proceso es lento. ¿Cómo se arregla? Pues de nuevo gracias a la tecnología. 
Existen múltiples herramientas para realizar estimulación cognitiva neuropsicológica a nivel on line con aplicaciones de móvil, tablet y ordenador en las que el neuropsicólogo puede crear un perfil para tu hijo, realizar una valoración inicial y crear un plan específico de entrenamiento para que además del trabajo en las sesiones, ya sean presencial u on line, tu hijo pueda seguir realizando trabajo autónomo desde casa siguiendo el plan previsto y con la supervisión directa del profesional.
Se trata de una serie de juegos desarrollados específicamente para entrenar funciones cognitivas como la atención, la memoria, la concentración, la velocidad de procesamiento o el control de impulsos. 
Estas aplicaciones permiten monitorizar a tiempo real los resultados y adaptar el entrenamiento a las necesidades y evolución de cada chico. De este modo, multiplicamos las repeticiones con unos 15 o 20 minutos diarios que además, tu hijo relaciona con juegos y no con obligaciones. Es el círculo perfecto para optimizar y acelerar los resultados con poco esfuerzo. 

Ahora ya sabes cómo y por qué funciona la estimulación cognitiva neuropsicológica así como las importantes ventajas de optar por la opción mixta con trabajo on line. Es el complemento perfecto al resto de la terapia para conseguir que los avances madurativos tengan lugar cuanto antes y así, más pronto que tarde nos podamos olvidar del TDAH de una vez por todas
Si quieres que planifiquemos un programa integral de tratamiento del TDAH específicamente ajustado a las necesidades de tu hijo o para cualquier edad, ponte en contacto ahora mismo con nosotros para que analicemos tu caso y nos pongamos manos a la obra. Llama al 682 651 047 o escríbenos al mail recepcionista@elneuropediatra.es

#tratamientotdah #estimulacioncognitiva #elneuropediatra",es,False,False,,
vlpdyG44e4E,[],0,Terapia Cognitivo Conductual,"Irrelevante
",4791,4791,9,Terapia breve en victimas adultas de violencia sexual,"Para más información de nuestras conferencias en línea y capacitaciones especializadas pueden consultar nuestra página web y redes sociales.

Página Web Oficial: 

https://consultoriacpfc.com/

Página Oficial de Facebook: 

https://www.facebook.com/claudia.viazcan1

Perfil Oficial en Instagram:

https://instagram.com/psicologia_forense_2021?utm_medium=copy_link",es,True,True,2022-07-06T17:00:10Z,2022-07-06T18:20:57Z
c-3AiSnAPHI,"['Cognitive distortions', 'cognitive triad', 'depression', 'cognitive distortion', 'cognitive distortions', 'Catastrophic vision']",6,Terapia Cognitivo Conductual,"Científico
",1394,1394,41,"Aaron T. Beck | 🔴 TEORÍA COGNITIVA (Resumen completo, fácil y con ejemplos)","#Beck #TerapiaCognitiva #Psicologia #Edutuber #edutuberscolombia 
Bienvenidas y bienvenidos a Psicoteorías Show, el Night Late Show encargado de explicarte fácilmente los la historia de la psicología a partir de la entrevista directa a los exponentes más famosos del área. Acá conocerás la vida, obra y principales contribuciones de los psicólogos. Para nuestro capítulo tenemos al padre de la Terapia Cognitiva: Aaron T. Beck en donde conoceremos su biografía, la teoría cognitiva, los esquemas cognitivos, las creencias centrales y periféricas, los pensamientos automáticos, los tipos de distorsiones cognitivas (con ejemplos), la teoría de la depresión con la triada cognitiva, la terapia cognitiva y las similitudes y diferencias con la teoría de Ellis (TREC). No te lo pierdas en Psicofácil.

Contáctame para asesorías académicas a excelentes precios:
💬 (Whatsapp): https://wa.me/message/SEUQKTHUENG4L1 

CAPÍTULOS:
0:00 Biografía de Aaron T. Beck
2:10 Teoría Cognitiva de Beck
4:07 Pensamientos y esquemas de Beck
4:47 Creencias centrales/ nucleares y creencias intermedias/ periféricas
7:02 Pensamientos automáticos según Beck
8:18 Distorsiones cognitivas
9:04 Abstracción selectiva con ejemplos (distorsión cognitiva)
9:36 Pensamiento dicotómico con ejemplos (distorsión cognitiva)
10:00 Inferencia arbitraria con ejemplos (distorsión cognitiva)
11:22 Sobregeneralización con ejemplos (distorsión cognitiva)
10:46 Magnificación y minimización con ejemplos (distorsión cognitiva)
11:18 Personalización con ejemplos (distorsión cognitiva)
11:45 Visión catastrófica con ejemplos (distorsión cognitiva)
13:12 Teoría de la depresión y la triada cognitiva de Beck
15:53 Terapia cognitiva de Beck
18:25 Similitudes entre Beck y Ellis (TREC)
19:43 Diferencias entre Beck y Ellis (TREC)

Ayúdanos a crecer volviéndote miembro de psicofácil y recibe beneficios exclusivos:
https://www.youtube.com/channel/UCNpLEIvi0tZClD-pSFlk4xg/join
Apóyanos con tu donación vía Paypal:
https://www.paypal.me/psicofacilc
¡Gracias por ayudarnos a traer contenido de calidad y gratuito para estudiantes de Latinoamérica!
Si te gustó nuestro contenido dale like, comparte y suscríbete, es totalmente gratis:
📽️ ¡SUSCRÍBETE! https://www.youtube.com/channel/UCNpLEIvi0tZClD-pSFlk4xg?sub_confirmation=1

★SÍGUEME EN MIS OTRAS REDES★ 
►Instagram: https://instagram.com/psicofacil
►Facebook: https://www.facebook.com/psicofacil1
►Tik Tok: https://www.tiktok.com/@psicofacil?lang=es


★CONTRATACIONES, PUBLICIDAD Y EVENTOS★ 
📩  Gmail: psicofacilcanal@gmail.com

Investigación, guion, voz  edición:
Psic. MsC. Javier Parra Pulido
►Instagram: https://instagram.com/javierpapu",es,False,False,,
m0Q_b1JwZH8,"['anxiety disorders', 'depression', 'mistakes']",3,Terapia Cognitivo Conductual,"Científico
",,,,,,,False,False,,
pkXLoOrHURw,[],0,Terapia Cognitivo Conductual,"Científico
",1444,1444,33,"Rafael Santandreu conversa con Steven Hayes, creador de la terapia ACT","****(Clica en la rueda de engranaje que aparece en la esquina inferior derecha, luego en traducir automáticamente y encuentra los subtítulos traducidos a más idiomas) ****

Hace unas semanas tuve la oportunidad de mantener una charla con el psicólogo Steven Hayes de la universidad de Nevada, creador de una escuela de terapia, llamada: 'Aceptación y compromiso' (Acceptance and Commitment Therapy, ACT).
Yo conocí a Steven hace más de 20 años cuando él todavía no era tan conocido. En estos momentos Hayes es uno de los psicólogos más prestigiosos del mundo.
En nuestra charla hablamos de los avances en terapia cognitivo-conductual y, al final, sorprendentemente, tocamos un tema que sorprenderá a muchos.",es,False,False,,
X7PuXo9vYNI,[],0,Terapia Cognitivo Conductual,"Científico
",217,217,4,"Psicoterapia online: indicaciones, método y requerimientos. Marta de la Torre. Psicólogo Madrid","Marta de la Torre, Psicóloga cognitivo conductual de Grupo Doctor Oliveros, analiza esta creciente forma de psicoterapia en este mundo cada vez más pequeño.",es,False,False,,
F3biIbcA86w,[],0,Terapia Cognitivo Conductual,"Irrelevante
",4703,4703,4,TÉCNICAS DE TERAPIA DE JUEGO EN NIÑOS Y NIÑAS,"Para más información de nuestras conferencias en línea y capacitaciones especializadas pueden consultar nuestra página web y redes sociales.

Página Web Oficial: 

https://consultoriacpfc.com/

Página Oficial de Facebook: 

https://www.facebook.com/claudia.viazcan1

Perfil Oficial en Instagram:

https://instagram.com/psicologia_forense_2021?utm_medium=copy_link",es,True,True,2022-07-27T17:00:10Z,2022-07-27T18:19:28Z
FL3NPwDTgmU,[],0,Terapia Cognitivo Conductual,"Científico
",509,509,21,✅ ¿Por qué usar Terapia Basada en Evidencia?,"Centro Integral de Psicología se dio a la tarea de subtitular éste vídeo donde Matthew McKay nos habla sobre Terapia Basada en Evidencia de una manera muy sencilla y clara.

www.cideps.com

El vídeo original es de New Harbinger 
Link: https://youtu.be/nVF-IofaV9k",es,False,False,,
yjPToN9bhjM,[],0,Terapia Cognitivo Conductual,"Científico
",606,606,32,Cómo Cambiar Tus Pensamientos Negativos: Guía práctica,"En este vídeo te presento una guía práctica para cambiar tus pensamientos negativos y mejorar tu bienestar. Los pensamientos automáticos negativos pueden influir significativamente en nuestra salud mental, afectando a cómo nos sentimos y actuamos en nuestro día a día. 

En este vídeo, atravesarás un proceso de autoconocimiento y de cambio. Os presentaré técnicas prácticas y efectivas que os ayudarán a cambiar los pensamientos negativos por otros más objetivos y realistas. 
Desde el registro de pensamientos hasta el desafío de creencias con evidencia, cada estrategia está diseñada para equiparos con las herramientas necesarias para enfrentar y transformar esos pensamientos automáticos negativos.

¿Qué aprenderás?
Cómo los pensamientos automáticos negativos impactan tu vida.
Técnicas prácticas para identificar y registrar tus pensamientos negativos.
Estrategias para desafiar y cambiar pensamientos negativos
Métodos para desarrollar un diálogo interno positivo.
Consejos para practicar el enfrentamiento gradual y la técnica de parada de pensamiento.

Vídeo relacionado: Distorsiones Cognitivas: https://youtu.be/VMh_2LqlVUg

Índice de contenido:
00:00  Introducción
00:17 Qué son los pensamientos negativos
01:57 Identificar los pensamientos negativos
02:57 Cuestionamiento de los pensamientos negativos 
05:54 Técnicas para la Reestructuración Cognitiva

Si te ha gustado este vídeo, no olvides suscribirte a mi canal y, si quieres apoyarme aún más, también puedes entrar en la comunidad de miembros.
¡Un saludo y hasta el próximo vídeo!
https://www.youtube.com/channel/UCEahqZfzfTvlL3tS3yC9XpQ/join",es,False,False,,
fjq8zl3qSR0,"['0:00 Disorder', 'https://wa.me/message/SEUQKTHUENG4L1', 'psiquiátricos', 'Illness anxiety disorder', 'anxiety']",5,Terapia Cognitivo Conductual,"Científico
",325,325,18,¿Tengo HIPOCONDRÍA? 🤒 Miedo a enfermar TRASTORNO de ANSIEDAD por ENFERMEDAD | Síntomas y tratamiento,"#Hipocondría #Psicologia #Edutuber #EdutubersColombia

¿Sientes miedo por enfermarte gravemente? ¿Buscas los síntomas en googe y aparecen enfermedades que te causan ansiedad? Este vídeo te puede interesar. Aprende fácil y rápido los trastornos psicológicos y psiquiátricos desde una perspectiva científica según el DSM 5-TR. EL MEJOR RESUMEN: CRITERIOS DIAGNÓSTICOS, SÍNTOMAS, ETIOLOGÍA, INTERVENCIÓN Y TRATAMIENTO: Trastorno de ansiedad por enfermedad.

Contáctame para asesorías académicas a excelentes precios:
💬 (Whatsapp): https://wa.me/message/SEUQKTHUENG4L1 

CAPÍTULOS
0:00 Definición de trastorno
0:39 Hipocondría (Trastorno de ansiedad por enfermedad): definición
1:10 Hipocondría (Trastorno de ansiedad por enfermedad): criterios diagnósticos
3:04 Hipocondría (Trastorno de ansiedad por enfermedad): Epidemiología y causas
3:58 Hipocondría (Trastorno de ansiedad por enfermedad): Tratamiento

Ayúdanos a crecer volviéndote miembro de psicofácil y recibe beneficios exclusivos:
https://www.youtube.com/channel/UCNpLEIvi0tZClD-pSFlk4xg/join
Apóyanos con tu donación vía Paypal:
https://www.paypal.me/psicofacilc
¡Gracias por ayudarnos a traer contenido de calidad y gratuito para estudiantes de Latinoamérica!
Si te gustó nuestro contenido dale like, comparte y suscríbete, es totalmente gratis:
📽️ ¡SUSCRÍBETE! https://www.youtube.com/channel/UCNpLEIvi0tZClD-pSFlk4xg?sub_confirmation=1

★SÍGUEME EN MIS OTRAS REDES★ 
►Instagram: https://instagram.com/psicofacil
►Facebook: https://www.facebook.com/psicofacil1
►Tik Tok: https://www.tiktok.com/@psicofacil?lang=es


★CONTRATACIONES, PUBLICIDAD Y EVENTOS★ 
📩  Gmail: psicofacilcanal@gmail.com

Investigación, guion, voz  edición:
Psic. MsC. Javier Parra Pulido
►Instagram: https://instagram.com/javierpapu",es,False,False,,
r767My5p9Xs,[],0,Terapia Cognitivo Conductual,"Científico
",194,194,4,APRENDENDO A TERAPIA COGNITIVO COMPORTAMENTAL #06,Uma mudança de humor Dra Fitzgerald e kris,pt,False,False,,
umerkJYKVgg,[],0,Terapia Cognitivo Conductual,"Científico
",1379,1379,48,"Albert Ellis | 🔴 TEORÍA COMPLETA (Resumen TREC, MODELO ABC y Distorsiones cognitivas)","#Ellis #TREC #Psicologia #Edutuber #edutuberscolombia 
Bienvenidas y bienvenidos a Psicoteorías Show, el Night Late Show encargado de explicarte fácilmente los la historia de la psicología a partir de la entrevista directa a los exponentes más famosos del área. Acá conocerás la vida, obra y principales contribuciones de los psicólogos. Para nuestro capítulo tenemos al padre de la TREC (Terapia Racional emotiva conductual): Albert Ellis en donde conoceremos su biografía,  y las similitudes y diferencias con la teoría de Beck (Terapia cognitiva). No te lo pierdas en Psicofácil.

Contáctame para asesorías académicas a excelentes precios:
💬 (Whatsapp): https://wa.me/message/SEUQKTHUENG4L1 

CAPÍTULOS:
0:00 Biografía de Albert Ellis
2:36 Diferencias de Ellis con Freud
4:11 Bases de la Terapia Racional Emotiva Conductual (TREC)
5:27 Modelo A B C de conducta de Ellis
6:19 Creencias irracionales de Ellis y tipos
7:11 Demandas absolutas (con ejemplos)
7:44 Evaluación catastrófica o terribilización (con ejemplos)
8:15 Baja tolerancia a la frustración (con ejemplos)
8:38 Valoración global y autovaloración (con ejemplos)
9:55 Terapia TREC (A, B, C, D, E) de Ellis
11:35 Ejemplo de reestructuración cognitiva
15:52 Técnicas de la TREC
18:37 Similitudes entre Beck (Terapia cognitiva) y Ellis (TREC)
19:54 Diferencias entre Beck (Terapia cognitiva) y Ellis (TREC)

Ayúdanos a crecer volviéndote miembro de psicofácil y recibe beneficios exclusivos:
https://www.youtube.com/channel/UCNpLEIvi0tZClD-pSFlk4xg/join
Apóyanos con tu donación vía Paypal:
https://www.paypal.me/psicofacilc
¡Gracias por ayudarnos a traer contenido de calidad y gratuito para estudiantes de Latinoamérica!
Si te gustó nuestro contenido dale like, comparte y suscríbete, es totalmente gratis:
📽️ ¡SUSCRÍBETE! https://www.youtube.com/channel/UCNpLEIvi0tZClD-pSFlk4xg?sub_confirmation=1

★SÍGUEME EN MIS OTRAS REDES★ 
►Instagram: https://instagram.com/psicofacil
►Facebook: https://www.facebook.com/psicofacil1
►Tik Tok: https://www.tiktok.com/@psicofacil?lang=es


★CONTRATACIONES, PUBLICIDAD Y EVENTOS★ 
📩  Gmail: psicofacilcanal@gmail.com

Investigación, guion, voz  edición:
Psic. MsC. Javier Parra Pulido
►Instagram: https://instagram.com/javierpapu",es,False,False,,
drQjt4ncGeA,"['borderline personality disorder', 'DBT', 'emotional dysregulation disorders']",3,Terapia Cognitivo Conductual,"Científico
",106,106,0,El Dr. Miller habla sobre la terapia dialéctico-conductual para trastorno de personalidad límite,"La terapia dialéctico-conductual  (DBT, por sus siglas en inglés) es una terapia basada en evidencia para el trastorno de la personalidad límite y otros trastornos de desregulación emocional, pero incluso el nombre puede ser confuso.",es,False,False,,
0QVk-wTdfJc,"['schizophrenia', 'psychiatric', 'bipolar', 'Depressive Disorder', 'depression', 'mental disorders', 'creatine', 'Serotonin', 'mood disorders', 'SSRIs', 'Creatine', 'mental illness', 'antidepressants', 'Depression']",14,Terapia Cognitivo Conductual,"Científico
",1453,1453,43,Can Creatine Help with Depression? Exploring the Science with Dr. Nick Fabiano,"Creatine isn’t just for gym gains, it supports your brain too!

Creatine is best known for boosting physical performance, but research has also identified its ability to improve areas of cognitive function like memory and mood.

Research suggests that when creatine is used alongside first-line treatments, like antidepressants and CBT, it may enhance therapeutic outcomes, leading to faster and more robust improvements in symptoms.

In this interview, Dr. Nick Fabiano, a psychiatry resident and researcher at the University of Ottawa, joins Metabolic Mind to explore the emerging evidence behind creatine as a potential tool for improving mood and supporting mental health.

In this episode we dive into: 

- What creatine is and how it works in the body and brain
- The growing body of research linking creatine to improvements in depression symptoms
- How creatine may enhance energy metabolism in the brain—a key focus of metabolic psychiatry
- Its synergy with other treatments, including SSRIs and cognitive behavioral therapy
- Practical considerations around dosing, diet, and safety
- The difference between dietary and supplemental creatine
- Creatine & sleep deprivation

Creatine is a well-studied, widely available supplement, and its low risk profile makes it an intriguing candidate for further exploration in psychiatric care. While more research is needed, this conversation is a hopeful and informed look at a promising metabolic intervention.

*Expert Featured:*
Dr. Nick Fabiano
X: https://x.com/NTFabiano

*Resources Mentioned:*
_Dietary creatine intake and depression risk among U.S. adults_
- https://doi.org/10.1038/s41398-020-0741-x

_A Randomized, Double-Blind Placebo-Controlled Trial of Oral Creatine Monohydrate Augmentation for Enhanced Response to a Selective Serotonin Reuptake Inhibitor in Women With Major Depressive Disorder_
- https://doi.org/10.1176/appi.ajp.2012.12010009

_Efficacy and safety profile of oral creatine monohydrate in add-on to cognitive-behavioural therapy in depression: An 8-week pilot, double-blind, randomised, placebo-controlled feasibility and exploratory trial in an under-resourced area_
- https://doi.org/10.1016/j.euroneuro.2024.10.004

*CMEs Mentioned:*
_Managing Major Mental Illness with Dietary Change: The New Science of Hope_
- https://www.mycme.com/courses/managing-major-mental-illness-with-dietary-change-9616

_Brain Energy: The Metabolic Theory of Mental Illness_
- https://www.mycme.com/courses/brain-energy-the-metabolic-theory-of-mental-illness-9615

Follow our channel for more information and education from Bret Scher, MD, FACC, including interviews with leading experts in Metabolic Psychiatry.

Learn more about metabolic psychiatry and find helpful resources at https://metabolicmind.org/

*About us:*
Metabolic Mind is a non-profit initiative of Baszucki Group working to transform the study and treatment of mental disorders by exploring the connection between metabolism and brain health. We leverage the science of metabolic psychiatry and personal stories to offer education, community, and hope to people struggling with mental health challenges and those who care for them.

Our channel is for informational purposes only. We are not providing individual or group medical or healthcare advice nor establishing a provider-patient relationship. Many of the interventions we discuss can have dramatic or potentially dangerous effects if done without proper supervision. Consult your healthcare provider before changing your lifestyle or medications.

*Timestamps:*
0:00 - Introduction to Dr. Nick Fabiano & the research on creatine.
2:30 - What is creatine and why is it so popular?
4:10 - Can creatine improve mood? What is the history of using creatine to improve mood?
7:14 - What are some of the studies that have looked at creatine for use in depression? What do these studies tell us about the root causes of mood disorders?
11:57 - How should someone get more creatine? Should you supplement with creatine or is food enough? How much creatine is enough?
14:52 - Is it possible that the additional exercise made possible by creatine is causing the changes in mood and brain performance?
16:58 - If someone had depression, why not take creatine? Should everyone take creatine? Is creatine safe?
19:12 - Does the brand of creatine you take matter? Are all brands of creatine the same?
20:48 - Could the carnivore diet’s effect on mood be caused by creatine? Do people on different diets need to supplement a different level of creatine?
22:32 - What is the future of creatine treatment and research?",en,False,False,,
KCvboJpuPCk,"['depression', 'HIV disease', 'phobias', 'Anxiety', 'trauma', 'anxiety', 'Depression']",7,Terapia Cognitivo Conductual,"Científico
",161,161,0,Ansiedad y Depresión ¿Qué papel juegan en el #VIH ? | @ErrebeeneStudio & Débora Álvarez,"Estos son los ingredientes:
Desconocimiento
Gestión del tratamiento
Rechazo
Tres o cuatro cucharadas de Estigma
Preocupación por la pérdida del trabajo
Aislamiento a fuego lento
Sensación de ser un ente tóxico
Hablar con otras personas del tema
Uno o dos amigues que desaparecen
Una pizca de homofobia u otras fobias a tu elección.

¡Voilá! La cena está servida: Ansiedad y depresión rica rica y con fundamento.

Un proyecto de:

👉 Apoyo Positivo: https://apoyopositivo.org/
👉 En colaboración con Gilead Sciences: https://www.eresvihda.es/

❕❕¿Conoces el Objetivo 2030?❕❕

El objetivo 2030, engloba la estrategia de Respuesta Rápida 90-90-90 (FAST TRACK CITIES) que trabaja a nivel municipal, para alcanzar el objetivo denominado horizonte 95-95-95 para el año 2030, que consiste en:

⚪ 95% de las personas con VIH conozcan su estado serológico
⚪ 95% de quienes estén diagnosticadas sigan un tratamiento adecuado de manera continuada
⚪ 95% de las personas en tratamiento consigan suprimir la carga viral, para que se mantengan sanas y se reduzca el riesgo de transmisión del VIH. 
⚪ Con CERO estigma y discriminación. 

Más información 👇

ℹ️ https://www.unaids.org/es/cities
ℹ️ https://www.mscbs.gob.es/ciudadanos/enfLesiones/enfTransmisibles/sida/FASTRACK/Fast-track.htm
ℹ️ https://www.fast-trackcities.org/
ℹ️ https://www.fast-trackcities.org/sites/default/files/UNAIDS%202016-2021%20Strategy%20-%20On%20the%20Fast-Track%20to%20end%20AIDS%20%282015%29.pdf

·     Que no puede interpretarse que su contenido puede sustituir al diagnóstico realizado por un Profesional Sanitario y que ante cualquier duda respecto a su contenido deben dirigirse a su Profesional Sanitario,

·     Y que se trata de una publicación de carácter orientativo y divulgativo, por lo que el lector no debe someterse a tratamientos ni seguir consejos sin dirigirse antes a un Profesional Sanitario.

Referencias: 
-Reducción del estigma , la depresión y la ansiedad en personas con VIH mediante un grupo terapéutico cognitivo conductual. Behavioral Psychology / Psicología Conductual, Vol. 29, Nº 2, 2021, pp. 237-257 https://doi.org/10.51668/bp.8321202s

- Role of depression, stress, and trauma in HIV disease progression. Review Psychosom Med 2008 Jun;70(5):539-45. doi: 10.1097/PSY.0b013e3181777a5f. Epub 2008 Jun 2.",es,False,False,,
NPlusozeqSM,[],0,Terapia Cognitivo Conductual,"Pseudocientífico
",413,413,16,🧠¿Que es LA PSICOLOGIA HUMANISTA Y COMO ES LA PSICOTERAPIA bajo este enfoque?,en este video te voy a explicar que es la psicologia humanista y tambien la psicoterapia humanista. Hablaremos sobre la psicologia humanista y tambien sobre psicologia humanista historia daremos una psicologia humanista explicacion hablaremos sobre el enfoque psicoterapia humanista y cuales son los principios de este enfoque hablaremos sobre psicologia humanista en que consiste y tambien que es y como trabaja la psicologia humanista,es,True,True,2024-10-16T00:08:46Z,2024-10-16T00:17:53Z
MUCAWUsPeDA,"['depresión', 'Meditación', 'RUIN', 'Anxiety', 'anxiety']",5,Terapia Cognitivo Conductual,"Pseudocientífico
",575,575,11,Abandono Emocional y Ansiedad: 5 Consejos Efectivos para Sanar 💖🌺,"💛¿Cómo manejar el apego ANSIOSO y que no te ARRUINE una relación más?, ingresa aquí https://maggiepulido.com/ama-en-libertad/. Te veo dentro! 🩷

El abandono emocional y la ansiedad pueden ser experiencias difíciles y dolorosas. Si alguna vez te has sentido solo/a, desatendido/a o ansioso/a en tus relaciones, este video te ayudará a comprender y superar esos sentimientos. Nos enfocamos en el abandono emocional, sus síntomas ansiosos y cómo afectan tu vida cotidiana.

En este video, te doy cinco consejos prácticos y efectivos para enfrentar el abandono emocional y la ansiedad, desde la terapia cognitivo conductual. 

Recuerda que la terapia psicológica te permite tener un proceso de sanación y crecimiento personal, para que puedas establecer relaciones desde el amor propio y no desde el abandono emocional. No dejes que el abandono emocional y la ansiedad controlen tu vida. Este video te brindará herramientas valiosas para enfrentar y superar estos desafíos emocionales, lo que te permitirá construir relaciones más sanas y satisfactorias.

Suscríbete para recibir más contenido valioso y útil para mejorar tu bienestar emocional. Si tienes preguntas o experiencias que quieras compartir, deja tu comentario. ¡Estoy aquí para apoyarte en tu camino hacia una vida más feliz y plena!


Otros videos de los que te hablé en el video: 
Cambia tus pensamientos negativos por unos saludables: https://www.youtube.com/watch?v=4pP6Ix38Un8&t=488s
Meditación de Amor y Bondad: https://www.youtube.com/watch?v=sy1ljpa30xo
¿Cómo evitar las relaciones tóxicas?: https://www.youtube.com/watch?v=Det-xn3CXYg&t=26s


Empieza terapia conmigo, contactame por Whatsapp:
https://wa.link/k1vbmg y acá te dejo toda la información: https://maggiepulido.com/contactame/ 

Sígueme en Instagram: https://www.instagram.com/maggiepulido.ink/

Descarga mis recursos gratuitos: https://maggiepulido.com/recursos/

Blog relacionados:

La depresión puede dolerte, ¡literalmente hablando!
https://maggiepulido.com/la-depresion-puede-dolerte-literalmente-hablando/
Señales de la depresión que pasan desapercibidas
https://maggiepulido.com/senales-de-la-depresion-que-pasan-desapercibidas/
¿Por qué no logro ser feliz?
https://maggiepulido.com/por-que-no-logro-ser-feliz/
El divorcio y la depresión: El inicio de una nueva relación contigo
https://maggiepulido.com/el-divorcio-y-la-depresion-el-inicio-de-una-nueva-relacion-contigo/

#abandonoemocional #dependenciaemocional 

IMPORTANTE:
La información que te brinda Maggie Pulido, es sólo con propósitos informativos y en ningún caso sustituye o remplaza consejo, diagnóstico o tratamiento relacionado con condiciones de salud mental o física. Aunque Maggie Pulido es Psicóloga Clínica certificada en terapia cognitiva conductual la información que provee en este vídeo y otros contenidos relacionados no deben ser tomados como consejo psicológico o médico siempre consulta a tu médico o psicólogo antes de tomar una decisión relacionada con tu salud mental y/o física.",es,True,True,2023-04-04T01:00:07Z,2023-04-04T01:11:40Z
6dcBxyuIKFQ,"['depression', 'anxiety']",2,Terapia Cognitivo Conductual,"Científico
",223,223,8,Qué es la TERAPIA COGNITIVA BASADA en MINDFULNESS,"La Terapia Cognitiva Basada en Mindfulness (MBCT) es uno de los programas basados en mindfulness más reconocidos en la actualidad. Programa de 8 semanas que combina e integra los avances en ciencia cognitiva con la práctica de mindfulness. Desarrollado por los Drs. Williams, Teasdale y Segal para la prevención de recaídas en depresión, actualmente ha evolucionado y también se recomienda para reducir el estrés, la ansiedad y regular el estado de ánimo.
#mindfulness #terapiacognitiva #meditación",es,False,False,,
eug4VutHORY,"['depression', 'Obsessive-Compulsive Disorder', 'obsessions', 'self-control', 'anxiety disorders', 'OCD', 'compulsions', 'anxiety']",8,Terapia Cognitivo Conductual,"Científico
",551,551,37,¿Sufres TRASTORNO OBSESIVO COMPULSIVO? ¡Rompe las CADENAS!,"¿Alguna vez has sentido que tus pensamientos te traicionan, atrapándote en un ciclo del que parece imposible escapar?

En este video, abordamos el Trastorno Obsesivo-Compulsivo (TOC), un desafío mental que va mucho más allá de las simples preocupaciones diarias y que puede hacerte sentir prisionero de tus propios pensamientos.

El TOC se caracteriza por pensamientos intrusivos, conocidos como obsesiones, que generan una intensa ansiedad. Para aliviar esa ansiedad, muchas personas realizan acciones repetitivas o rituales llamados compulsiones, que solo ofrecen un alivio momentáneo antes de que el ciclo comience de nuevo.

Este video está diseñado para ayudarte a entender mejor cómo funciona este ciclo de obsesiones y compulsiones y, lo más importante, a descubrir estrategias efectivas para romperlo.

Te explicaremos:
¿Qué es el TOC y cómo reconocerlo? Desde revisar compulsivamente hasta los pensamientos más invisibles que asedian a quienes lo padecen, comprender el TOC es el primer paso para empezar a liberarse.

El ciclo del TOC: Cómo el bucle de: obsesión → ansiedad → compulsión → alivio temporal → obsesión, crea una prisión mental, y por qué detener este ciclo es posible.

Estrategias probadas para romper el ciclo:
A través de técnicas de Terapia Cognitivo-Conductual, como la Exposición con Prevención de Respuesta, puedes aprender a enfrentar tus obsesiones sin recurrir a las compulsiones. También exploraremos la Terapia de Aceptación, el autocuestionamiento y cómo ver los pensamientos intrusivos como olas que puedes dejar pasar sin que controlen tus acciones.

Consejos prácticos para el día a día:
Desde la práctica de la atención plena hasta ejercicios de autocontrol para reducir compulsiones poco a poco, te daremos herramientas prácticas que puedes aplicar hoy mismo.

Este video es una invitación a recuperar tu libertad mental. Con paciencia, compromiso y el apoyo adecuado, es posible enfrentar las obsesiones y resistir las compulsiones. No se trata de eliminar por completo los pensamientos obsesivos, sino de aprender a vivir sin que ellos dominen tu vida.
----
00:00 - Rompe las cadenas del TOC
00:44 - ¿Qué es el TOC?
02:23 - El ciclo del TOC explicado
03:33 - Estrategias para romper el ciclo del TOC
05:27 - Consejos prácticos para el día a día
08:12 - Conclusión
----
🔥 Si te ha gustado este video, no olvides suscribirte al canal: https://www.youtube.com/c/Psicolog%C3%ADaenSerioconGuillermoOrozco/
---
👋 Mi nombre es Guillermo Orozco y tengo un Centro de Atención Psicológica en Las Palmas de Gran Canaria, España. Estoy especializado en trastornos de ansiedad, depresión, estrés, y otros desórdenes emocionales.
---
😊 Puedes seguirme en mis redes sociales:
✅ Instagram: https://www.instagram.com/guillermoorozco.psicologo/
✅ Facebook: https://www.facebook.com/guillermoorozcopsicologo/
✅ Twitter: https://twitter.com/OrozcoPsicologo
✅ Pinterest: https://www.pinterest.es/orozcopsicologo/
✅ LinkedIn: https://www.linkedin.com/in/guillermo-orozco-psicologo/
✅ Guillermo Orozco – Psicólogo en Las Palmas: https://guillermoorozco.com/
----
Music from Uppbeat (free for Creators!):
https://uppbeat.io/t/sensho/good-times
License code: 0RLHBK0DYRIW5UI4
https://uppbeat.io/t/dan-phillipson/making-progress
License code: O84KBTTL7YBCVNR2
https://uppbeat.io/t/prigida/moonshine
License code: 35IQ1MDWVVRJFG2Q
https://uppbeat.io/t/ilya-kuznetsov/serenity
License code: HMM57XPNRULPY5C6
https://uppbeat.io/t/fe77a/vacation-collective
License code: 0PIVQ5BKLDZIHDXO
https://uppbeat.io/t/mojo/trailblazer
License code: K1HVQTMJQIGYUOI1",es,False,False,,
QuWbEpbXRXU,"['Bipolar Disorder', 'Psychiatric']",2,Terapia Cognitivo Conductual,"Científico
",417,417,24,Trastorno Bipolar. Tratamiento psicológico,"Para tener más información sobre el TB, puedes suscribirte a mi canal
https://www.youtube.com/@bealopezde

Comparto el link de otros videos que te pueden interesar:

👉¿Qué es el Trastorno Bipolar?: https://youtu.be/G3B1_DdliUY
👉Diagnóstico: https://youtu.be/mcEQQ3QTeLI
👉Tratamiento psiquiátrico: https://youtu.be/G3B1_DdliUY

Si deseas compartir con otras personas tu experiencia, en relación con el TAB, lo puedes hacer en el grupo de WhatsApp, Realidad Bipolar. Serás bienvenido y bienvenida.

https://www.realidadbipolar.es/2019/11/normas-grupo-de-whatsapp/",es,False,False,,
RlWKwKyXfTE,"['anxiety disorder', 'anxiety disorders', 'Anxiety', 'anxiety']",4,Terapia Cognitivo Conductual,"Científico
",457,457,5,¿Cómo se realiza la terapia para la Ansiedad?,"¿Como se realiza la terapia para la Ansiedad?

1. Qué es la ansiedad?
2. ¿Cuales son los síntomas de la Ansiedad?
3. ¿Cuál es la causa de la ansiedad?
4. ¿Tipos de trastornos de ansiedad?
5. ¿Cómo se diagnostican los trastornos de ansiedad?
6. ¿Cuál es el tratamiento para el trastorno de ansiedad?
7 ¿Qué pasa si no se trata el trastorno de ansiedad?

En Cognittiva trabajamos como enfoque de primera linea para los trastornos de ansiedad, la terapia cognitivo conductual y complementamos la intervención con técnicas de mindfullness así como herramientas de la terapia de aceptación y compromiso, según requiera el caso.",es,False,False,,
zpP3cI3v8SM,[],0,Terapia Cognitivo Conductual,"Científico
",2251,2251,4,La terapia cognitivo conductual en las adicciones,"Ponente: Lic. Irma Nancy Taboada Rodríguez

-------- 
Síguenos en: 
Facebook https://www.facebook.com/DeuFesIztacala  Instagram  https://www.instagram.com/deufesiztacala/ 

 ** Te recordamos que solo puedes ser acreedor/a de constancia por tu participación en los eventos virtuales cuando has estado presente en la transmisión en vivo y la has solicitado dentro del tiempo y enlace establecido para ello **",es,False,False,,
bkJeRC7Ds08,['WEB'],1,Terapia Cognitivo Conductual,"Científico
",3399,3399,14,¿Qué es el Esquema de IMPERFECCIÓN Y VERGÜENZA? | Terapia de Esquemas de Mexico,"¿Qué es el Esquema de IMPERFECCIÓN Y VERGÜENZA?

Síguenos en nuestras Redes Sociales 

IG: https://www.instagram.com/terapiadeesquemas/
FB: https://www.facebook.com/Terapiadeesquemas
WEBhttps://www.imte.mx/",es,True,True,2023-07-16T17:15:10Z,2023-07-16T18:13:45Z
d1PdeAx3rWw,['mental illness'],1,Terapia Cognitivo Conductual,"Científico
",201,201,56,💥 ESCUELAS DE PSICOTERAPIA (PSICOLOGÍA EN VÍDEO),"Suscríbete a mi Newsletter ►https://drsanagustin.substack.com/about Psicología en Vídeo (Trailer):  mi objetivo en este canal es subir vídeos cortos sobre elementos técnicos de diferentes psicoterapias y sobre psicología en general (social, aprendizaje, emoción, lenguaje, desarrollo...) 💥 SUSCRÍBETE AQUÍ ► https://www.youtube.com/user/albertosanag?sub_confirmation=1

0:00 Presentación
0:37 Psicoterapias
1:08 Escuelas de psicoterapia

¡Hola! ¿Qué tal? En este vídeo quiero presentar este canal y el nuevo enfoque que voy a tomar será sobre videos de psicología y psicoterapia. Yo soy el doctor Alberto Sanagustín y soy médico de familia y licenciado en psicología. En este canal me quiero centrar sólo en el tema de la psicología y de la psicoterapia, haciendo videos cortos de menos de 8 minutos, explicando elementos técnicos de las diferentes psicoterapias y también ir ampliando y hablando sobre temas de psicología de la emoción, psicología del aprendizaje del lenguaje o psicología social, que son temas muy interesantes.

En cuanto a las psicoterapias, lo que más me interesa a mí son las psicoterapias o las terapias psicológicas que tienen más interés en medir los resultados y que tienen una mayor base científica. Pero aquí lo que me gustaría es ir tomando elementos técnicos de diferentes escuelas.  Ya sabemos que cada escuela o grandes ramas o grandes perspectivas de la psicoterapia, pues parten de presupuestos diferentes y a partir de ahí sacan diferentes teorías. Y hay subescuelas... 

Empezamos primero por el psicoanálisis con Freud, después Jung, Adler y después los desarrollos psicodinámicos que han venido con diferentes discípulos posteriormente mente...

Después tenemos el conductismo que se basa inicialmente en el condicionamiento clásico de Pavlov y el condicionamiento operante de Skinner. Después, dentro del conductismo han aparecido las terapias de tercera generación, como por ejemplo la terapia analítica funcional, la terapia dialéctica conductual o la terapia de aceptación y compromiso que son las que llaman ahora terapias contextuales... Y en las que yo tengo bastante interés. 

Después ya tenemos las terapias cognitivas, que las más conocidas son la terapia racional emotiva de Albert Ellis y la terapia cognitiva de Aaron Beck. Estas serían las dos principales. Sobre todo es muy famosa la terapia cognitiva de Aaron Beck porque, a veces, cuando se habla de terapia cognitiva conductual, a veces se identifica directamente con la de Aaron Beck, aunque no es así exactamente porque en realidad sería una combinación con la terapia de conducta de la que hemos hablado anteriormente. 

Después tenemos las terapias humanísticas y existenciales. El análisis existencial de Binswanger. Tenemos la terapia Gestalt, la terapia centrada en el cliente de Carl Rogers, el análisis transaccional de Berne y otras que también tienen elementos que son muy interesantes.

También las terapias sistémicas como la terapia familiar breve, la terapia centrada en soluciones de Shazer o la terapia breve estratégica de Watzlawick y otras que también tienen elementos que son muy interesantes y que creo que muchas se pueden integrar. 

Después hay escuelas que son de integración. 

Entonces mi idea es hablar de psicoterapia, elementos técnicos, hacer vídeos cortos, hablar de psicología en general y sobre los temas que me podáis proponer en la parte inferior del vídeo. 

¡Ay! ¡Me olvidaba! Suscríbete... Recuerda suscribirte en el canal. Por aquí pondré un enlace de suscripción. 

* ADVERTENCIA: 
Recuerda que el contenido de este canal es informativo. Si tienes o crees tener cualquier enfermedad de tipo mental, siempre debes consultar con tu psicólogo, psiquiatra o médico de referencia.

Dr. Alberto Sanagustín
#psicologiaenvideo",es,False,False,,
IXDA25qISkU,[],0,Terapia Cognitivo Conductual,"Científico
",388,388,2,Cognitive Behavioral Therapy (CBT)- in Spanish / Terapia Cognitivo Conductual (TCC)- en Español,"This video demonstrates a way to introduce Cognitive Behavioral Therapy (CBT) in Spanish and offers basic Spanish CBT terminology, techniques, and principles.

This video is the third of a 3-part video series aimed at addressing gaps that can exist between conversational and professional language fluency for bilingual Spanish-speaking trainees and clinicians in mental health professions who have received their education/training predominantly in English. The videos are in Spanish with subtitles available in both English and Spanish.
---------------------------------------------------------
Este video demuestra una manera de cómo presentar la Terapia Cognitivo Conductual (TCC) en español y ofrece terminología, técnicas y principios básicos de TCC en español.

Este video es el tercero, en una serie de tres, que tiene el objetivo de abordar dificultades entre el lenguaje conversacional y el lenguaje profesional en español. Está dirigido a proveedores bilingües en salud mental y aquellos en entrenamiento que hayan tenido su formación predominantemente en inglés. Los videos están en español con subtítulos en inglés y en español.",es,False,False,,
jEtZBkgMjDc,"['anxiety disorders', 'Anxiety', 'anxiety']",3,Terapia Cognitivo Conductual,"Científico
",510,510,0,La ansiedad: ¿Cómo tratamos en terapia la ansiedad?,"Aunque la ansiedad es uno de los trastornos psicológicos más conocidos, lo cierto es que, la ansiedad en sí, todavía es muy desconocida para muchas personas.
Con esto nos referimos a que todo el mundo sabe de su existencia, pero todavía son muchas las personas que no saben qué es, cuándo se convierte en un problema, cuáles son los principales trastornos de ansiedad y, lo que es más importante, todavía no se sabe lo que se hace en terapia para trabajar la ansiedad o cuál es el papel del psicólogo.

Por ello, en la entrada de hoy vamos a hablar sobre todo esto y, entre otras cosas, intentaremos aclarar las principales dudas sobre qué es lo que se hace en terapia.",es,False,False,,
Swe7MHSrcV0,"['Anxiety', 'anxiety', 'Depression']",3,Terapia Cognitivo Conductual,"Científico
",3805,3805,31,"¿Cómo ser la persona que quiero ser? Así lo logran mis pacientes, Activación Conductual 💪🏼","La Activación Conductual es una parte muy importante dentro del tratamiento para los diagnósticos de Ansiedad y/o Depresión desde el enfoque cognitivo conductual, en este video te explico cómo hacerlo, cómo lograr que en realidad funcione! y logres ser la persona que deseas ser!

Videos que te interesarán: 
- ¿Cómo reducir los síntomas físicos de la ansiedad?: https://www.youtube.com/watch?v=RQbYD...
- Síntomas Físicos de la Ansiedad: https://www.youtube.com/watch?v=fF48P...
- ¿Cuál es tu tipo de ansiedad?: https://www.youtube.com/watch?v=EoluR...

Links que te nombre durante este video: 
- Relajación muscular Progresiva de Jacobson:
https://www.youtube.com/watch?v=Sn--r...

⤵️ DESCARGA EL MATERIAL GRATUITO Formato Activación Conductual: 
https://maggiepulido.com/formulario-activacion-conductual/

¿Quieres volver a sentirte mejor? Realiza tratamiento conmigo, contactame en:
https://wa.link/k1vbmg y acá te dejo toda la información: https://maggiepulido.com/contactame/ 

IMPORTANTE:
La información que te brinda Maggie Pulido, es sólo con propósitos informativos y en ningún caso sustituye o remplaza consejo, diagnóstico o tratamiento relacionado con condiciones de salud mental o física. Aunque Maggie Pulido es Psicóloga Clínica certificada en terapia cognitiva conductual la información que provee en este vídeo y otros contenidos relacionados no deben ser tomados como consejo psicológico o médico siempre consulta a tu médico o psicólogo antes de tomar una decisión relacionada con tu salud mental y/o física.",es,True,True,2022-08-03T00:09:54Z,2022-08-03T01:13:13Z
_WXVbBb9Nwg,"['death', 'different disorders', 'anxiety']",3,Terapia Cognitivo Conductual,"Científico
",1150,1150,93,ANSIEDAD por Miedo a la MUERTE 😰😰,"Si quieres que este video no incluya publicidad y ver mis videos mucho antes de que se estrenen, hazte miembro de mi canal AQUÍ    👇https://www.youtube.com/channel/UC4hsGqcGrCQzw3lXWSYKRDA/join

¿La idea de la muerte, ya sea la tuya o la de tus seres queridos, te consume y te impide disfrutar del presente? ¿Los pensamientos sobre la muerte son constantes y te generan una ansiedad que no puedes controlar? En este video hablaremos de ese miedo a la muerte que no te deja vivir en paz!  Te explicaré qué lo provoca, cómo se manifiesta en diferentes trastornos, y qué estrategias psicológicas puedes usar para manejarlo.

Antes que nada, quiero que sepas que el miedo a la muerte es completamente natural. Todos, en algún momento, sentimos ansiedad al pensar en nuestra mortalidad o en la de quienes amamos. Este miedo, aunque incómodo, tiene un propósito: nos ayuda a evitar peligros y nos motiva a tomar decisiones saludables. Pero en ti esto ya ha dejado de ser adaptativo, por el contrario te causa varios problemas. 

VIDEOS RECOMENDADOS: 

👉¡Adiós miedos y Ansiedad! Técnicas de Exposición Explicadas: https://www.youtube.com/watch?v=deroTc_EKrk&t=273s

👉Logra reducir el miedo, rabia, tristeza con esta Visualización: https://www.youtube.com/watch?v=MzPPSO-i59M&t=366s

👉5 pasos para cambiar tus pensamientos [FUNCIONA]: https://www.youtube.com/watch?v=4pP6Ix38Un8&t=488s

👩‍💼 Empieza terapia conmigo, contáctame por WhatsApp:
https://wa.link/k1vbmg y acá te dejo toda la información: https://maggiepulido.com/contactame/

Conóceme más en: 
🌐 Mi pagina web: https://maggiepulido.com
💛  Instagram:  / https://www.instagram.com/maggiepulido.ink/ 
💜 TikTok: https://www.tiktok.com/@maggiepulido.ink

#miedoalamuerte

IMPORTANTE:
La información que te brinda Maggie Pulido, es sólo con propósitos informativos y en ningún caso sustituye o remplaza consejo, diagnóstico o tratamiento relacionado con condiciones de salud mental o física. Aunque Maggie Pulido es Psicóloga Clínica certificada en terapia cognitiva conductual la información que provee en este vídeo y otros contenidos relacionados no deben ser tomados como consejo psicológico o médico siempre consulta a tu médico o psicólogo antes de tomar una decisión relacionada con tu salud mental y/o física.",es,False,False,,
qTtG8rHMU-U,[],0,Terapia Cognitivo Conductual,"Científico
",242,242,5,Psicoterapias de Cuarta Generación: Una Nueva Forma de Abordar los Desafíos Mentales,"Las psicoterapias de cuarta generación son una nueva forma de abordar los desafíos mentales, que se enfoca en la aceptación y la atención plena, en lugar de tratar de eliminar los síntomas. En esta terapia, se enseña a los pacientes a aceptar sus pensamientos y emociones sin juzgarlos, y a vivir en el momento presente. Las psicoterapias de cuarta generación se basan en la idea de que, al aprender a aceptar y manejar los pensamientos y emociones difíciles, podemos encontrar una mayor paz y equilibrio en nuestras vidas.

Si ver mis videos te ayuda, imagina lo que podemos lograr trabajando juntos en tu caso de forma personalizada.

🎁 Estoy obsequiando una Sesión Inicial de 30 minutos para conocerte, evaluar tu situación y ver si soy el profesional indicado para acompañarte a sanar.

Da clic aquí para Reservar👉https://wa.link/aprendamospsicologia

Unete a nuestro grupo de lectura en WhatsApp: https://chat.whatsapp.com/GBFBR6r7TaG7E3sRy8kmDk",es,False,False,,
p0PP2aGfcHo,"['anthropophobia', 'anxiety']",2,Terapia Cognitivo Conductual,"Científico
",43,43,7,"Descubre qué es la antropofobia: Causas, síntomas y tratamiento 🧠#shorts  #short","¿Sufres de antropofobia o conoces a alguien que la padece? En este video, te contamos todo lo que necesitas saber sobre esta fobia poco conocida, incluyendo sus causas, síntomas y tratamientos recomendados. Descubre cómo la terapia cognitivo-conductual y la terapia de exposición pueden ayudar a superar el miedo a las situaciones sociales y cómo los medicamentos pueden controlar los síntomas de ansiedad. Aprende todo sobre la antropofobia y comparte este video con aquellos que puedan beneficiarse de esta información valiosa.",es,False,False,,
0eFlgi1W7E4,"['depressed mood', 'deficit in social skills', 'depression', 'irritability', 'depressed', 'tiredness', 'depressive', 'fatigue', 'Depression']",9,Terapia Cognitivo Conductual,"Científico
",342,342,0,¿Como se realiza la terapia para la depresión?,"¿Qué es la depresión?
 En la mayoría de casos la depresión es un círculo vicioso. Produce un enlentecimiento mental y físico que hace que todo para la persona suponga un esfuerzo y se agote fácilmente. Uno hace menos cosas y se siente culpable por esto. Y acaba creyendo que no puede hacer nada y que nunca podrá superar su estado de animo deprimido. Entonces se siente aún más deprimido y le resulta más difícil hacer cualquier cosa. Y así continuamente, la persona entra dentro de un bucle negativo.
 
¿Cómo saber si tienes depresión?
La depresión se caracteriza por la presencia de pensamientos críticos o de contenido negativo como por ejemplo:
“Soy incapaz”
“No valgo lo suficiente”
“Las cosas nunca van a mejorar”
 Los cuales son aceptados como verdaderos, sin cuestionarlos.
 
Así mismo podemos observar una falta de energía, cansancio, fatiga
Llanto sin motivo o por el contrario a la persona podría resultarle difícil llorar aún ante la ocurrencia de eventos tristes. También observamos alteraciones en el sueño, apetito, disminución del deseo sexual. La persona puede sentirse triste o pesimista incluso a pesar de que las cosas en su vida puedan ir bien. Presencia de dificultades para tomar decisiones ante temas sencillos como qué comer, cómo vestirse, etc. y problemas para concentrarse en sus actividades, también son frecuentes.
 
¿Cuáles son las causas de la depresión? 
Las teorías para explicar la depresión son diversas, no obstante las que tienen mas relevancia por los hallazgos clínicos describen que la depresión se asocia con la manera en que las personas interpretan los eventos produciendo así un estado de tristeza.
De igual forma debemos tener en cuenta que existen factores como la vulnerabilidad biológica (en algunos casos) y la vulnerabilidad psicológica a la depresión. Dentro de la primera podemos mencionar la posible contribución genética, los posibles desequilibrios de neurotransmisores (que no se sabe bien si son causa o consecuencia de la depresión) y el temperamento difícil (p.ej., inhibición ante lo desconocido, poca adaptación a los cambios, humor negativo, irritabilidad).
 Dentro de la vulnerabilidad psicológica se incluyen las características personales, asociadas a un déficit en habilidades sociales,  ira interna, problemas de asertividad, estilo de afrontamiento ineficaz, percepción de incontrolabilidad y baja autoestima.
 
¿Cuál es la mejor terapia para la depresión?
La terapia Cognitivo Conductual ha demostrado ser eficaz en el tratamiento de la depresión.
Las personas con depresión experimentan una disminución significativa en sus actividades muchas veces asociada a la falta de energía. Uno de los pasos iniciales de la terapia es la activación conductual, lo cual  implica motivarlas a hacer ejercicio, practicar algún deporte o realizar actividades que les proporcionen placer y enseñarles a darse el crédito de sus logros, para aumentar la sensación de auto eficacia.
 
Otro aspecto importante es abordar los pensamientos críticos sobre verse a sí mismos como incapaces, pensar que su vida no vale la pena o de que las cosas nunca van a mejorar. En el estado de animo deprimido las personas procesan la información de manera diferente, es decir se observa una atención selectiva hacia los estímulos negativos, rumian excesivamente las ideas depresivas, recuerdan hechos tristes con mayor frecuencia y presentan un esquema negativo sobre sí mismos y el entorno. La terapia Cognitiva se enfoca en ayudar a las personas a identificar estos procesos y poder modificar su redacción frente a ellos, haciendo uso del dialogo socrático, reestructuración cognitiva y estrategias de resolución de problemas entre otros.
 
Psicoterapia
Los terapeutas Cognitivo Conductuales pueden enseñarle a manejar su estado de animo deprimido ayudándole a identificar y modificar la atención selectiva a las ideas negativas y también modificando comportamientos problemáticos que mantienen la depresión. Así mismo, pueden ayudarlo a adquirir herramientas para afrontar de manera más efectivas los problemas de la vida diaria.
 
En Cognittiva somos especialistas en terapia para la Depresión, nuestras terapias han demostrado un alto nivel de eficacia,  por lo cual te invito a contactarte con nosotros para poder ayudarte.",es,False,False,,
x2BPJSlav9o,['traumatic'],1,Terapia Cognitivo Conductual,"Científico
",269,269,3,La Dra. Joan Kaufman habla sobre la terapia cognitivo-conductual centrada en el trauma,"En el video, la Dra. Joan Kaufman del Departamento de Psiquiatría de la Universidad de Yale discute las diferentes etapas de la terapia cognitivo-conductual centrada en el trauma, o TF-CBT, la mejor intervención basada en la evidencia para niños que tienen reacciones perjudiciales a eventos traumáticos. Una idea clave, dice, es que los cuidadores y los niños deben trabajar juntos, y que una comunicación y comprensión claras pueden marcar la diferencia.

Traducción realizada con la versión gratuita del traductor www.DeepL.com/Translator",es,False,False,,
z3ccrVQoKAQ,[],0,Terapia Cognitivo Conductual,"Científico
",3424,3424,5,¿Qué es el esquema de AISLAMIENTO SOCIAL? | Terapia de Esquemas de Mexico,"¿Qué es el esquema de AISLAMIENTO SOCIAL? | Terapia de Esquemas de Mexico

Síguenos en nuestras Redes Sociales 

IG: https://www.instagram.com/terapiadeesquemas/
FB: https://www.facebook.com/Terapiadeesquemas
WEBhttps://www.imte.mx/",es,True,True,2023-05-15T00:45:15Z,2023-05-15T01:43:18Z
yqVqvxi8dnI,['WEB'],1,Terapia Cognitivo Conductual,"Pseudocientífico
",4548,4548,6,Protocolo de trabajo con ADULTO SANO | Terapia de Esquemas de Mexico,"Protocolo de trabajo con ADULTO SANO | Terapia de Esquemas de Mexico

Síguenos en nuestras Redes Sociales 

IG: https://www.instagram.com/terapiadeesquemas/
FB: https://www.facebook.com/Terapiadeesquemas
WEBhttps://www.imte.mx/",pt,True,True,2023-03-27T01:45:07Z,2023-03-27T03:01:54Z
AA0FfMGR74E,"['depression', 'anxiety']",2,Terapia Cognitivo Conductual,"Científico
",370,370,27,como eliminar los pensamientos negativos,"Cognitive Distortions: https://www.verywellmind.com/ten-cognitive-distortions-identified-in-cbt-22412

Subtítulos en ruso e ingles",es,False,False,,
PeiEh9DbYq4,"['hypothyroidism', 'Anxiety', 'anxiety']",3,Terapia Cognitivo Conductual,"Pseudocientífico
",422,422,1,,,,False,False,,
pJBCXtuahdA,[],0,Terapia Cognitivo Conductual,"Científico
",2363,2363,1,Terapia Cognitivo-conductual: Actividades (3/4),"To protect participants' identity, the discussion segments have been edited out.

BRIGHT Manuals-- see Actividades manual to help you follow the presentation. 
https://latinomentalhealth.ucsf.edu/bright-manuals


Full Training
Terapia Cognitivo-conductual: Introduccion (1/4): https://youtu.be/Rw3ERsqAPAM
Terapia Cognitivo-conductual: Pensamientos  (2/4): https://youtu.be/autzVY4256Q
Terapia Cognitivo-conductual: Actividades  (3/4): https://youtu.be/pJBCXtuahdA
Terapia Cognitivo-conductual: Personas  (4/4): https://youtu.be/qKKZg-wjkag",en,False,False,,
okCdJbwhOTc,"['Bipolar Disorder', 'Psychiatric']",2,Terapia Cognitivo Conductual,"Científico
",385,385,12,Trastorno Bipolar. Psicoeducación,"Puedes obtener más información sobre el TB, suscribiéndote al canal 
https://www.youtube.com/@UC8f3sV-aAQF6uPvLIByTYIg 

La psicoeducación consiste a rasgos muy generales en informarse sobre la enfermedad, a reconocer las señales de alerta, para saber como actuar ante cualquier cambio en nuestro estado de ánimo y a tomar consciencia de hábitos saludables, que nos ayudaran a convivir mejor con ella.

Puedes  mirar también:
👉¿Qué es el Trastorno Bipolar?:   
 https://youtu.be/DbWFPs5VmLs
👉Tratamiento psiquiátrico:   
https://youtu.be/G3B1_DdliUY
👉Tratamiento psicológico:   
https://youtu.be/QuWbEpbXRXU
 
Si deseas compartir con otras personas tu experiencia, en relación con el TAB, lo puedes hacer en el grupo de WhatsApp, Realidad Bipolar. Serás bienvenido y bienvenida. 
https://www.realidadbipolar.es/2019/11/normas-grupo-de-whatsapp/",es,False,False,,
izlUhMbXu7Q,[],0,Terapia Cognitivo Conductual,"Científico
",272,272,0,Video 3 - Estabelecendo a Agenda (Aprendendo a Terapia Cognitivo Comportamental),"Video 3 - Estabelecendo a Agenda 
Dra Spurgeon e Rose 

LIVRO - Aprendendo a Terapia Cognitivo Comportamental - Um Guia Ilustrado
Jesse H. Wright, Monica R. Basco, Michael E. Thase

Psicologia Clínica
Abordagem: Terapia Cognitivo Comportamental",pt,True,True,2021-10-13T20:32:58Z,2021-10-13T20:39:31Z
ns2_pwWyqPc,"['ASD, attention deficit hyperactivity disorder', 'Autism', 'ADHD', 'ASD, gastrointestinal warning signs in ASD']",4,Terapia Cognitivo Conductual,"Científico
",4288,4288,9,Bases para una Intervención Conductual: Dr Diego Reza,Bases para una Intervención Conductual: Dr Diego Reza.,es,False,False,,
qEF9VSdbF1c,"['depression', 'phobias', 'ADHD', 'obsessive-compulsive disorder', 'panic', 'eating disorders', 'anxiety']",7,Terapia Cognitivo Conductual,"Científico
",27,27,11,Temos de 60 a 70 mil pensamentos por dia - Terapia Cognitivo-Comportamental,"Atendimento Online. Psicóloga Cognitivo-Comportamental e Facilitadora de Pathwork: Flavia Krahenhofer CRP 12.11491. Vídeo sobre os pensamentos automáticos!

Insta: @psicologa_online.flaviakrahe

Acesse meu site para se inscrever: http://www.psicognitiva.com.br
Para entrevista de atendimento virtual, envie e-mail: flaviakrahe@hotmail.com
 facebook: https://www.facebook.com/terapia Cognitivo-comportamental Online

Blog: http://terapiacognitivocomportamental...

Artigos diversos sobre problemas emocionais como depressão, pânico, fobias, ansiedade generalizada, transtorno obsessivo compulsivo, TDAH, problemas de relacionamento, distúrbios alimentares, etc., tratados com eficácia pela linha cognitivo-comportamental


http://terapiacognitivocomportamental...",pt,False,False,,
QrEGCQbgM4E,[],0,Terapia Cognitivo Conductual,"Científico
",1735,1735,11,Psicología cognitivo conductual #inside #psicología #terapia #bienestar #tcc,"La psicología cognitivo-conductual, también conocida como TCC, es una de las corrientes terapéuticas más influyentes y ampliamente utilizadas en el campo de la psicología clínica. Esta disciplina se centra en la comprensión y modificación de los patrones de pensamiento y comportamiento que contribuyen al malestar psicológico y los trastornos mentales. Al integrar principios de la psicología cognitiva y la teoría del aprendizaje, la TCC ofrece un enfoque práctico y orientado a objetivos para abordar una amplia gama de problemas psicológicos.

En esta introducción, exploraremos los fundamentos, aplicaciones y perspectivas futuras de la psicología cognitivo-conductual. Desde sus orígenes históricos hasta sus avances tecnológicos más recientes, la TCC continúa evolucionando para adaptarse a las necesidades cambiantes de la sociedad y ofrecer intervenciones efectivas para mejorar el bienestar psicológico. A lo largo de este viaje, descubriremos cómo la TCC ha revolucionado la práctica clínica, transformando la forma en que entendemos y tratamos los trastornos mentales. ¡Acompáñanos en este fascinante viaje por la psicología cognitivo-conductual!

si estás pasando por una situación como esta o conoces a alguien que lo está experimentando, este video es para ti. Únete a nuestra comunidad de apoyo y descubre que hay luz al final del túnel. Recuerda, mereces amor y felicidad en tu vida.

#desarrollopersonal #relaciones #crecimientopersonal #balance #bienestaremocional #plenitud  #amorpropio #felicidad #autorealizacion #plenitud #saludmental #mentalhealth #autoayuda  #consejosdevida #reflexiones #inside #mente 

¡Suscríbete ahora y déjanos ser tu guía en el camino hacia la sanación y la renovación después del desamor!

suscríbete a todas nuestras redes sociales:
https://www.youtube.com/@Psicologia.Inside
https://www.youtube.com/@PsychologyInside-lc4be
instagram.com/psicologia.inside
tiktok.com/@psicologia.inside
facebook.com/profile.php?id=61550564452205",es,False,False,,
b9PIGTTPkmQ,[],0,Terapia Cognitivo Conductual,"Irrelevante
",2501,2501,20,Los tres niveles de la conceptualización cognitiva en Terapia Cognitivo Conductual,,es,False,False,,
0J78OOwBBC8,[],0,Terapia Cognitivo Conductual,"Pseudocientífico
",520,520,4,Nova Ferramenta para Terapia Cognitiva - 2014,"https://www.facebook.com/TERAPIADOEQUILIBRIO

Terapia desenvolvida pelo Terapeuta Corporal Junior Marcos em 2014 chama a atenção da área da saúde, e tem como objetivo o estímulo cognitivo e da neuroplasticidade. 

Therapy developed by Body Therapist Junior Marcos in 2014 draws attention of health, and aims to cognitive stimulation and neuroplasticity.

Skype: terapiadoequilibrio 
coachcorporal@gmail.com
Tel:(+55) 14-981737272",pt,False,False,,
k-5-wOJzv0w,[],0,Terapia Cognitivo Conductual,"Científico
",226,226,0,Raquel – Profesora de Psicología | Psychology Professor,"Como profesora de psicología, Raquel estudia al cerebro para mejorar nuestro entendimiento sobre cómo tomamos decisiones. Ella también aborda la importancia de la terapia cognitiva conductual, una práctica que ayuda a las personas a replantearse la forma en que piensan y le permite al cerebro crear nuevos patrones y conexiones.
---
As a psychology professor, Raquel studies the brain to better understand why we make the decisions we do. She also addresses the importance of cognitive behavioral therapy, a practice that helps people reframe how they think and allows the brain to create new patterns and connections.",es,False,False,,
wMjj9WbMrPw,"['Anxiety', 'Depression']",2,Terapia Cognitivo Conductual,"Científico
",1270,1270,10,Terapia cognitivo conductual en acción  |  Curso para manejar la ansiedad y depresión,"Bienvenido al tercer video de nuestro curso de terapia cognitivo conductual, ""Reentrena tu mente: Aprende a manejar la ansiedad y depresión en 7 semanas"".

📚 Libro de Seth Gillihan: https://a.co/d/0bv6Jlzg
📝 Curso completo: https://youtube.com/playlist?list=PLwuR91rPKsBH0wyq5AlPa0SLWMR8ZjVWh&si=cifj-QHx4C2ARbYJ

🕰️ Secciones
00:00 Introducción
01:38 El triángulo ""pensamientos-emociones-conductas""
09:43 TCC en acción
20:10 Conclusión

Instagram: https://www.instagram.com/sati.bienestar

#saludmental #psicología  #terapiacognitivoconductual",es,False,False,,
